标题,地区,位置,类型,均价/平方米每元,室厅数,面积,总价,是否是人车分流,是否是品牌房企,是否是车位充足,是否是国央企,是否是绿化率高,是否是低总价,是否是佛山楼盘,是否是低单价,是否是小型社区,是否是近地铁,是否是大型社区,是否是地铁沿线
保利南沙天汇,南沙,黄阁,在售,15000,"2室, 3室, 4室",106.5,227.5,0,0,1,0,1,0,0,1,0,0,0,0
保利招商华发中央公馆,黄埔,黄埔区府,在售,45000,"2室, 3室",120.0,465.0,1,1,0,1,1,0,0,0,0,0,0,0
中建海丝城,黄埔,文冲,在售,34000,"3室, 4室",97.5,330.0,1,1,0,1,1,0,0,0,0,0,0,0
中建·星光城,白云,石井,在售,26000,"3室, 4室",84.5,217.5,1,0,0,0,1,1,0,1,0,0,0,0
星河·盛世锦城,番禺,雅居乐,在售,37000,"3室, 4室",117.0,408.0,0,1,1,0,0,0,0,0,0,1,0,0
合生中央城（住宅）,黄埔,香雪,在售,30000,"2室, 3室, 4室",127.0,402.5,1,0,0,0,1,1,0,0,0,0,0,0
景业东湖洲豪园,南沙,南沙湾,在售,26000,3室,108.0,325.0,0,0,1,0,0,0,0,0,0,0,0,0
南沙珠江湾,南沙,南沙湾,在售,30000,"3室, 4室",108.0,318.0,1,1,0,0,0,0,0,0,0,0,1,0
碧桂园云顶,增城,凤凰城,在售,14000,"3室, 4室",147.5,163.5,1,1,1,0,0,0,0,0,0,0,0,0
新世界凯粤湾,荔湾,滘口,在售,43000,"3室, 4室",114.0,585.0,1,1,0,0,1,0,0,0,0,0,0,0
东方名都,增城,白江,在售,19000,"2室, 3室, 4室",91.0,274.0,1,0,0,0,1,0,0,0,0,0,0,0
广州敏捷绿湖首府,增城,石滩镇,在售,8500,2室,97.0,79.0,1,0,1,0,0,1,0,1,0,0,0,0
顺欣花园,增城,新塘北,在售,14800,"2室, 3室, 4室",109.0,175.15,1,0,0,0,0,0,0,0,0,0,1,1
新鸿基御华园,花都,狮岭镇,在售,15000,"2室, 3室",93.0,134.0,1,0,0,0,0,1,0,1,0,0,1,0
雍晟岭南雅苑,从化,江浦街,在售,16000,"3室, 4室",89.0,145.0,1,1,0,0,1,0,0,0,0,0,0,0
卓粤卓雅名苑,花都,花城街,在售,14500,"2室, 3室, 4室",101.0,155.0,0,0,1,0,1,1,0,1,0,0,0,0
万科幸福誉1期,黄埔,知识城,在售,31000,4室,116.0,550.0,0,1,1,1,1,0,0,0,0,0,0,0
科城山庄峻森园,黄埔,科学城,待售,41000,"3室, 4室",124.0,600.0,0,0,0,0,0,0,0,0,0,1,1,1
珠江国际城,从化,神岗镇,在售,8500,"3室, 4室",139.5,196.5,0,0,1,0,1,1,0,1,0,0,0,0
富雅都市华庭,增城,新塘北,在售,15600,"1室, 3室, 4室",77.0,142.5,1,0,0,0,0,0,0,0,0,0,1,0
珠光山水御苑,从化,江浦街,在售,8000,4室,156.0,175.0,0,0,1,0,1,0,0,1,0,0,0,0
致岭假日花园,花都,狮岭镇,在售,13000,"3室, 4室",102.5,162.5,0,0,1,0,1,1,0,1,0,0,0,0
尚东阳光雅苑,增城,沙村,在售,14000,"1室, 2室, 3室",96.0,125.0,1,1,0,0,1,0,0,0,0,0,0,0
荔富湖畔,增城,朱村,在售,14000,"3室, 4室",136.0,188.5,0,1,1,0,1,0,0,0,0,0,0,0
南沙金茂湾,南沙,明珠湾,在售,16000,1室,184.0,455.0,0,1,1,1,0,0,0,0,0,0,1,0
湾际·滨江,南沙,进港大道,在售,26000,"3室, 5室, 6室",130.5,265.0,1,1,0,0,0,1,0,0,0,0,1,0
海珠湖景峰,海珠,南洲,在售,45000,"2室, 3室",101.0,340.0,0,0,1,0,1,1,0,0,0,0,0,0
臻尚苑,番禺,广州南站,在售,28000,"2室, 3室",107.0,376.0,1,0,0,0,1,1,0,1,0,0,0,0
合汇·中央广场,增城,荔城中区,在售,21000,"2室, 3室, 5室",126.0,420.5,1,1,0,0,0,0,0,0,0,0,1,0
大城云山,从化,太平镇,在售,13000,3室,131.5,250.0,0,0,0,0,1,0,0,0,0,0,0,0
珠江源昌花园,南沙,横沥,在售,20000,"3室, 4室",101.0,242.5,1,0,0,0,1,1,0,1,0,0,0,0
惠百氏广场,增城,白江,在售,15000,"2室, 3室",102.5,182.5,1,0,0,0,0,0,0,0,0,1,1,0
仁安花园,增城,朱村,在售,11000,"2室, 3室",86.5,105.0,1,0,0,0,1,1,0,1,0,0,0,0
紫泉流溪湾,从化,太平镇,在售,16000,"3室, 4室",145.5,195.0,0,0,1,0,1,0,0,0,0,0,0,0
中泰天境,黄埔,知识城,在售,23000,4室,130.0,300.0,0,0,1,0,1,1,0,1,0,0,0,0
嘉御豪庭,增城,石滩镇,在售,12600,"2室, 3室, 4室",100.0,133.5,1,0,0,0,0,0,0,1,0,0,1,0
合景誉山国际,增城,永宁,在售,10000,3室,108.0,80.0,1,0,0,0,1,1,0,1,0,0,0,0
凯德·中新里,黄埔,知识城,在售,21000,"2室, 3室, 4室",108.0,217.5,0,0,1,0,1,1,0,1,0,0,0,0
顺丰翠园,白云,石井,在售,25000,"3室, 4室",126.0,317.5,0,0,1,0,1,1,0,1,0,0,0,0
中海亚运城,番禺,亚运城,在售,25000,"2室, 3室, 4室",168.5,450.0,1,0,0,0,1,1,0,1,0,0,0,0
华标峰湖御境,黄埔,科学城,在售,57000,"4室, 8室, 9室",488.0,2520.0,0,0,1,0,0,0,0,0,0,0,0,0
南沙珠江湾,南沙,南沙湾,在售,9000,"1室, 2室, 3室",67.0,67.5,1,0,0,0,0,1,0,1,0,0,1,0
尚上名筑,番禺,亚运城,在售,24000,"2室, 3室",107.5,285.0,1,0,0,0,1,1,0,1,0,0,0,0
金泽豪庭,增城,白江,在售,15200,"3室, 4室",87.0,174.5,1,0,0,0,0,0,0,0,0,1,1,1
金融街花溪小镇,花都,花东镇,在售,10000,"1室, 2室, 3室",101.5,127.5,0,0,1,0,1,1,0,1,0,0,0,0
华海·悦湾,南沙,南沙港,在售,17500,"2室, 3室",98.5,175.0,1,0,1,0,0,1,0,1,0,0,0,0
越秀星汇海珠湾,海珠,工业大道中,在售,30000,"3室, 4室, 5室",128.0,525.0,1,1,0,1,1,0,0,0,0,0,0,0
金时花园,增城,荔城增江,在售,9300,"2室, 3室, 4室",112.0,104.5,1,0,1,0,0,1,0,1,0,0,0,0
石滩第一城,增城,石滩镇,在售,12000,3室,110.5,157.5,1,0,1,0,0,1,0,1,0,0,0,0
雅宝新城,花都,秀全街,在售,16800,3室,147.5,199.5,0,0,1,0,1,1,0,0,0,0,0,0
山璟轩,增城,新塘南,在售,19500,3室,74.5,122.5,0,0,0,0,0,0,0,0,1,0,0,1
汇港威华雅苑,增城,朱村,在售,12000,3室,99.0,136.0,1,0,1,0,0,1,0,1,0,0,0,0
源海仙村一号,增城,石滩镇,在售,12500,"2室, 3室",107.5,175.0,1,0,1,0,0,0,0,1,0,0,0,0
元邦山清水秀,花都,狮岭镇,在售,8500,"3室, 4室",115.5,119.5,0,0,0,0,1,1,0,1,0,0,0,0
三江盛汇,增城,石滩镇,待售,12000,"3室, 4室",127.5,154.0,0,0,0,0,1,0,0,1,0,0,0,0
合和新城,花都,镜湖大道,在售,19000,"2室, 3室, 4室",141.0,318.5,0,0,1,0,0,0,0,0,0,1,1,1
南沙湾御苑,南沙,南沙港,在售,22000,4室,179.0,600.0,0,0,1,0,0,0,0,1,0,0,0,0
叠溪花园,增城,朱村,在售,10500,3室,101.5,109.0,1,0,1,0,0,1,0,1,0,0,0,0
大宏锦绣,南沙,南沙湾,在售,25000,"3室, 4室",132.5,335.0,1,0,1,0,0,0,0,0,0,1,0,0
绿地珑玥府,增城,荔城增江,在售,17000,"3室, 4室",118.0,209.0,1,1,1,1,0,0,0,0,0,0,0,0
中交汇通中心,南沙,明珠湾,在售,38000,"3室, 4室",108.0,400.0,1,1,1,1,0,0,0,0,0,0,0,0
合生湖山国际,增城,凤凰城,在售,16000,"2室, 3室, 4室",107.5,178.5,0,1,0,0,0,0,0,0,0,0,1,0
嘉东广场,从化,旺城片区,在售,12000,"2室, 3室",104.0,125.5,1,0,0,0,1,0,0,0,0,0,0,0
合景誉山国际,增城,永宁,在售,8500,2室,40.5,43.0,1,1,0,0,1,0,0,0,0,0,0,0
都湖国际,花都,旧区,在售,28000,"3室, 5室",164.5,679.0,0,1,1,0,1,0,0,0,0,0,0,1
东江逸珑湾,增城,新塘南,在售,21000,"3室, 4室",125.5,305.0,1,1,0,0,0,0,0,0,0,0,1,0
敏捷尚品国际,南沙,进港大道,在售,9000,2室,75.0,57.0,0,1,0,0,0,1,0,1,0,0,1,0
珠江花城,天河,黄村,在售,50000,"3室, 4室, 5室",108.0,650.0,1,1,0,1,1,0,0,0,0,0,0,0
保利金沙大都汇,白云,金沙洲,在售,60000,"3室, 4室",108.0,700.0,1,0,1,1,0,1,0,0,0,0,0,0
花悦台,花都,狮岭镇,在售,9000,3室,88.0,80.5,1,0,0,0,0,1,0,1,1,0,0,0
星图TOD,增城,新塘北,在售,21000,"1室, 2室, 3室",106.5,306.0,1,1,1,1,0,0,0,0,0,0,0,0
中洲公馆,番禺,市桥,在售,35000,"3室, 4室",63.0,147.0,0,1,1,0,1,0,0,0,0,0,0,0
美的云筑,南沙,鱼窝头,在售,21000,"3室, 4室",105.0,230.0,0,0,1,0,1,1,0,1,0,0,0,0
祈福万景峰,花都,铁路西,在售,15900,"2室, 3室, 4室",101.5,141.5,1,0,0,0,0,1,0,0,0,0,1,0
侨建御溪谷北区,增城,中新镇,在售,21500,4室,285.0,613.0,0,0,1,0,1,0,0,0,0,1,0,0
天睿,番禺,会江,在售,22000,"2室, 3室, 4室",114.0,702.5,1,0,0,0,1,0,0,0,0,0,0,0
珠江铂世湾,番禺,雅居乐,在售,38000,"3室, 4室",121.5,440.0,0,0,1,0,1,1,0,0,0,0,0,0
汇金国际金融中心,天河,金融城,在售,43000,"3室, 4室",108.0,800.0,1,1,1,1,0,0,0,0,0,0,0,0
汇金国际金融中心,天河,金融城,在售,43000,"3室, 4室",108.0,800.0,0,1,1,1,0,0,0,0,0,0,1,0
保利金沙大都汇,白云,金沙洲,在售,20000,2室,36.0,110.5,1,1,0,1,0,0,0,0,0,0,1,0
中交汇通中心,南沙,明珠湾,在售,22000,1室,75.5,135.5,1,0,0,1,0,1,0,0,0,0,1,0
香江天赋,增城,凤凰城,在售,27000,"4室, 5室",146.0,280.0,1,1,1,0,0,0,0,0,0,0,0,0
广州钢铁博汇,黄埔,开发西区,待售,32000,"3室, 4室",108.0,345.0,0,1,0,1,0,0,0,0,0,0,1,0
建发央玺,白云,石井,在售,40000,5室,147.0,800.0,1,1,1,1,0,0,0,0,0,0,0,0
首创碧桂园悦山府,增城,荔城增江,在售,11000,"3室, 4室",105.5,122.5,0,0,1,0,1,1,0,1,0,0,0,0
沁园,黄埔,香雪,在售,57000,"5室, 6室",268.5,1650.0,0,0,1,0,1,0,0,0,0,0,0,0
仟信广场,从化,河滨北路,在售,12500,3室,129.0,195.0,0,0,1,0,1,0,0,0,0,1,0,0
中冶·逸璟台,黄埔,科学城,在售,50000,"2室, 5室",154.0,752.5,0,1,1,1,1,0,0,0,0,0,0,0
康大龙祥汇,黄埔,知识城,在售,40000,"2室, 3室, 4室",140.0,465.0,0,0,1,1,1,0,0,0,0,0,0,0
保利时代,从化,江浦街,在售,12500,"2室, 3室",87.0,123.0,0,0,1,1,1,1,0,0,0,0,0,0
中国中铁·诺德名著,增城,荔城西区,在售,18000,"3室, 4室",113.0,200.0,1,1,1,1,0,0,0,0,0,0,0,0
岭南V谷,荔湾,菊树,在售,20000,"3室, 4室",108.0,150.0,1,1,0,1,0,0,0,0,0,0,1,0
岭南V谷,荔湾,菊树,在售,21000,"1室, 2室",50.0,110.0,1,0,0,0,1,1,0,1,0,0,0,0
百花山庄,增城,荔城西区,在售,18000,"3室, 4室",175.0,315.0,0,0,1,0,1,0,0,0,0,0,0,0
保利中海金地·大国璟,增城,荔城西区,在售,13000,"3室, 4室",98.5,165.0,0,0,1,0,0,1,0,1,0,0,1,0
时代绿庭山语,南沙,大岗镇,待售,21000,"2室, 3室",81.5,227.5,1,0,0,0,1,1,0,1,0,0,0,0
广地花园,番禺,星河湾,在售,27000,"2室, 3室, 4室",120.5,405.0,0,0,1,0,0,1,0,1,0,0,0,0
天健云山府,白云,白云大道南,在售,60000,"3室, 4室",108.0,350.0,1,1,1,1,0,0,0,0,0,0,0,0
越秀星汇海珠湾204地块滨水独栋商业,海珠,工业大道中,在售,62000,"3室, 4室",108.0,4050.0,0,1,0,1,0,0,0,0,0,1,1,0
星悦轩,白云,马务,在售,31000,3室,92.0,322.0,1,0,1,0,0,1,0,0,0,0,0,1
中海熙园,南沙,东涌,在售,48000,"4室, 5室",109.5,640.0,0,0,0,1,1,0,0,0,0,0,0,0
保利国际金融中心（花都）,花都,花城街,在售,18000,1室,347.0,625.0,1,1,1,1,0,0,0,0,0,0,0,0
华润置地润悦,增城,荔城西区,在售,12500,"3室, 4室",110.0,192.5,1,0,1,0,0,1,0,1,0,0,0,0
广州敏捷绿湖首府,增城,石滩镇,在售,25000,1室,338.0,400.0,1,1,0,0,0,0,0,0,0,0,1,0
时代绿庭山语,南沙,大岗镇,待售,25000,"3室, 4室",108.0,200.0,1,1,1,0,0,0,0,0,0,0,0,0
源海仙村一号,增城,石滩镇,在售,20000,"3室, 4室",108.0,280.0,1,0,1,0,0,0,0,0,0,0,0,0
阳光城兰园翡澜花园,花都,新区,在售,21000,"3室, 4室",106.0,250.0,0,1,1,0,1,0,0,0,0,1,0,0
金时花园,增城,荔城增江,在售,14000,1室,103.5,150.5,1,1,1,0,0,0,0,0,0,0,0,0
招商金茂保利和府,从化,旧城区,在售,13500,"3室, 4室",94.0,152.5,1,1,0,1,1,0,0,0,0,0,0,0
合景朗云花园,白云,夏茅,在售,30000,4室,106.0,345.0,0,0,1,0,1,1,0,1,0,0,0,0
伟腾云星,白云,黄边,在售,38000,"2室, 3室",106.0,410.0,0,0,1,0,1,1,0,0,0,0,0,0
得天和苑,增城,永宁,在售,12500,"3室, 4室",104.5,135.0,1,0,1,0,0,1,0,1,0,0,0,0
尊悦台,南沙,大岗镇,在售,14500,"2室, 3室",102.5,135.0,1,0,1,0,0,1,0,1,0,0,0,0
颐德湾尚,南沙,明珠湾,在售,30000,"3室, 4室",203.5,585.0,0,1,1,1,1,0,0,0,0,0,0,0
嘉河湾8号,花都,铁路西,在售,13000,"2室, 3室",122.5,212.5,0,0,1,0,1,1,0,1,0,0,0,0
品秀·星瀚,番禺,广州南站,在售,31000,"2室, 3室, 4室",94.0,340.0,1,0,1,1,0,1,0,0,0,0,0,0
嘉华广场,花都,镜湖大道,在售,13000,1室,50.0,72.5,1,0,1,0,0,0,0,0,0,1,0,1
天马河·名荟,花都,铁路西,在售,14500,"1室, 2室",63.0,71.5,0,0,0,0,0,1,0,1,1,0,0,0
富城华庭,增城,荔城增江,在售,9500,"2室, 3室, 4室",127.5,127.0,1,0,1,0,0,1,0,1,0,0,0,0
中铁诺德·阅泷,白云,江高镇,在售,18000,"2室, 3室, 4室",104.0,196.0,1,0,1,0,0,1,0,1,0,0,0,0
品实·云湖花城,白云,石井,在售,33000,"3室, 4室, 5室",105.5,346.0,1,0,0,1,1,1,0,0,0,0,0,0
港航中心,黄埔,鱼珠,在售,40000,"2室, 3室",99.0,445.5,1,1,0,1,1,0,0,0,0,0,0,0
时代印记,黄埔,知识城,在售,18000,"3室, 4室",111.5,200.0,1,0,0,0,1,1,0,1,0,0,0,0
珠光金融城壹号,天河,东圃,在售,5000,"3室, 4室",246.5,3850.0,1,1,1,0,0,0,0,1,0,0,0,0
凯德凯荔花园,增城,荔城西区,在售,15500,"3室, 4室",110.0,182.5,1,1,1,0,0,0,0,0,0,0,0,0
越秀逸泉锦翠,从化,江浦街,在售,9500,"3室, 4室",81.5,92.0,1,0,0,0,1,1,0,1,0,0,0,0
中国铁建海语熙岸,南沙,南沙区府,在售,30000,"3室, 4室, 5室",174.5,499.0,0,1,1,1,1,0,0,0,0,0,0,0
富力新城,黄埔,开发东区,在售,25000,"2室, 3室, 4室",96.5,240.0,1,0,0,0,1,1,0,1,0,0,0,0
天河云商汇,天河,智慧城,在售,29000,"1室, 3室",45.0,210.0,1,0,0,0,0,1,0,0,0,0,0,0
加富花园,番禺,石碁,在售,22000,"2室, 3室",84.5,224.0,1,0,0,0,0,1,0,1,0,0,0,0
龙光天瀛,番禺,市桥,在售,26000,"2室, 3室, 4室",132.0,569.0,0,0,1,0,1,1,0,1,0,0,0,0
远洋芙蓉墅,花都,狮岭镇,在售,10000,1室,104.0,59.0,0,0,1,0,1,1,0,1,0,0,0,0
天颐华府,番禺,市桥北,在售,65000,"3室, 4室",262.0,2000.0,0,0,1,0,1,0,0,0,0,0,0,0
广州院子,增城,荔城增江,在售,7800,"3室, 4室",117.5,96.0,1,0,1,0,0,1,0,1,0,0,0,0
时代倾城（中新）,增城,中新镇,在售,13000,3室,107.5,130.5,1,1,0,0,0,0,0,1,0,0,1,0
电建地产·洺悦玉府,番禺,市桥,在售,22000,"3室, 4室",115.0,252.5,1,0,1,0,0,1,0,1,0,0,0,0
五矿壹云台,黄埔,科学城,在售,34000,"3室, 4室",122.5,460.0,0,1,1,1,1,0,0,0,0,0,0,0
广州万科城,增城,永宁,在售,10000,"3室, 4室",89.0,104.5,1,0,1,0,0,1,0,1,0,0,0,0
凯德山海连城二期,番禺,莲花山,在售,24000,"3室, 4室",148.0,657.5,0,0,1,0,1,1,0,1,0,0,0,0
星河东悦湾,南沙,黄阁,在售,32000,"3室, 4室",146.5,556.0,1,1,1,0,0,0,0,0,0,0,0,0
金湖花园,白云,沙太北,在售,45000,"3室, 4室, 5室",120.5,555.0,0,0,0,0,1,0,0,0,0,0,0,0
合锦嘉泓·天宇花园,南沙,金洲,在售,17000,"3室, 4室",152.5,210.0,1,0,1,0,0,1,0,1,0,0,0,0
中交汇通中心,南沙,明珠湾,在售,23000,"3室, 4室",108.0,400.0,1,1,0,1,0,0,0,0,0,0,1,0
信达·珺悦蓝庭,花都,炭步,在售,11000,"3室, 4室",95.5,99.0,1,0,1,0,0,1,0,1,0,0,0,0
增城中国铁建国际公馆,增城,中新镇,在售,11500,4室,111.0,189.0,1,0,1,0,0,1,0,1,0,0,0,0
越秀华发·悦见星城,增城,中新镇,在售,7200,"3室, 4室",89.5,70.5,1,0,1,0,0,1,0,1,0,0,0,0
珠江·花屿花城,增城,永宁,在售,11000,4室,87.5,105.5,1,0,1,0,0,1,0,1,0,0,0,0
御溪世家,增城,中新镇,在售,13000,"2室, 3室",86.0,100.0,1,0,1,0,0,1,0,1,0,0,0,0
兰亭香麓,增城,荔城富鹏,在售,11800,3室,99.5,140.0,1,0,1,0,0,1,0,1,0,0,0,0
东建·明德城,禅城,祖庙,在售,22500,"3室, 4室",128.0,370.0,1,1,0,0,0,0,1,0,0,0,1,0
滨江金茂悦,南海,罗村,在售,11000,4室,115.5,207.5,0,0,0,0,1,0,1,1,0,0,0,0
佳兆业·广雅院,南海,平洲,在售,20000,"3室, 4室",104.5,240.0,1,1,0,0,0,0,1,0,0,0,1,0
经纬凯旋世家,鹤山市,鹤山市,在售,6500,"3室, 4室",115.0,81.5,1,0,0,0,0,0,0,0,0,0,1,0
轩隆雅园,三水,北江新区,在售,9800,"2室, 3室",99.0,97.5,1,0,0,0,0,1,1,0,0,0,0,0
五矿万境水岸,顺德,大良新区,在售,18500,"3室, 4室",167.5,440.0,0,0,1,1,1,0,1,0,0,0,0,0
保利中海金地·大国璟,增城,荔城西区,待售,22000,"3室, 4室",108.0,100.0,1,1,1,1,0,0,0,0,0,0,0,0
卓越晴翠府,番禺,桥南,在售,28000,"2室, 3室, 4室",103.0,292.5,1,0,1,0,0,1,0,1,0,0,0,0
保利锦绣公馆,白云,南湖,待售,21000,"3室, 4室",41.5,90.0,1,1,0,1,1,0,0,0,0,0,0,0
招商电建南国·雍云邸,白云,石井,在售,25000,"3室, 4室",83.5,210.0,1,0,0,1,1,0,0,1,0,0,0,0
耀胜新世界广场·耀胜尊府,番禺,汉溪长隆,在售,65000,"3室, 4室, 5室",104.5,615.0,1,1,1,0,0,0,0,0,0,0,0,0
首铸·铂瑞云湾,番禺,石楼,在售,24000,"3室, 4室",120.0,345.0,0,0,1,0,1,1,0,1,0,0,0,0
越秀星耀TOD,增城,新塘北,在售,20000,"3室, 4室",112.5,225.0,1,0,1,0,0,0,0,0,0,1,0,1
广州城投·禧悦府,增城,凤凰城,在售,21000,"2室, 3室, 4室",117.5,337.5,1,1,1,1,0,0,0,0,0,0,0,0
华润置地金沙瑞府,白云,金沙洲,在售,35000,4室,143.0,495.0,0,0,0,1,1,0,0,0,0,0,0,0
建发明珠湾玺,南沙,明珠湾,在售,31000,4室,115.0,450.0,1,1,1,1,0,0,0,0,0,0,0,0
深业颐泽府,南沙,明珠湾,在售,37000,"4室, 5室",180.0,670.0,0,0,1,1,1,0,0,0,0,0,0,0
华宇·锦绣云赋,从化,旧城区,在售,15000,"3室, 4室",92.5,136.5,1,1,0,0,1,0,0,0,0,0,0,0
金地·云上,增城,中新镇,在售,11000,2室,82.0,112.5,1,0,0,0,0,1,0,1,0,0,1,0
悦辰壹号,黄埔,知识城,在售,24000,"3室, 4室",128.5,255.0,1,0,1,0,0,1,0,1,0,0,0,0
国科众安江屿大观,番禺,市桥,在售,16800,"2室, 3室, 4室",117.0,332.5,1,1,1,0,0,0,0,0,0,0,0,0
振业学府里,增城,白江,在售,13500,"3室, 4室",91.0,127.5,1,0,0,1,0,1,0,0,1,0,0,0
越秀联投知识城·居山涧,黄埔,知识城,在售,46000,4室,165.0,850.0,0,0,0,1,1,0,0,0,0,0,0,0
中洲紫轩,黄埔,鱼珠,在售,50000,"3室, 4室, 5室",126.0,685.0,1,1,1,0,0,0,0,0,0,1,0,0
万科黄埔新城,黄埔,南岗,在售,33000,"3室, 4室",109.0,367.5,1,0,0,1,1,1,0,0,0,0,0,0
广州城投领南府,番禺,广州南站,在售,32000,"2室, 3室",120.5,402.0,0,0,1,1,1,1,0,0,0,0,0,0
云裳峯尚,白云,同和,在售,55000,"3室, 4室",105.5,681.0,1,1,1,0,0,0,0,0,0,0,0,0
金科景业·雍景园,增城,中新镇,待售,24500,1室,61.0,97.5,1,1,1,0,0,1,0,0,0,0,0,0
保利天汇,天河,黄村,在售,55000,1室,112.0,616.0,1,1,1,1,0,0,0,0,0,0,0,0
越秀·大学·星汇城,番禺,国际创新城,在售,38000,"3室, 4室, 5室",106.5,437.5,0,0,1,1,1,1,0,0,0,0,0,0
保利珑悦,增城,永宁,在售,12000,"2室, 3室",91.0,113.5,1,0,1,0,0,1,0,1,0,0,0,0
飞晟汇,黄埔,香雪,在售,21800,"1室, 4室, 5室",435.0,1003.5,0,0,1,0,0,0,0,0,0,1,0,1
路劲星棠,增城,白江,在售,16000,"2室, 4室",86.5,139.0,1,1,1,0,0,0,0,0,0,0,0,1
知识城投资嘉达·山与墅,黄埔,知识城,在售,45000,"3室, 4室",170.5,750.0,0,0,1,1,1,0,0,0,0,0,0,0
远洋天成,增城,新塘北,在售,16500,"3室, 4室",88.0,149.0,1,0,0,1,0,0,0,0,1,0,0,1
广晟中国铁建花语天珹,花都,花城街,在售,21000,"2室, 3室, 4室",138.0,320.0,0,1,1,1,1,0,0,0,0,0,0,0
金地商置都会峯范,花都,铁路西,在售,16500,"2室, 3室",103.0,180.0,1,1,1,0,0,1,0,0,0,0,0,0
中建凤榕台,增城,朱村,在售,23000,"3室, 4室",85.0,195.0,1,1,0,1,0,0,0,0,0,0,1,0
中铁建信达花语天宸,黄埔,科学城,在售,41000,"3室, 4室",132.5,610.0,1,1,1,1,0,0,0,0,0,0,0,0
中盛顺和家园,增城,荔城增江,在售,12000,"3室, 4室",113.0,160.0,1,0,1,0,0,1,0,1,0,0,0,0
中旅名门府,花都,镜湖大道,在售,18500,"2室, 3室",98.0,200.0,0,0,1,1,1,1,0,0,0,0,0,0
中海保利朗阅,荔湾,西朗,在售,50000,"2室, 3室, 4室",140.0,770.0,0,1,1,1,1,0,0,0,0,0,0,0
珠江未来城,番禺,莲花山,在售,11000,"1室, 2室",52.0,67.5,1,0,0,0,1,1,0,1,0,0,0,0
星河畔月湾,南沙,横沥,在售,20000,"3室, 4室",103.0,210.0,0,0,1,0,1,1,0,1,0,0,0,0
振业天成,黄埔,科学城,在售,39000,4室,136.0,649.0,0,1,1,1,1,0,0,0,0,0,0,0
绿城桂语汀澜,南沙,明珠湾,在售,28000,4室,119.5,333.0,0,1,1,1,1,0,0,0,0,0,0,0
招商湾区1872,南沙,东涌,在售,22000,"3室, 4室",92.0,200.0,1,0,1,0,0,1,0,1,0,0,0,0
海语天悦湾,南沙,明珠湾,在售,28000,"2室, 3室",111.0,345.0,0,1,1,1,1,0,0,0,0,0,0,0
国贸学原,增城,荔城西区,在售,12600,"2室, 3室, 4室",102.0,134.0,1,0,0,0,0,1,0,1,0,0,1,0
公交珠实花城云著,白云,夏茅,在售,35000,"3室, 4室",78.0,284.5,1,0,1,1,0,1,0,0,0,0,0,0
中海江泰里,海珠,江燕路,在售,65000,"3室, 4室",90.0,625.0,1,1,0,1,1,0,0,0,0,0,0,0
保利水木芳华,增城,朱村,在售,12000,"1室, 2室",85.0,132.0,1,0,0,0,0,1,0,1,0,0,1,0
保利领秀海,番禺,莲花山,在售,22000,"3室, 4室",116.5,300.0,1,0,0,0,1,1,0,1,0,0,0,0
云麓花城,白云,太和,在售,23000,"3室, 4室",82.0,197.0,1,0,1,0,0,1,0,1,0,0,0,0
电建都汇府,花都,新区,在售,36000,"3室, 4室",155.0,580.0,1,1,1,1,0,0,0,0,0,0,0,0
金地公园名著,增城,永宁,在售,11000,"2室, 3室",87.5,87.5,1,0,1,0,0,1,0,1,0,0,0,0
中洲紫轩,黄埔,鱼珠,待售,35000,"3室, 4室",78.0,353.0,1,1,1,0,0,1,0,0,0,0,0,0
广垦天河1号,天河,沙太南,在售,30000,"1室, 2室",40.0,122.0,1,0,0,1,0,1,0,0,0,0,0,0
越秀星耀TOD,增城,新塘北,在售,16000,"2室, 3室",50.5,81.0,1,0,0,0,0,0,0,0,0,1,1,1
珠光海珠新城,海珠,南洲,在售,55000,"3室, 4室, 5室",162.5,1387.5,0,0,1,0,1,0,0,0,0,0,0,1
龙狮璟珑府,黄埔,知识城,在售,23000,"3室, 4室",129.5,325.0,0,0,0,0,1,1,0,1,0,0,0,0
广州城投·空港1号,花都,镜湖大道,在售,20000,"3室, 4室",95.5,230.0,0,1,1,1,1,0,0,0,0,0,0,0
珠江广钢花城,荔湾,东塱,在售,35000,"3室, 4室, 5室",90.5,385.0,0,1,0,1,1,1,0,0,0,0,0,0
珠江·金瑶台,海珠,昌岗,在售,50000,"2室, 3室",91.0,455.0,1,0,0,1,1,0,0,0,0,0,0,0
富好城繁华里,增城,新塘北,在售,12000,3室,93.0,115.0,1,0,0,0,0,1,0,1,0,0,1,0
天地源伴山溪谷,番禺,石楼,在售,22000,"2室, 3室",93.0,203.0,0,0,1,0,1,1,0,1,0,0,0,0
广开控股城投云锦,黄埔,长岭居,在售,45000,"3室, 4室",155.0,710.0,1,1,1,1,0,0,0,0,0,0,0,0
御璟兰园,南沙,明珠湾,在售,30000,5室,111.5,445.0,1,0,1,1,0,1,0,0,0,0,0,0
合生中央城（商业）,黄埔,香雪,在售,60000,1室,46.0,240.0,1,0,0,0,0,0,0,0,0,0,1,0
星河江堤春晓,南沙,明珠湾,在售,33000,"3室, 4室",116.0,350.0,1,1,1,0,0,0,0,0,0,0,0,0
科苑壹号,南沙,南沙湾,在售,24000,4室,145.5,490.0,0,1,1,1,1,0,0,0,0,0,0,0
越秀江海潮鸣,南沙,明珠湾,在售,28000,"2室, 3室",118.0,410.5,1,1,1,1,0,0,0,0,0,0,0,0
越秀大学城和樾府,番禺,国际创新城,在售,50000,"3室, 4室",135.0,652.5,0,0,1,1,1,0,0,0,0,0,0,0
越秀白云星汇城,白云,钟落潭,在售,18000,"3室, 4室",95.0,228.0,1,0,0,0,1,1,0,1,0,0,0,0
力迅荔筑,荔湾,西场,在售,59000,"3室, 4室",99.5,605.0,1,1,0,0,0,0,0,0,1,1,0,0
保利越秀·天启,荔湾,鹤洞,在售,25000,"2室, 3室",47.0,130.0,1,0,0,1,0,1,0,0,0,0,0,0
香江天辰,增城,凤凰城,在售,13000,4室,90.5,135.0,0,0,1,0,0,1,0,1,0,0,0,0
保利明玥湖光,增城,增城碧桂园,在售,17000,"2室, 3室",102.5,174.0,1,1,1,1,0,0,0,0,0,0,0,0
中铁阅江来,南沙,南沙区府,在售,17000,"2室, 3室",107.0,245.0,1,0,0,0,0,0,0,1,0,0,0,0
中国铁建西派澜岸,南沙,明珠湾,在售,30000,3室,183.0,450.0,0,1,1,1,0,0,0,0,0,0,0,0
云城上品,白云,嘉禾望岗,在售,37000,3室,88.5,315.0,0,0,1,1,1,1,0,0,0,0,0,0
珠实云悦花语,白云,钟落潭,在售,15000,"3室, 4室",84.0,145.0,0,0,1,0,1,1,0,1,0,0,0,0
诚汇新都·榕诚湾,荔湾,汾水,在售,35000,4室,125.0,670.0,1,1,0,0,1,1,0,0,0,0,0,0
东江逸珑湾,增城,新塘南,在售,17000,"3室, 4室",108.0,200.0,1,1,0,0,0,0,0,1,0,0,1,0
中海麓府,白云,江夏,在售,56000,"3室, 4室",148.0,920.0,1,1,1,1,0,0,0,0,0,0,0,0
祈福半山臻品,番禺,祈福新村,在售,30000,"2室, 3室, 4室",113.5,363.5,0,0,1,0,1,1,0,1,0,0,0,0
岭南V谷荔湾新天地,荔湾,广钢新城,在售,28000,"2室, 3室, 4室",53.0,180.0,0,0,1,1,1,1,0,0,0,0,0,0
越秀公交天悦云山府,白云,东平,在售,32000,"3室, 5室",123.0,535.0,1,0,1,1,0,1,0,0,0,0,0,0
布查特官邸情景洋房,番禺,汉溪长隆,在售,28000,"1室, 3室",85.5,252.5,0,0,0,0,1,1,0,1,0,0,0,0
玖玥,花都,铁路西,在售,11800,"2室, 3室, 4室",112.0,145.5,0,0,1,0,1,1,0,1,0,0,0,0
保利锦上,黄埔,香雪,在售,29000,3室,105.0,302.5,0,0,1,1,1,1,0,0,0,0,0,0
大华城东瀚,增城,朱村,在售,13000,"2室, 3室, 4室",80.5,125.0,1,0,1,0,0,1,0,1,0,0,0,0
保利和悦滨江,荔湾,西朗,在售,45000,"3室, 4室",90.5,360.0,1,0,0,1,1,1,0,0,0,0,0,0
星河湾萝峰,黄埔,香雪,在售,38000,"3室, 5室",197.5,1015.0,0,1,1,0,1,0,0,0,0,0,0,0
新鸿基地产峻銮,番禺,广州南站,在售,45000,"3室, 4室",115.0,593.0,0,1,1,0,1,0,0,0,0,1,0,0
富丰华庭,增城,朱村,在售,13000,"2室, 3室",103.5,134.0,1,0,1,0,0,1,0,1,0,0,0,0
长岭雅居,黄埔,长岭居,在售,46000,4室,175.0,747.5,0,1,1,1,1,0,0,0,0,0,0,0
珠实·嘉悦湾,白云,同德围,在售,38000,"4室, 5室",100.5,385.0,1,0,1,1,0,1,0,0,0,0,0,0
星晴雅筑,番禺,市桥北,在售,31000,2室,91.0,282.0,1,0,0,0,0,1,0,0,1,0,0,1
世纪金源天河源筑,天河,粤垦,在售,61888,"3室, 4室, 5室",137.5,957.5,0,1,1,0,1,0,0,0,0,0,0,1
越秀滨海花城,南沙,南沙区府,在售,15000,3室,86.0,118.5,1,0,1,0,0,1,0,1,0,0,0,0
中国铁建翰林新语,增城,新塘北,在售,18000,"2室, 3室",83.5,155.0,1,1,1,1,0,0,0,0,0,0,0,0
联投·文津府,天河,黄村,在售,58000,"3室, 4室",138.0,840.0,0,1,1,1,1,0,0,0,0,0,0,0
万科·理想花地·瑧园,荔湾,花地湾,在售,54000,"3室, 4室",148.0,805.0,1,1,1,1,0,0,0,0,0,0,0,0
万科·理想花地·朗庭,荔湾,花地湾,在售,47000,"2室, 3室",103.5,480.0,1,1,0,1,0,0,0,0,0,0,0,0
智联花园,番禺,莲花山,在售,30000,"3室, 4室",108.0,3000.0,1,1,1,1,0,0,0,0,0,0,0,0
仟信广场,从化,河滨北路,在售,8000,1室,51.0,45.0,0,0,1,0,1,1,0,1,0,0,0,0
中建天河精诚壹号,天河,岑村,在售,52000,"2室, 3室, 4室",98.0,570.0,1,0,0,1,1,0,0,0,0,0,0,0
中国铁建西派粤府,海珠,沥滘,在售,65000,4室,130.0,990.0,0,1,1,1,1,0,0,0,0,0,0,0
云平上品,白云,东平,在售,55000,4室,150.0,820.0,0,1,1,1,1,0,0,0,0,0,0,0
越秀大学星汇锦城,番禺,南村,在售,30000,"3室, 4室",98.0,310.0,1,0,0,0,1,1,0,1,0,0,0,0
珠江国际城,从化,神岗镇,在售,19000,1室,39.5,110.0,1,1,0,0,0,0,0,0,0,1,1,0
保利瑧誉,荔湾,坑口,在售,55000,"3室, 4室",129.0,735.0,1,1,0,1,1,0,0,0,0,0,0,0
品秀·星瀚,番禺,广州南站,在售,30000,"3室, 4室",108.0,80.0,1,0,1,1,0,1,0,0,0,0,0,0
龙湖御湖境,番禺,大石,在售,42000,4室,160.5,684.0,0,1,1,0,1,0,0,0,0,0,0,1
保利锦上,黄埔,香雪,在售,35000,"3室, 4室",79.0,190.0,1,1,1,1,0,0,0,0,0,0,0,0
上馨华府,番禺,大石,在售,28000,"3室, 4室",108.0,260.0,0,0,0,0,1,1,0,1,0,0,0,0
长隆万博悦府,番禺,汉溪长隆,在售,65000,"4室, 5室",204.0,1465.0,0,0,1,1,1,0,0,0,0,0,0,0
东基天河阳光,天河,黄村,在售,38000,"3室, 4室",108.0,120.0,1,1,0,0,0,1,0,0,1,0,0,0
江语上品苑,白云,石井,在售,45000,"3室, 4室",222.0,1535.0,1,1,1,1,0,0,0,0,0,0,0,0
华润置地天河润府,天河,黄村,在售,60000,"3室, 4室",105.5,605.0,0,0,1,1,1,0,0,0,0,0,0,0
佳兆业佳泽园,增城,荔城西区,在售,18500,"3室, 4室",108.0,130.0,1,1,1,0,0,0,0,1,0,0,0,0
保利水木芳华,增城,朱村,待售,25000,"3室, 4室",108.0,130.0,1,1,0,1,0,0,0,0,1,0,0,0
铂玥明珠ONE,南沙,明珠湾,在售,14000,"2室, 3室",62.0,105.5,1,1,1,0,0,0,0,0,0,1,0,0
中海浣花里,荔湾,坑口,在售,46000,"3室, 4室",89.5,400.0,1,1,0,1,0,0,0,0,1,0,0,0
武汉城建·保利·花语和岸,荔湾,芳村,在售,51000,"3室, 4室",114.0,590.0,1,1,0,0,1,0,0,0,0,1,0,0
保利琅誉,番禺,番禺客运站,在售,38000,2室,112.0,410.0,0,0,1,1,1,1,0,0,0,0,0,0
路劲美的隽樾府,番禺,番禺广场,在售,38000,3室,109.5,470.0,1,1,1,0,0,0,0,0,0,1,0,0
明月豪庭,越秀,西门口,在售,28000,2室,75.5,321.0,0,0,0,0,0,0,0,0,1,1,0,1
保利和颂,荔湾,坑口,在售,46000,"1室, 3室",85.5,419.5,1,0,0,1,0,1,0,0,1,0,0,0
国贸云上,白云,嘉禾望岗,在售,50000,"3室, 4室",114.0,502.5,1,1,0,1,1,0,0,0,0,0,0,0
星河智荟二期,南沙,明珠湾,在售,20000,3室,135.5,400.0,1,0,0,0,1,1,0,1,0,0,0,0
建发明珠湾玺,南沙,明珠湾,在售,19500,"3室, 4室",108.0,70.0,1,1,0,1,0,0,0,0,0,0,0,0
建发明珠湾玺,南沙,明珠湾,在售,19500,"0室, 1室",54.0,100.0,1,0,0,1,0,1,0,0,0,0,0,0
金海岸花园观海,番禺,番禺客运站,在售,50000,"4室, 5室",269.0,1360.0,0,0,0,0,1,0,0,0,0,0,0,0
高新仕林苑,黄埔,长岭居,在售,35000,"3室, 4室, 5室",140.0,540.0,0,1,1,1,1,0,0,0,0,0,0,0
粤海·云港城,白云,白云大道南,在售,40000,"3室, 4室",138.5,620.0,1,1,0,1,0,0,0,0,0,0,1,0
城投天禧,天河,智慧城,在售,43000,"3室, 4室",123.0,550.0,0,1,1,1,1,0,0,0,0,0,0,0
新世界·天馥,荔湾,滘口,在售,41000,"3室, 4室",107.5,457.5,1,1,0,0,0,1,0,0,0,0,0,0
广开云汇科技金融中心,黄埔,科学城,在售,28000,"1室, 2室, 3室",81.5,222.5,1,1,0,1,0,0,0,0,0,0,1,0
中海天幕湾,番禺,亚运城,在售,36000,4室,208.5,850.0,1,1,1,1,0,0,0,0,0,0,0,0
云筑上品,白云,夏茅,在售,43000,"3室, 4室",115.0,510.0,0,1,1,1,1,0,0,0,0,0,0,0
首开保利.云湖壹号,白云,夏茅,在售,47000,1室,30.0,140.0,1,0,1,1,0,1,0,0,0,0,0,0
晟云台,白云,龙归,在售,35000,"3室, 4室",108.0,2200.0,1,0,1,0,0,1,0,0,0,0,0,1
保利云境,白云,黄石,在售,36000,"1室, 2室",89.0,280.0,1,0,0,1,1,1,0,0,0,0,0,0
越秀珠实天悦海湾,南沙,南沙港,在售,10000,"3室, 4室",108.0,45.0,1,0,1,1,0,1,0,0,0,0,0,0
广州白云站TOD粤胜广场,白云,同德围,在售,30000,1室,2439.0,7804.8,1,0,1,1,0,1,0,0,0,0,0,0
明月豪庭,越秀,西门口,在售,28000,2室,87.0,321.0,0,0,0,0,0,0,0,0,1,1,0,1
绿城·揽江印月,番禺,市桥,在售,29000,"3室, 4室",145.0,345.0,0,0,1,0,1,1,0,1,0,0,0,0
保利琶洲四季,海珠,琶洲东,在售,40000,3室,117.0,540.0,1,1,0,1,0,0,0,0,0,0,0,0
致景轩,海珠,广州大道南,在售,52000,"2室, 3室",94.0,497.5,1,0,1,0,0,0,0,0,0,0,0,1
珺筑水岸,南沙,万顷沙,在售,17000,4室,147.0,247.5,1,0,1,0,0,1,0,1,0,0,0,0
保利燕语堂悦,海珠,江燕路,在售,61000,"3室, 4室",101.5,615.0,0,1,1,1,1,0,0,0,0,0,0,0
能建天河麓誉府,天河,高唐,在售,42000,"3室, 4室, 5室",102.5,480.0,0,1,1,1,1,0,0,0,0,0,0,0
保利滨江和著,番禺,大石,在售,39000,"3室, 4室",114.0,500.0,0,0,1,1,1,1,0,0,0,0,0,0
西派尊府,南沙,明珠湾,在售,50000,4室,324.0,1500.0,1,1,1,1,0,0,0,0,0,0,0,0
保利琅悦,花都,旧区,在售,24000,"3室, 4室",137.5,300.0,0,1,1,1,1,0,0,0,0,0,0,0
星河盛世禧悦,黄埔,开发东区,在售,24000,"3室, 4室",98.0,240.0,0,0,1,0,1,1,0,1,0,0,0,0
中旅·阿那亚·九龙湖,花都,北兴镇,在售,23000,"4室, 5室",477.5,1125.0,0,0,0,1,1,0,0,0,0,0,0,0
城投湖山雅筑,花都,新区,在售,23000,"3室, 4室",113.5,272.5,0,1,1,1,1,0,0,0,0,0,0,0
知城翰林湖畔花园,黄埔,知识城,在售,18000,"3室, 4室",84.5,162.5,1,0,0,0,1,1,0,1,0,0,0,0
越秀万博城,番禺,汉溪长隆,在售,51000,4室,145.5,815.0,0,1,1,1,1,0,0,0,0,0,0,0
中国铁建花语上城,南沙,南沙区府,在售,28500,"3室, 4室",119.0,347.5,1,1,1,1,0,0,0,0,0,0,0,0
越秀·大学城·和樾府·飞鸟集,番禺,国际创新城,在售,20000,1室,40.5,83.0,1,1,1,1,0,0,0,0,0,0,0,0
中铁阅江来,南沙,南沙区府,待售,24000,1室,47.0,109.0,1,0,1,1,0,1,0,0,0,0,0,0
大湾区诺德云城,白云,同德围,在售,32000,"1室, 2室, 3室",55.0,164.5,0,1,0,1,0,1,0,0,0,1,0,0
中建天钰,海珠,江燕路,在售,60000,"3室, 4室",111.5,658.0,0,1,1,1,1,0,0,0,0,0,0,0
大壮名城,黄埔,科学城,在售,50000,"2室, 4室",115.5,655.0,0,0,1,0,1,0,0,0,0,1,0,0
中建未来方洲,黄埔,文冲,在售,42000,"3室, 4室",110.5,485.0,0,0,1,1,1,1,0,0,0,0,0,0
雍晟河滨广场,从化,新城片区,在售,15500,4室,78.0,139.0,1,1,0,0,0,0,0,0,1,0,0,1
智都绿城凤凰于飞,花都,新区,在售,23000,"3室, 4室",126.0,299.5,1,1,1,1,0,0,0,0,0,0,0,0
广州城投禧悦时光,花都,镜湖大道,在售,17000,"3室, 4室",98.0,167.5,0,0,1,1,1,1,0,0,0,0,0,0
广地花园,番禺,星河湾,在售,40000,"3室, 4室",108.0,450.0,0,1,1,0,0,0,0,0,0,0,1,1
广州城投禧悦府,增城,凤凰城,在售,38000,"3室, 4室",108.0,240.0,0,1,0,1,0,0,0,0,0,1,1,0
中旅璞樾天序,花都,旧区,在售,19000,"3室, 4室",104.0,191.5,1,0,0,1,0,1,0,0,0,0,1,0
花都城投翰林世家,花都,花山镇,在售,18000,4室,151.0,305.0,0,1,1,1,1,0,0,0,0,0,0,0
增江创业广场,增城,荔城增江,在售,7850,1室,40.0,31.5,1,0,0,0,0,0,0,0,1,0,0,0
广开·云翰,黄埔,知识城,在售,20000,3室,109.0,235.0,0,0,1,0,1,1,0,1,0,0,0,0
智都越秀臻智府,花都,镜湖大道,在售,16800,"3室, 4室",93.0,155.0,0,0,1,1,1,1,0,0,0,0,0,0
珠江壹城·禧悦花园,从化,神岗镇,在售,28000,1室,31.0,62.0,1,1,1,0,0,0,0,0,0,1,0,0
保利翔龙天汇,黄埔,科学城,在售,27000,"3室, 4室",108.0,500.0,1,1,1,1,0,0,0,0,0,0,0,0
广州兰园江悦,荔湾,滘口,在售,60000,"4室, 5室",239.0,1250.0,0,1,1,0,1,0,0,0,0,1,0,0
越秀珑悦西关,荔湾,南岸路,在售,50000,"2室, 3室",83.0,412.5,1,1,0,1,0,0,0,0,1,0,0,0
招商林屿境,南沙,明珠湾,待售,30000,"3室, 4室",103.5,295.0,1,1,0,1,0,0,0,0,0,0,0,0
中国美都,花都,镜湖大道,在售,10000,"1室, 6室",1194.0,1475.0,0,1,1,0,0,0,0,0,0,0,0,1
广州白云站.金街,白云,同德围,在售,55000,1室,60.0,325.0,1,1,0,1,0,0,0,0,0,0,0,0
云瀚府,越秀,东川路,在售,43000,"2室, 3室",55.5,238.5,1,1,1,0,0,0,0,0,0,1,0,0
万博企业中心,番禺,汉溪长隆,在售,40000,"4室, 16室",1726.0,7000.0,1,1,1,1,0,0,0,0,0,0,0,0
广汇新世界金融中心,增城,凤凰城,在售,20000,"3室, 4室",108.0,650.0,1,0,1,0,0,0,0,0,0,1,0,1
白云堡悦融居,白云,东平,在售,22000,"4室, 6室",366.5,1045.0,1,0,1,0,0,0,0,0,0,0,0,1
从化城投天悦湾,从化,鳌头镇,在售,6000,2室,81.5,50.5,1,0,0,0,1,1,0,1,0,0,0,0
中恒海晖城,南海,小塘,在售,9500,"2室, 3室, 4室",101.0,127.5,0,0,0,0,1,1,1,1,0,0,0,0
泷景花园,禅城,澜石,在售,17500,"3室, 4室",137.0,280.0,1,1,0,0,0,0,1,0,0,0,1,0
太平洋国际花园,顺德,陈村,在售,16000,"2室, 3室, 4室",142.5,415.0,1,0,0,0,1,1,1,0,0,0,0,0
嘉濠雅苑,顺德,北滘,在售,10500,2室,88.5,100.0,1,0,0,0,0,1,1,1,0,0,0,0
天晟·海琴湾,南海,丹灶,在售,8500,"3室, 4室",171.5,177.5,0,0,1,0,1,0,1,1,0,0,0,0
光明花半里,南海,罗村,在售,12000,3室,138.5,131.5,1,0,0,0,0,1,1,1,0,0,0,0
珠水豪庭,南海,黄岐,在售,32000,"3室, 4室, 5室",154.0,635.0,1,0,0,0,0,0,1,0,0,0,1,0
中信山语湖,南海,里水,在售,9500,"3室, 4室",128.5,130.5,1,0,0,0,0,1,1,1,0,0,0,0
美立方花园,南海,狮山,在售,13000,2室,116.5,148.0,1,0,0,0,0,1,1,1,0,0,0,0
东圣维拉,顺德,容桂,在售,9000,"3室, 4室",128.0,158.0,0,0,0,0,1,1,1,1,0,0,0,0
广佛新世界,南海,大沥,在售,15000,"3室, 4室",116.0,217.5,0,0,0,0,1,1,1,0,0,0,0,0
藏珑华府,顺德,陈村,在售,15000,"2室, 3室",133.0,270.0,1,0,0,0,1,1,1,0,0,0,0,0
博雅滨江,三水,西南街道,在售,8800,"3室, 4室, 5室",230.5,205.0,0,1,1,0,1,0,1,0,0,0,0,0
名铸家园,顺德,勒流,在售,11800,"3室, 4室, 5室",144.0,182.0,0,0,1,0,0,1,1,1,0,0,0,0
美的鹭湖森林度假区,高明,杨和,在售,8900,"2室, 3室",96.0,77.69999999999999,0,0,0,0,1,0,1,0,0,0,0,0
鸿安花园,三水,北江新区,在售,8300,"2室, 3室, 4室",117.0,108.0,1,0,0,0,0,0,1,1,0,0,1,0
欧浦花城,高明,杨和,在售,6000,3室,106.0,61.0,1,0,0,0,1,0,1,0,0,0,0,0
明智雅苑,三水,云东海街道,在售,7500,"3室, 4室",127.5,125.0,0,0,0,0,1,0,1,1,0,0,0,0
海骏达康格斯花园,顺德,大良西北区,在售,9500,"3室, 4室",120.5,194.0,0,0,0,0,1,1,1,1,0,0,0,0
丽日坚美森林湖,三水,云东海街道,在售,7300,"3室, 4室",133.0,97.5,0,0,1,0,1,0,1,1,0,0,0,0
丽日坚美森林湖,三水,云东海街道,在售,12000,"4室, 5室",285.0,350.0,1,0,0,0,1,0,1,1,0,0,0,0
金钻华府,顺德,乐从,在售,11000,"1室, 2室",63.5,85.0,1,0,0,0,0,1,1,1,0,0,0,0
圣德嘉园,禅城,南庄,在售,7500,3室,96.5,81.5,1,0,0,0,0,1,1,1,0,0,0,0
美的西江府,顺德,龙江,在售,8300,4室,116.0,179.0,0,0,0,0,1,1,1,1,0,0,0,0
天晟·海琴湾,南海,丹灶,在售,23000,"5室, 6室, 7室",530.5,1350.0,0,0,1,0,1,0,1,0,0,0,0,0
金地艺境天成,三水,大塘,在售,6500,"2室, 3室",112.5,77.5,1,0,0,0,0,1,1,1,0,0,0,0
中粮珑湾祥云,禅城,湖景,在售,22000,"3室, 4室",134.0,255.0,1,0,0,1,0,0,1,0,1,0,0,0
望德8号,禅城,湖景,在售,15500,"3室, 4室",102.0,167.5,1,0,0,0,0,1,1,0,0,0,1,0
金融街金悦府,三水,云东海街道,在售,9000,"2室, 3室, 4室",127.5,125.5,1,0,0,1,1,0,1,0,0,0,0,0
中雅江湾,顺德,乐从,在售,13000,"3室, 4室",119.0,160.0,1,0,0,0,1,1,1,0,0,0,0,0
坚美园,鹤山市,鹤山市,在售,6600,"3室, 4室",118.5,276.5,0,1,0,0,1,0,0,0,0,0,1,0
南景湾山水城,鹤山市,鹤山市,在售,5988,"3室, 4室",146.5,93.0,1,0,0,0,1,0,0,0,0,0,0,0
中宝温馨家园,鹤山市,鹤山市,在售,5800,"2室, 3室, 4室",114.0,75.0,1,1,0,0,1,0,0,0,0,0,0,0
电建地产·洺悦半岛,顺德,勒流,在售,9500,"3室, 4室",138.0,133.5,0,0,0,0,1,1,1,1,0,0,0,0
雲璟上筑,顺德,伦教,在售,7500,1室,32.5,34.5,0,0,0,0,0,1,1,1,1,0,0,0
金地艺境天成,三水,大塘,在售,12000,"3室, 4室",175.5,195.0,1,0,0,0,0,1,1,1,0,0,0,0
保利新汇城,禅城,祖庙,在售,12500,"3室, 4室",104.0,135.0,1,0,0,0,0,1,1,1,0,0,0,0
金地艺境天成,三水,大塘,在售,9000,1室,133.0,133.0,0,1,0,0,0,1,1,1,0,0,0,0
创雄华府,三水,北江新区,在售,8800,"3室, 4室",114.5,104.0,0,0,0,0,0,1,1,0,1,0,0,0
桂南星晴公馆,南海,桂城,在售,18500,"2室, 3室, 4室",94.5,177.5,1,0,0,0,0,0,1,0,1,0,0,0
泷景花园,禅城,澜石,在售,12000,"1室, 3室",53.0,59.0,1,0,0,0,0,1,1,0,0,0,1,0
中国铁建领秀公馆,顺德,北滘,在售,13000,"2室, 3室, 4室",116.0,205.0,1,0,0,1,1,0,1,0,0,0,0,0
华业丽景花园,鹤山市,鹤山市,在售,5200,"2室, 3室, 4室",106.5,60.3,1,0,0,0,1,0,0,1,0,0,0,0
碧桂园天麓湖,鹤山市,鹤山市,在售,6000,"2室, 4室",102.0,70.0,0,0,1,0,1,0,0,0,0,0,0,0
中交·诚湾悦府,顺德,杏坛,在售,11000,"3室, 4室",110.5,132.5,0,0,1,0,0,1,1,1,0,0,0,0
保利中交大都汇,禅城,绿岛湖,在售,13000,"3室, 4室",108.5,190.0,0,0,0,0,1,1,1,1,0,0,0,0
阅海,南海,里水,在售,13000,"2室, 3室, 4室",271.0,200.0,1,0,0,0,0,1,1,1,0,0,0,0
富佳和院,南海,大沥,在售,17000,3室,102.0,188.5,1,0,1,0,0,0,1,0,0,0,0,0
润立华庭,四会,大旺,在售,5500,"2室, 4室",101.5,68.5,1,0,0,0,0,1,0,1,0,0,0,0
君山新城,四会,大旺,在售,6400,"2室, 3室, 4室",104.5,77.5,1,0,0,0,1,1,0,0,0,0,0,0
御东方,四会,大旺,在售,6500,"2室, 3室, 4室",122.5,88.65,1,0,0,0,0,0,0,0,0,0,1,0
唯美·臻岸华府,顺德,大良北区,在售,15000,"3室, 4室, 5室",166.0,297.5,1,0,1,0,0,0,1,0,0,0,0,0
金融街仙湖悦府,南海,丹灶,在售,10000,"3室, 4室",123.0,120.0,0,0,1,0,0,1,1,1,0,0,0,0
东澳御园,四会,大旺,在售,6000,"3室, 4室",88.5,52.5,1,0,0,0,1,0,0,1,0,0,0,0
实地紫藤公馆,顺德,容桂,在售,9000,"3室, 4室",110.0,117.5,0,0,1,0,0,1,1,1,0,0,0,0
君临天下（富士花园）,高要区,高要,在售,5000,"2室, 3室, 4室",102.5,54.9,0,0,0,0,0,1,0,1,0,0,1,0
星湖裕园,端州区,端州,在售,9000,"3室, 5室, 6室",454.5,477.5,1,0,1,0,0,0,0,0,0,0,0,0
华福·珑熹水岸,高明,荷城,在售,7500,"3室, 4室",118.5,98.5,1,1,0,0,0,0,1,0,0,0,1,0
天宝豪庭,顺德,杏坛,在售,8800,3室,108.0,111.5,1,0,0,0,0,1,1,1,0,0,0,0
保利天际,南海,千灯湖,在售,13000,1室,103.5,190.0,1,0,0,1,0,0,1,0,1,0,0,0
中交白兰春晓,禅城,祖庙,在售,17000,"2室, 3室, 4室",102.5,177.5,1,0,0,1,0,0,1,0,0,0,1,0
鹏瑞皓玥湾,顺德,大良新区,在售,42000,"4室, 5室",315.0,1295.0,1,1,1,0,0,0,1,0,0,0,0,0
保利华侨城云禧,南海,三山,在售,21000,"3室, 4室",129.0,317.5,1,0,0,1,0,0,1,0,0,0,1,0
保利时光印象,顺德,容桂,在售,11000,3室,82.5,105.0,1,0,0,0,0,1,1,1,0,0,0,0
绿城顺德杨柳郡,顺德,北滘,在售,16000,"3室, 4室",109.0,180.0,1,0,1,1,0,0,1,0,0,0,0,0
鸿业季华天地,禅城,湖景,在售,12000,"1室, 2室, 4室",71.5,91.0,1,0,0,0,0,1,1,1,0,0,0,0
瀚康华府,顺德,均安,在售,7500,"3室, 4室",104.5,82.0,0,0,0,0,1,1,1,1,0,0,0,0
复地公园和光,禅城,石湾,在售,14000,"2室, 3室",95.0,185.0,1,0,0,0,1,1,1,0,0,0,0,0
鹤山帝豪居,鹤山市,鹤山市,在售,8000,"3室, 4室",116.5,87.0,0,0,1,0,1,0,0,0,0,0,0,0
美的云悦江山,顺德,北滘,在售,16500,"2室, 3室, 4室",112.5,199.0,1,0,0,0,1,1,1,0,0,0,0,0
星星凯旋国际,禅城,祖庙,在售,11000,"3室, 4室",106.0,158.0,1,0,0,0,0,0,1,1,0,0,1,0
碧桂园云樾金沙,南海,里水,在售,16000,"3室, 4室",105.0,229.5,1,1,0,0,1,0,1,0,0,0,0,0
凯蓝锦伦华庭,顺德,伦教,在售,11500,3室,76.0,105.0,1,0,0,0,0,1,1,1,0,0,0,0
时代灯湖天境,南海,桂城,在售,21000,"3室, 4室",97.0,220.0,1,0,0,0,0,0,1,0,0,0,1,0
共和宝丰新城,鹤山市,鹤山市,在售,5800,"3室, 4室",110.0,63.0,1,0,0,0,0,0,0,0,0,0,0,0
中建顺控·云熙悦城,顺德,乐从,在售,10000,"2室, 3室, 4室",100.0,115.0,0,0,0,0,1,1,1,1,0,0,0,0
深业旗山雅苑,南海,里水,在售,14000,"3室, 4室",99.0,140.0,1,0,0,0,0,1,1,0,1,0,0,0
新希望金沙公馆,南海,金沙洲,在售,23000,"3室, 4室",101.5,245.0,1,1,0,0,0,0,1,0,0,0,0,0
中交泷湾云城,南海,三山,在售,20000,"2室, 3室, 4室",112.0,219.0,1,0,0,1,0,0,1,0,0,0,1,0
金辉辉逸云庭,禅城,南庄,在售,11000,3室,91.0,100.0,0,0,0,0,1,0,1,1,0,0,0,0
金辉辉逸云庭,禅城,南庄,在售,25000,"4室, 5室",133.5,350.0,1,0,0,0,0,1,1,0,0,0,1,0
星星凯旋国际,禅城,祖庙,在售,28000,"3室, 4室",108.0,3650.0,1,1,0,0,0,0,1,0,0,0,1,0
广佛新世界,南海,大沥,在售,28000,3室,672.0,1881.0,1,0,0,0,1,0,1,0,0,0,0,0
新仕名府,顺德,伦教,在售,9500,"3室, 4室",81.0,112.5,1,0,1,0,0,0,1,1,0,0,0,0
春风名苑,顺德,乐从,在售,16500,"2室, 3室",94.5,162.5,1,0,0,0,0,1,1,0,1,0,0,0
中建映湖万黛,顺德,乐从,在售,13000,"2室, 3室, 4室",106.5,142.0,1,0,0,0,0,1,1,0,0,0,0,0
新仕名府,顺德,伦教,在售,12500,"3室, 4室",124.0,152.0,0,0,1,0,1,0,1,1,0,0,0,0
金融街金悦郡,三水,云东海街道,在售,9300,"2室, 3室, 4室",107.0,105.5,1,0,0,0,0,1,1,0,0,0,1,0
欣雅苑,高明,荷城,在售,6300,"3室, 4室",103.0,71.0,1,1,0,0,0,0,1,0,1,0,0,0
鸿升春风里,鹤山市,鹤山市,在售,5500,"1室, 3室",80.0,52.1,0,0,0,0,1,1,0,1,0,0,0,0
天樾水岸,禅城,澜石,在售,20000,"2室, 3室, 4室",138.0,250.0,1,0,0,0,1,0,1,0,0,0,0,0
润立丽苑,南海,西樵,在售,7000,"1室, 2室",91.5,76.5,1,0,0,0,0,1,1,1,0,0,0,0
颐安·雍悦华府,三水,北江新区,在售,8800,"2室, 3室, 4室",118.0,162.0,1,1,0,0,0,0,1,0,0,0,0,0
中建壹品·湖北文旅·东湖学府,顺德,容桂,在售,12000,"2室, 3室, 4室",116.0,162.0,0,0,1,0,0,1,1,1,0,0,0,0
美的·金地·新明珠·凤翔湾壹号,禅城,南庄,在售,14500,"3室, 4室",112.5,179.0,1,0,0,0,0,1,1,0,0,0,1,0
圣淘湾·美丽院子,顺德,龙江,在售,8100,"2室, 3室, 4室",166.0,191.5,0,0,0,0,1,1,1,1,0,0,0,0
广域西江华府,三水,白坭,在售,7000,3室,87.5,60.0,1,0,0,0,0,1,1,1,0,0,0,0
樵顺高建广场,高明,荷城,在售,5300,"2室, 3室",111.5,61.5,1,0,0,0,0,1,1,1,0,0,0,0
保利阅江台江缦,顺德,陈村,在售,20000,4室,183.5,580.0,0,0,1,1,1,0,1,0,0,0,0,0
龙湖江与城,顺德,伦教,在售,12000,2室,103.5,108.0,1,0,0,0,0,1,1,1,0,0,0,0
美的世茂滨江壹号,顺德,大良新区,在售,15000,"3室, 4室",119.5,200.0,1,0,1,0,0,1,1,0,0,0,0,0
凯蓝滨江名门花园,顺德,容桂,在售,12000,"3室, 4室",90.5,130.0,1,0,0,0,0,1,1,1,0,0,0,0
华侨城·纯水岸,鹤山市,鹤山市,在售,4688,"1室, 3室, 4室",82.5,44.0,0,0,0,0,0,1,0,1,0,0,0,0
保利清能和府,三水,云东海街道,在售,8900,"2室, 3室, 4室",97.0,87.5,1,0,0,0,1,1,1,0,0,0,0,0
鸿升·江门玉兰花园,鹤山市,鹤山市,在售,5500,"2室, 3室, 4室",93.0,55.0,1,0,0,0,0,0,0,1,0,0,1,0
香缤天玺名苑,高明,荷城,在售,6000,"2室, 3室",104.0,69.0,1,1,1,0,0,0,1,0,0,0,0,0
中梁壹号院,端州区,北岭,在售,7500,"4室, 5室",138.0,145.0,1,1,0,0,1,0,0,0,0,0,0,0
金融街·顺德金悦府,顺德,陈村,在售,13000,"3室, 4室",113.0,185.0,0,0,1,0,1,1,1,0,0,0,0,0
广域西江华府,三水,白坭,在售,5500,1室,29.5,15.3,1,0,0,0,0,1,1,1,0,0,0,0
中梁星图,南海,西樵,在售,8500,"3室, 4室",108.5,85.5,1,0,0,0,0,1,1,1,0,0,0,0
勤天熹园,高明,荷城,在售,8300,"2室, 3室",92.0,77.5,1,1,0,0,0,0,1,0,1,0,0,0
黎明嘉园,禅城,澜石,在售,17500,3室,102.5,173.5,1,0,0,0,0,0,1,0,0,1,0,0
怡翠晋盛,顺德,乐从,在售,20000,4室,232.5,417.5,1,1,0,0,1,0,1,0,0,0,0,0
鸿升·春江明月（春江明月花园）,鹤山市,鹤山市,在售,7500,"3室, 4室, 5室",136.0,129.0,1,0,0,0,0,0,0,0,0,0,1,0
时代全球创客小镇,南海,大沥,在售,26000,"3室, 4室",167.5,515.0,1,1,0,0,0,0,1,0,0,0,1,0
新城盛悦之光,顺德,陈村,在售,19000,"3室, 4室",100.0,190.0,1,1,0,0,1,0,1,0,0,0,0,0
中交滨湖雅郡,四会,大旺,在售,6600,"3室, 4室",126.5,105.0,1,0,0,1,1,0,0,0,0,0,0,0
方直星耀国际,顺德,容桂,在售,9800,"2室, 3室, 4室",108.0,115.0,1,0,0,0,0,1,1,1,0,0,0,0
美的卓越好时光,顺德,北滘,在售,13300,"2室, 4室",103.0,172.5,1,0,0,0,0,1,1,0,0,0,0,0
新希望悦珑湾,顺德,陈村,在售,17500,"1室, 2室, 3室",75.0,192.5,1,1,0,0,1,0,1,0,0,0,0,0
美的·东樾湾,南海,黄岐,在售,19500,4室,115.0,350.0,1,1,1,0,0,0,1,0,0,0,0,0
泰丰千玺湾,禅城,湖景,在售,24000,"3室, 4室",138.0,345.0,1,1,0,0,0,0,1,0,0,0,0,0
海伦堡·汇银·玖悦澜湾,禅城,南庄,在售,11500,"2室, 3室",112.5,141.0,0,0,0,0,1,1,1,1,0,0,0,0
中南云锦,三水,乐平,在售,9300,"2室, 3室",94.5,80.5,1,0,0,0,1,1,1,0,0,0,0,0
黎明嘉园,禅城,澜石,在售,8300,"2室, 3室",124.5,137.0,0,0,0,0,0,1,1,1,0,1,0,0
明智雅苑,三水,云东海街道,在售,16500,"4室, 6室",399.0,586.0,0,0,1,0,1,0,1,0,0,0,0,0
正荣力高·观山府,南海,西樵,在售,11000,"2室, 3室",104.5,120.0,1,0,0,0,0,1,1,1,0,0,0,0
金地熙悦,顺德,北滘,在售,12500,2室,91.5,92.5,0,0,0,0,1,1,1,1,0,0,0,0
建发德信三堂院,南海,大沥,在售,17000,"2室, 3室, 4室",115.0,210.0,1,0,0,1,0,0,1,0,0,0,1,0
信业汇景台,顺德,龙江,在售,10000,"2室, 3室, 5室",104.0,128.0,1,0,0,0,0,1,1,1,0,0,0,0
爱情·印玥万璟府,顺德,容桂,在售,9500,2室,86.0,77.0,1,0,0,0,0,1,1,1,0,0,0,0
建发融创和玺,三水,云东海街道,在售,15000,4室,121.0,250.0,1,1,0,1,0,0,1,0,0,0,0,0
明日阳光,顺德,大良南区,在售,8000,"3室, 4室",98.5,86.5,1,0,0,0,0,1,1,1,0,0,0,0
嘉濠雅苑,顺德,北滘,在售,8500,1室,40.0,34.75,1,0,0,0,0,0,1,1,1,0,0,0
粤海拾桂府,禅城,东平,在售,24000,"3室, 4室, 5室",147.5,305.0,1,0,0,1,0,0,1,0,0,0,1,0
远洋北控天成,南海,里水,在售,14800,"3室, 4室",106.5,180.0,1,0,0,0,0,1,1,0,0,0,0,0
博源尚云府,三水,西南街道,在售,11000,"3室, 4室",172.5,225.0,1,1,0,0,0,0,1,0,0,0,0,0
观景华府,三水,云东海街道,在售,8500,"2室, 3室, 4室",121.5,105.5,1,0,0,0,1,1,1,0,0,0,0,0
万科璞悦山,南海,三山,在售,18500,"3室, 4室",161.0,618.0,1,0,0,1,0,0,1,0,0,0,1,0
旭辉恒基铂仕湾,禅城,张槎,在售,15000,"3室, 4室",113.0,167.0,1,1,0,0,0,0,1,0,0,0,0,0
金地招商臻玥府,顺德,容桂,在售,10300,"2室, 3室",97.0,117.5,1,0,0,0,0,1,1,1,0,0,0,0
美的滨湖学府,南海,里水,在售,17000,"3室, 4室",194.0,260.0,1,1,0,0,0,0,1,0,1,0,0,0
大华紫樾府,禅城,张槎,在售,17500,"2室, 3室, 4室",128.0,415.0,1,1,0,0,0,0,1,0,0,0,1,0
保利智慧云城,顺德,杏坛,在售,9800,"3室, 4室",98.5,100.0,1,0,0,0,0,1,1,1,0,0,0,0
岭南澳苑,三水,乐平,在售,6500,3室,89.0,62.0,0,0,0,0,1,1,1,1,0,0,0,0
信业·珀丽湾,高要区,高要,在售,4000,"3室, 4室",113.0,58.5,0,0,0,0,1,1,0,1,0,0,0,0
港龙滨江公园,顺德,伦教,在售,13500,"3室, 4室, 5室",109.5,163.0,1,0,0,0,0,1,1,0,0,0,0,0
金地中南新城大境,顺德,乐从,在售,12000,"2室, 3室",91.5,111.5,1,0,0,0,0,1,1,1,0,0,0,0
华发滨江府,顺德,乐从,在售,17500,"2室, 4室",114.5,227.5,1,0,0,1,0,0,1,0,0,0,0,0
保利铂悦府,顺德,容桂,在售,10500,"3室, 4室",117.0,130.5,1,0,0,0,0,1,1,1,0,0,0,0
安联尚璟府,高明,荷城,在售,10000,"2室, 3室",107.0,120.0,1,0,0,1,0,0,1,0,0,0,0,0
恩歌源·享城,鼎湖区,鼎湖,在售,4800,"3室, 4室, 5室",118.5,63.0,1,0,0,0,0,1,0,1,0,0,0,0
义兴壹品,四会,大旺,在售,5500,3室,107.0,58.0,0,0,0,0,1,1,0,1,0,0,0,0
凯蓝江畔名轩,顺德,容桂,在售,10000,2室,69.5,81.0,0,0,0,0,1,1,1,1,0,0,0,0
建投恒福壹号,禅城,湖景,在售,33000,4室,206.5,735.0,1,0,1,0,0,0,1,0,0,1,0,0
灯湖首府,禅城,祖庙,在售,15000,"2室, 3室",88.5,135.0,1,0,0,0,0,1,1,0,1,0,0,0
鹤山·中汇名庭,鹤山市,鹤山市,在售,7800,"3室, 4室, 5室",110.0,97.5,1,0,1,0,0,0,0,0,0,0,0,0
新华城,鹤山市,鹤山市,在售,7500,"2室, 3室, 4室",145.5,115.5,1,0,0,0,1,0,0,0,0,0,0,0
远大建管帝景湾,顺德,伦教,在售,13000,"2室, 3室, 4室",112.5,128.0,1,0,0,0,0,1,1,0,0,0,1,0
越秀·御湖台,南海,狮山,在售,16000,"3室, 4室",167.5,311.5,1,0,1,1,0,0,1,0,0,0,0,0
汇源新都,鹤山市,鹤山市,在售,5700,3室,94.0,54.0,1,0,0,0,1,0,0,0,0,0,0,0
泰丰千语庭,禅城,澜石,在售,17500,"3室, 4室",95.5,175.0,1,1,0,0,1,0,1,0,0,0,0,0
明智雅苑,三水,云东海街道,在售,13000,1室,89.0,80.0,1,0,0,0,0,0,1,1,0,0,0,0
保利灯湖天珺,南海,盐步,在售,30000,"3室, 4室, 5室",169.0,640.0,0,0,1,1,1,0,1,0,0,0,0,0
信业汇景台,顺德,龙江,在售,18000,"3室, 4室",108.0,56.0,1,0,0,0,0,1,1,0,0,0,0,0
侨银控股银湖湾畔,三水,乐平,在售,13000,"3室, 4室, 5室",134.5,160.5,1,1,0,0,0,0,1,0,0,0,0,0
三龙湾保利和颂,禅城,湖景,在售,22000,3室,114.5,325.0,1,0,0,1,0,0,1,0,0,0,1,0
融佳臻园,三水,西南街道,在售,9800,"3室, 4室",134.5,158.5,1,0,0,0,0,1,1,0,1,0,0,0
锦绣半岛,南海,狮山,在售,12000,"3室, 4室",152.5,293.0,0,0,1,0,0,1,1,1,0,0,0,0
保利珺悦府,顺德,北滘,在售,19500,4室,179.5,480.0,1,0,1,1,0,0,1,0,0,0,0,0
鸿升·春江明月（春江明月花园）,鹤山市,鹤山市,在售,15000,6室,211.5,326.0,1,1,0,0,0,0,0,0,0,0,1,0
保利珺悦府,顺德,北滘,在售,26000,4室,196.0,550.0,1,0,1,1,0,0,1,0,0,0,0,0
城发·悦城峯境,禅城,张槎,在售,22000,"3室, 4室",261.5,615.0,1,0,1,1,0,0,1,0,0,0,0,0
樵顺花苑,高明,荷城,在售,7500,"3室, 4室",105.5,82.0,1,0,0,0,0,0,1,0,1,0,0,0
顺控金地熙悦湾,顺德,勒流,在售,8500,"2室, 3室, 4室",108.0,95.0,1,0,0,0,0,1,1,1,0,0,0,0
华福·金湾水岸,顺德,伦教,在售,13000,"2室, 4室",134.5,192.5,1,0,0,0,0,1,1,0,0,0,0,0
保利天悦,南海,千灯湖,在售,18000,"1室, 2室, 3室",125.5,315.0,1,0,1,1,0,0,1,0,0,0,0,0
锦绣春江花园,鼎湖区,鼎湖,在售,6000,"2室, 3室, 4室",98.5,63.5,1,0,0,0,0,0,0,0,0,0,0,0
保利天汇,南海,平洲,在售,35000,"4室, 5室",213.5,915.0,1,0,1,1,0,0,1,0,0,0,0,0
凯景半岛,高明,荷城,在售,8000,"3室, 4室",101.0,78.0,1,0,0,0,0,0,1,0,1,0,0,0
啟骏琅逸轩,南海,黄岐,在售,22000,3室,105.0,220.0,1,0,0,0,0,0,1,0,0,0,0,0
保利三龙湾天珺,禅城,湖景,在售,40000,"4室, 5室",273.0,1285.0,1,0,1,1,0,0,1,0,0,0,0,0
越秀星汇文瀚,南海,平洲,在售,23000,"3室, 4室",100.0,225.0,1,0,0,1,0,0,1,0,1,0,0,0
融基齐家湖壹号,三水,乐平,在售,9500,"3室, 4室",138.0,132.5,0,0,1,0,1,0,1,0,0,0,0,0
天樾华园,禅城,澜石,在售,15500,"3室, 4室",116.0,189.0,0,0,1,0,1,1,1,0,0,0,0,0
城发灯湖悦园,禅城,祖庙,在售,16000,"2室, 3室, 4室",100.5,167.5,1,0,0,1,0,0,1,0,0,0,1,0
保利新汇城,禅城,祖庙,在售,25000,"3室, 4室",108.0,170.0,1,0,0,1,0,0,1,0,0,0,1,0
捷和广场三期水溋坊,三水,云东海街道,在售,8600,"2室, 3室, 4室",99.5,93.0,1,0,0,0,1,1,1,0,0,0,0,0
东建映月湖壹号,南海,平洲,在售,35000,"4室, 5室",240.0,900.0,1,1,1,0,0,0,1,0,0,0,0,0
华侨城天鹅堡二期,顺德,大良东区,在售,22000,"3室, 4室, 5室",212.0,530.0,1,0,1,1,0,0,1,0,0,0,0,0
建发融创和玺,三水,云东海街道,在售,25000,1室,48.5,110.0,1,0,0,1,0,0,1,0,0,0,0,0
顺控•桂樾台,顺德,容桂,在售,9500,"2室, 3室",107.0,105.0,0,0,0,0,0,0,1,1,0,0,0,0
九峯台,高明,荷城,在售,9500,4室,182.5,173.0,1,0,1,0,0,0,1,0,0,0,0,0
北岸美庐,顺德,乐从,在售,10000,"3室, 4室, 6室",228.5,264.0,1,0,0,0,0,0,1,1,0,0,0,0
顺伦海心明月,顺德,伦教,在售,11000,"2室, 3室",97.5,107.5,1,0,0,0,0,1,1,1,0,0,0,0
保利琅悦,南海,桂城,在售,25000,"3室, 4室",131.0,365.0,1,0,0,1,0,0,1,0,0,0,1,0
建发灯湖天峯,南海,大沥,在售,32000,4室,141.0,450.0,1,0,0,1,1,0,1,0,0,0,0,0
建发灯湖缦云,南海,盐步,在售,45000,"4室, 5室",256.5,1350.0,1,0,1,1,0,0,1,0,0,0,0,0
华侨城半月岛纯水岸,禅城,湖景,在售,31000,4室,183.5,611.5,1,0,0,1,0,0,1,0,0,0,0,0
万科世纪灯湖·瑧府,南海,千灯湖,在售,50000,"3室, 4室",190.0,850.0,0,0,1,1,1,0,1,0,0,0,0,0
保利和著,南海,平洲,在售,24000,4室,141.0,380.0,1,0,1,1,0,0,1,0,0,0,0,0
裕桂楼,南海,桂城,在售,20000,"2室, 3室",102.5,200.0,1,0,0,0,0,0,1,0,1,1,0,0
汇景园,鼎湖区,鼎湖,在售,5200,"3室, 4室",102.0,55.5,0,0,0,0,1,1,0,1,0,0,0,0
怡亚通珑樾,禅城,岭南大道,在售,22000,3室,132.5,295.0,0,0,1,1,0,0,1,0,0,0,0,0
新希望悦珑湾,顺德,陈村,在售,25000,"3室, 4室",108.0,139.0,1,1,0,0,0,0,1,0,0,0,0,0
颐安·雍悦华府,三水,北江新区,在售,20000,1室,60.0,105.0,1,1,0,0,0,0,1,0,0,0,0,0
顺控博悦湾新翼,顺德,顺德碧桂园,在售,11000,4室,130.5,176.0,1,0,0,0,0,1,1,1,0,0,0,0
中盛龙骧水岸,南海,大沥,在售,15500,"2室, 3室",103.0,176.5,1,1,0,0,0,0,1,0,1,0,0,0
致美家园,南海,狮山,在售,16000,"3室, 4室, 5室",263.0,610.0,1,1,1,0,0,0,1,0,0,0,0,0
岭南华曦府,顺德,大良东区,在售,17000,"3室, 4室",116.5,204.5,1,0,0,1,0,0,1,0,0,0,0,0
江鹤1号,鹤山市,鹤山市,在售,7000,"3室, 4室",116.0,67.5,1,0,1,0,0,0,0,0,0,0,0,0
春风潮鸣花园,鹤山市,鹤山市,在售,7750,"3室, 4室",93.0,62.5,1,1,0,0,0,0,0,0,0,0,1,0
春风潮鸣花园,鹤山市,鹤山市,在售,10000,"4室, 5室",222.5,227.5,1,1,0,0,0,0,0,0,0,0,1,0
顺峰府,顺德,大良东区,在售,17000,"2室, 3室, 4室",195.0,374.0,0,0,1,0,1,0,1,0,0,1,0,0
新怡明德世家,南海,盐步,在售,13500,"3室, 4室",115.0,160.0,1,0,0,0,0,0,1,1,1,0,0,0
东建天赋龙湾,禅城,张槎,在售,18500,"3室, 4室",142.0,276.5,1,1,0,0,1,0,1,0,0,0,0,0
智信明轩,高明,荷城,在售,6300,3室,101.5,62.5,1,0,0,0,0,0,1,0,1,0,0,0
博雅滨江,三水,西南街道,在售,20000,1室,48.0,97.0,1,1,1,0,0,0,1,0,0,0,0,0
捷和广场三期水溋坊,三水,云东海街道,在售,25000,1室,43.5,134.65,1,0,0,0,0,1,1,0,0,0,0,0
桐林天晋,南海,盐步,在售,17000,"2室, 3室",102.0,169.0,1,0,0,0,0,0,1,0,1,0,0,0
涛汇鎏金湾二期·瑞府,顺德,大良新区,在售,15000,"3室, 4室",130.0,210.0,1,0,0,0,1,0,1,0,0,0,0,0
怡亚通珑樾,禅城,岭南大道,在售,18000,"3室, 4室",108.0,1100.0,1,0,1,1,0,0,1,0,0,0,0,0
藏珑华府,顺德,陈村,在售,8800,"1室, 2室",48.5,40.0,1,0,0,0,0,0,1,1,0,0,0,0
智富新天地,顺德,杏坛,在售,7800,"3室, 4室",89.5,68.5,1,0,0,0,0,1,1,1,0,0,0,0
中兴汇富居,鹤山市,鹤山市,在售,6800,"3室, 4室, 5室",132.5,99.5,1,0,0,0,1,0,0,0,0,0,0,0
桃园高尔夫豪庭,南海,松岗,在售,20000,"6室, 7室, 8室",684.5,1390.0,1,0,0,0,0,0,1,0,1,0,0,0
万和融禧公馆,南海,千灯湖,在售,17000,"2室, 3室",96.5,177.5,0,0,0,0,0,0,1,0,1,0,0,0
大学城•禾粤,南海,狮山,在售,7500,"3室, 4室",105.5,85.0,1,0,0,0,0,1,1,1,0,0,0,0
天健汇,天河,车陂,售罄,37500,"1室, 3室",43.5,135.0,1,1,0,1,0,0,0,0,1,0,0,0
绿地云央,白云,太和,售罄,27500,"3室, 4室",118.0,275.0,1,1,1,1,0,0,0,0,0,0,0,0
智杰雅筑,从化,河滨北路,售罄,11000,"3室, 5室",166.0,140.0,1,0,0,0,1,0,0,0,0,0,0,0
南华时代城,花都,铁路西,售罄,20000,3室,114.5,220.0,1,0,0,0,0,0,0,0,0,0,1,1
中森茗苑,增城,新塘北,售罄,21000,3室,86.5,185.0,1,0,0,0,0,0,0,0,0,0,0,0
越秀星汇云城,白云,同和,售罄,53000,"2室, 3室, 4室",100.0,550.0,0,0,1,1,1,0,0,0,0,0,0,0
盈港国际,南沙,进港大道,售罄,14500,"1室, 2室, 3室",113.0,140.0,1,0,0,0,1,0,0,0,0,0,0,0
远东御江豪庭,荔湾,茶滘,售罄,40000,"0室, 2室, 3室",106.0,343.0,1,0,0,0,0,0,0,0,1,0,0,1
中海联南沙国贸中心,南沙,金洲,售罄,13000,2室,55.0,68.0,1,0,0,0,0,0,0,0,1,1,0,1
家和天曜,天河,黄村,售罄,33000,2室,47.5,135.0,1,0,0,0,1,0,0,0,0,0,0,0
大夫山尚东,番禺,市桥,售罄,24000,"2室, 3室, 4室",94.5,220.0,1,1,0,0,1,0,0,0,0,0,0,0
中鼎名汇,黄埔,黄埔区府,售罄,23500,"1室, 2室",67.5,170.0,1,0,0,0,1,0,0,0,0,0,0,0
保利罗兰国际4期,黄埔,科学城,售罄,41000,"1室, 2室, 3室",113.0,450.0,0,1,1,1,1,0,0,0,0,0,0,0
金地香山湖,增城,永宁,售罄,12000,4室,149.5,160.0,1,1,0,0,0,0,0,0,1,0,0,0
天马丽苑·悦璟湾,花都,铁路西,售罄,32000,"3室, 4室",122.0,360.0,0,0,1,0,1,0,0,0,0,0,0,0
增城一品山湖,增城,荔城增江,售罄,11000,"3室, 4室",128.0,130.0,1,1,0,1,0,0,0,0,0,0,1,0
合景誉山国际,增城,永宁,售罄,18000,"3室, 4室",108.0,90.0,1,1,1,0,0,0,0,0,0,0,0,0
华发荔湾荟,荔湾,滘口,售罄,22000,"2室, 3室",52.5,85.0,1,1,0,1,0,0,0,0,1,0,0,0
广州国际空港中心,花都,镜湖大道,售罄,12000,"1室, 2室",38.0,46.0,1,1,0,1,1,0,0,0,0,0,0,0
招商臻园,增城,新塘北,售罄,18000,"3室, 4室, 5室",119.0,230.0,1,1,1,1,0,0,0,0,0,0,0,0
越秀臻悦府,花都,镜湖大道,售罄,30000,4室,110.0,290.0,0,1,1,1,1,0,0,0,0,0,0,0
逸合中心,荔湾,鹤洞,售罄,34000,"2室, 3室",44.5,155.0,1,1,0,0,0,0,0,0,0,1,0,0
越秀国际总部广场,南沙,金洲,售罄,13500,"2室, 3室, 4室",63.5,70.0,1,1,0,1,0,0,0,0,0,0,1,0
合家和府,从化,旺城片区,售罄,12000,"2室, 3室",107.0,120.0,0,0,1,0,1,0,0,0,0,0,0,0
星河·湾区壹号,南沙,金洲,售罄,13000,"1室, 2室, 3室",56.0,80.0,1,1,0,0,0,0,0,0,0,0,0,0
祈福黄金海岸,花都,赤坭镇,售罄,7888,"2室, 3室, 4室",112.0,58.0,0,0,0,0,1,0,0,0,0,0,0,0
嘉骏幸福里,从化,旧城区,售罄,15500,3室,97.5,149.0,1,0,0,0,1,0,0,0,0,0,0,0
远洋招商保利东湾,增城,朱村,售罄,20000,"3室, 4室",103.0,188.0,1,1,1,1,0,0,0,0,0,0,0,0
合汇璟园,增城,增城碧桂园,售罄,35000,4室,228.5,800.0,1,1,1,0,0,0,0,0,0,0,0,0
珠光御景壹號,荔湾,黄沙,售罄,65000,"1室, 2室, 3室",75.0,400.0,1,0,0,0,1,0,0,0,0,0,0,0
纵横缤城,白云,新市,售罄,43000,"2室, 3室",85.5,360.0,1,0,0,0,1,0,0,0,0,0,0,1
广州大学城智慧谷,番禺,国际创新城,售罄,28600,1室,340.0,950.0,1,1,0,0,0,0,0,0,0,0,1,0
鸿成珠江玥,南沙,万顷沙,售罄,19000,"2室, 3室",88.5,180.0,0,0,0,0,1,0,0,0,0,0,0,0
保利阅云台,白云,新市,售罄,45000,"3室, 4室",103.5,450.0,0,1,1,1,1,0,0,0,0,0,0,0
南沙.越秀明珠天悦江湾,南沙,明珠湾,售罄,30000,"3室, 4室",129.0,260.0,1,1,0,1,1,0,0,0,0,0,0,0
中国铁建·花语岭南,番禺,金山谷,售罄,45000,"4室, 5室",152.5,650.0,0,1,1,1,1,0,0,0,0,0,0,0
保利拾光年,黄埔,知识城,售罄,25500,"2室, 3室, 4室",80.0,235.0,0,1,1,1,0,0,0,0,0,0,0,0
越秀臻裕府,花都,镜湖大道,售罄,28000,"3室, 4室",111.0,290.0,0,1,1,1,1,0,0,0,0,0,0,0
合盛·秀丽庄园,增城,小楼镇,售罄,18600,5室,215.0,500.0,0,1,1,0,0,0,0,0,0,0,0,0
兰园·凤翎台,花都,镜湖大道,售罄,23800,"3室, 4室",101.5,238.0,0,1,1,0,1,0,0,0,0,0,0,0
领南星河荣誉,南沙,南沙港,售罄,28000,"3室, 4室, 5室",114.0,280.0,0,1,1,0,1,0,0,0,0,0,0,0
大华·紫悦府,番禺,市桥,售罄,27000,"2室, 3室, 4室",111.0,260.0,0,1,1,0,1,0,0,0,0,0,0,0
大华·紫悦府,番禺,市桥,售罄,29000,"3室, 4室",108.0,90.0,1,1,1,0,0,0,0,0,0,0,0,0
龙湖天著,白云,人和,售罄,26000,"3室, 4室",116.5,230.0,0,0,1,0,1,0,0,0,0,0,0,0
时代龙湖天著,白云,人和,售罄,23000,"3室, 4室",108.0,65.0,1,1,0,0,0,0,0,0,0,0,0,0
珠江壹号,海珠,广州大道南,售罄,48000,"2室, 3室, 4室",72.0,240.0,1,0,1,0,0,0,0,0,0,0,0,0
璞悦台,番禺,市桥北,售罄,31000,"3室, 4室",115.0,320.0,0,1,1,0,1,0,0,0,0,0,0,0
四海城商业广场,番禺,万博,售罄,30000,31室,2150.0,150.0,0,0,0,0,0,0,0,0,0,1,1,0
光大ONE+,增城,永宁,售罄,30000,"3室, 4室",108.0,200.0,1,1,1,0,0,0,0,0,0,0,0,0
星樾山畔TOD,黄埔,科学城,售罄,36500,"3室, 4室",95.0,365.0,0,1,1,1,1,0,0,0,0,0,0,0
星汇城,黄埔,知识城,售罄,22000,"3室, 4室",101.5,210.0,0,1,1,1,1,0,0,0,0,0,0,0
时代云来（广州）,白云,人和,售罄,25000,"3室, 4室",92.0,210.0,0,1,1,0,1,0,0,0,0,0,0,0
万科金域曦府,荔湾,花地湾,售罄,55000,"2室, 3室, 4室",102.0,550.0,1,1,0,1,0,0,0,0,0,0,1,0
星河智荟,南沙,明珠湾,售罄,24000,"3室, 4室",108.0,250.0,0,1,1,0,1,1,0,0,0,0,0,0
越秀和樾府,番禺,汉溪长隆,售罄,66000,"3室, 4室, 5室",184.0,700.0,1,1,1,1,0,0,0,0,0,0,0,0
保利悦公馆,番禺,金山谷,售罄,38000,"2室, 3室, 4室",115.5,345.0,0,1,1,1,1,0,0,0,0,0,0,0
保利·明玥晨光,花都,新区,售罄,27500,"3室, 4室",113.5,260.0,1,1,1,1,0,0,0,0,0,0,0,0
雅居乐天际715,荔湾,芳村,售罄,60000,2室,73.5,387.0,1,1,0,0,0,0,0,0,0,0,0,0
时代云来（广州）,白云,人和,售罄,35000,"3室, 4室",108.0,200.0,1,1,0,0,0,0,0,0,1,0,0,0
保利阅云台,白云,新市,售罄,50000,1室,28.0,300.0,1,1,1,1,0,0,0,0,0,0,0,0
越秀国际总部广场,南沙,金洲,售罄,25000,"3室, 4室",108.0,300.0,1,1,0,1,0,0,0,0,0,0,1,0
保利大都汇,番禺,汉溪长隆,售罄,30000,"6室, 10室",3241.5,6000.0,1,1,1,1,0,0,0,0,0,0,0,0
雅居乐滨江雅苑,从化,太平镇,售罄,11500,"3室, 4室",87.0,90.0,1,1,1,0,0,0,0,0,0,0,0,0
中海联南沙国贸中心,南沙,金洲,售罄,18000,1室,182.5,120.0,1,0,0,0,0,0,0,0,1,1,0,1
明珠湾壹号,南沙,明珠湾,售罄,50000,3室,350.0,1588.0,1,0,1,1,0,0,0,0,0,0,0,0
中国铁建环球中心,南沙,南沙区府,售罄,12600,1室,43.5,75.0,0,1,0,1,0,0,0,0,1,1,0,0
保利湾上,南沙,黄阁,售罄,22000,"2室, 3室, 4室",93.5,200.0,1,1,1,1,0,0,0,0,0,0,0,0
奥园中新城市天地,增城,中新镇,售罄,21500,"3室, 4室",87.0,185.0,1,1,1,0,0,0,0,0,0,1,0,0
合景臻玥广场,黄埔,科学城,售罄,55000,"3室, 4室",108.0,1600.0,1,1,1,0,0,0,0,0,0,1,0,0
中建弘阳德信·湾璟壹号,南沙,万顷沙,售罄,20000,"3室, 4室",98.5,180.0,0,1,1,1,1,0,0,0,0,0,0,0
万科城市之光,黄埔,文冲,售罄,50000,"3室, 4室",127.0,450.0,1,1,0,1,0,0,0,0,0,0,0,0
越秀·星汇文玺,番禺,国际创新城,售罄,38000,"2室, 3室, 4室",97.5,370.0,1,1,0,1,1,0,0,0,0,0,0,0
中交国际邮轮广场,南沙,南沙港,售罄,24000,1室,467.0,845.0,1,1,1,1,0,0,0,0,0,0,0,0
美的江上沄启,南沙,明珠湾,售罄,30000,"2室, 3室",119.0,300.0,1,1,0,0,0,0,0,0,0,0,0,0
金地半山风华,增城,永宁,售罄,12000,"2室, 3室",86.0,120.0,0,0,0,0,1,0,0,0,0,0,0,0
美的江上沄启,南沙,明珠湾,售罄,19500,"2室, 4室",49.5,74.0,1,1,0,0,0,0,0,0,0,0,0,0
领南星河荣誉,南沙,南沙港,售罄,34000,"3室, 4室",108.0,160.0,1,1,1,0,0,0,0,0,0,0,0,0
中建玖玥湾,南沙,南沙港,售罄,35000,"3室, 4室",120.0,400.0,1,1,0,1,1,0,0,0,0,0,0,0
中海联睿品,增城,新塘北,售罄,30000,"3室, 4室",108.0,150.0,1,0,1,0,0,0,0,0,0,0,0,1
合景臻玥广场,黄埔,科学城,售罄,55000,5室,317.5,1721.0,0,1,1,0,1,0,0,0,0,0,0,0
保利越秀·天启,荔湾,鹤洞,售罄,50000,"2室, 3室, 4室",103.5,600.0,1,1,0,1,0,0,0,0,0,0,0,0
越秀星寰TOD,番禺,钟村,售罄,36000,"2室, 3室, 4室",111.0,320.0,0,1,1,1,1,0,0,0,0,0,0,0
铂玥明珠ONE,南沙,明珠湾,售罄,28000,"2室, 3室, 4室",96.0,250.0,1,1,1,0,0,0,0,0,0,0,0,0
保利南方财经大厦,天河,金融城,售罄,42000,6室,353.0,1500.0,1,1,0,1,0,0,0,0,0,0,0,0
越秀·星汇文玺,番禺,国际创新城,售罄,18000,"1室, 4室",56.0,150.0,1,1,0,1,1,0,0,0,0,0,0,0
凯得金融中心,黄埔,科学城,售罄,26000,1室,1001.5,2600.0,0,1,0,1,0,0,0,0,1,1,0,0
越秀明珠天悦江湾,南沙,明珠湾,售罄,27000,"3室, 4室",108.0,900.0,1,1,0,1,0,0,0,0,0,0,1,0
星汇城,黄埔,知识城,售罄,15000,"3室, 4室",108.0,60.0,1,1,1,1,0,0,0,0,0,0,0,0
凯德双桥新作,荔湾,大坦沙,售罄,50000,"2室, 3室, 4室",101.0,450.0,1,1,0,0,1,0,0,0,0,1,0,0
保利时代,从化,江浦街,售罄,22000,"3室, 4室",108.0,75.0,1,1,0,1,0,0,0,0,0,0,1,0
金地半山风华,增城,永宁,售罄,22500,"3室, 4室",108.0,100.0,1,1,0,0,0,0,0,0,1,0,0,0
招商保利海珠天珺,海珠,黄埔村,售罄,30000,"3室, 4室",111.0,300.0,1,1,1,1,0,0,0,0,0,0,0,0
招商保利海珠天珺,海珠,黄埔村,售罄,50000,"3室, 4室",108.0,330.0,1,1,1,1,0,0,0,0,0,0,0,0
保利时光印象,南沙,金洲,售罄,18000,"3室, 4室",93.0,130.0,1,1,0,1,1,0,0,0,0,0,0,0
美的江上沄启,南沙,明珠湾,售罄,27000,"3室, 4室",108.0,100.0,1,1,0,0,0,0,0,0,0,0,0,0
富豪山庄·领峰,番禺,富豪山庄,售罄,30000,1室,80.0,159.0,0,0,1,0,0,0,0,0,0,0,0,1
越秀·星汇文玺,番禺,国际创新城,售罄,38000,"3室, 4室",108.0,90.0,1,1,0,1,0,0,0,0,0,0,0,0
中建玖玥湾,南沙,南沙港,售罄,17000,"1室, 2室, 3室",51.5,76.0,1,1,0,1,1,0,0,0,0,0,0,0
富力新城,黄埔,开发东区,售罄,43000,1室,76.0,355.0,1,0,0,0,0,0,0,0,0,0,1,1
琶洲One57,海珠,磨碟沙,售罄,55000,"1室, 3室",50.5,230.0,1,1,0,1,0,0,0,0,1,0,0,0
亿凯创智汇,白云,太和,售罄,14000,3室,64.0,50.0,0,0,0,0,0,0,0,0,1,0,0,1
保利罗兰国际（商业）,黄埔,科学城,售罄,40000,"3室, 4室",108.0,350.0,1,1,1,1,0,0,0,0,0,0,0,0
禧都华庭,花都,铁路西,售罄,28000,1室,40.0,114.0,1,1,0,0,0,0,0,0,1,1,0,0
金地云上,增城,中新镇,售罄,20000,"3室, 4室",108.0,95.0,1,1,1,0,0,0,0,0,0,0,0,1
星樾山畔TOD,黄埔,科学城,售罄,40000,"3室, 4室",108.0,200.0,1,1,1,1,0,0,0,0,0,0,0,0
禧都华庭,花都,铁路西,售罄,28000,1室,40.0,114.0,1,1,0,0,0,0,0,0,1,0,0,1
保利雅郡,荔湾,广钢新城,售罄,45000,"3室, 4室",89.0,398.0,1,1,0,1,1,0,0,0,0,0,0,0
龙光·玖龙湖,四会,大旺,售罄,6500,"2室, 3室",58.5,30.0,1,1,0,0,0,0,0,0,0,0,1,0
保利爱乐小镇,四会市,大旺广场,售罄,5800,"2室, 3室, 4室",107.0,50.0,1,0,0,1,0,0,0,0,0,0,1,0
龙光玖誉城,鼎湖区,鼎湖,售罄,9300,"2室, 3室, 4室",101.5,90.0,1,1,0,0,0,0,0,0,0,0,1,0
碧桂园明珠花园,四会,大旺,售罄,5500,3室,92.5,50.0,1,1,0,0,1,0,0,0,0,0,0,0
恒大名都,四会,大旺,售罄,6400,"3室, 4室",120.0,50.0,1,1,0,0,0,0,0,0,0,0,1,0
