字段1_文本,字段3,字段4,字段6,字段7_文本,字段8,字段9,字段10,字段11,字段13,字段14,字段15,字段16,字段17,字段18,字段19
保利南沙天汇,在售,南沙,黄阁,黄阁南路与进港大道交界处西南侧,2室,3室,4室,建面 78-135㎡,特价好房,低单价,车位充足,绿化率高,15000, 元/㎡(均价),总价125-330(万/套)
保利招商华发中央公馆,在售,黄埔,黄埔区府,护林路保利招商华发中央公馆,2室,3室,,建面 81-159㎡,绿化率高,人车分流,国央企,品牌房企,45000, 元/㎡(均价),总价410-520(万/套)
中建海丝城,在售,黄埔,文冲,广州市黄埔区黄埔东路1568号,3室,4室,,建面 78-117㎡,绿化率高,人车分流,国央企,品牌房企,34000, 元/㎡(均价),总价250-410(万/套)
中建·星光城,在售,白云,石井,石沙路与朝阳联滘街交界处,3室,4室,,建面 69-100㎡,低单价,低总价,绿化率高,人车分流,26000, 元/㎡(均价),总价175-260(万/套)
星河·盛世锦城,在售,番禺,雅居乐,广东省广州市番禺区陈地路44号,3室,4室,,建面 95-139㎡,绿色建筑,车位充足,品牌房企,近地铁,37000, 元/㎡(均价),总价325-491(万/套)
合生中央城（住宅）,在售,黄埔,香雪,广州市黄埔区岗荔街8号,2室,3室,4室,建面 85-169㎡,低总价,绿化率高,人车分流,入户花园,30000, 元/㎡(均价),总价225-580(万/套)
景业东湖洲豪园,在售,南沙,南沙湾,广东省广州市南沙区环市大道南横地铁站200米,3室,,,建面 95-121㎡,车位充足,低密居所,置换改善,养老舒适,26000, 元/㎡(均价),总价320-330(万/套)
南沙珠江湾,在售,南沙,南沙湾,漾滨路和海滨路交汇处,,,,,人车分流,大型社区,品牌房企,贴心物业,30000, 元/㎡(均价),总价318(万/套)
碧桂园云顶,在售,增城,凤凰城,广东省广州市增城区广惠高速路口西侧50米,3室,4室,,建面 90-205㎡,车位充足,人车分流,品牌房企,水系园林,14000, 元/㎡(均价),总价137-190(万/套)
新世界凯粤湾,在售,荔湾,滘口,芳村大道西236号,3室,4室,,建面 95-133㎡,绿化率高,人车分流,品牌房企,入户花园,43000, 元/㎡(均价),总价480-690(万/套)
东方名都,在售,增城,白江,东江大道北8号,2室,3室,4室,建面 40-142㎡,绿化率高,人车分流,入户花园,健身跑道,19000, 元/㎡(均价),总价200-348(万/套)
广州敏捷绿湖首府,在售,增城,石滩镇,石滩镇新城大道石滩中学北侧400米,2室,,,建面 71-123㎡,低单价,低总价,车位充足,人车分流,8500, 元/㎡(均价),总价64-94(万/套)
顺欣花园,在售,增城,新塘北,荔新十二路98号,2室,3室,4室,建面 80-138㎡,人车分流,大型社区,儿童乐园,地铁沿线,14800, 元/㎡(均价),总价124.3-226(万/套)
新鸿基御华园,在售,花都,狮岭镇,广州花都狮岭狮岭大道东1号,2室,3室,,建面 67-119㎡,低单价,低总价,人车分流,大型社区,15000, 元/㎡(均价),总价88-180(万/套)
雍晟岭南雅苑,在售,从化,江浦街,江埔街大江路13号,,,,建面 89㎡,绿化率高,人车分流,品牌房企,入户花园,16000, 元/㎡(均价),总价145(万/套)
霍英东集团·南天名苑,在售,番禺,洛溪,洛浦街洛溪环岛北路8号,4室,5室,,建面 140-480㎡,车位充足,低密居所,国央企,置换改善,90000, 元/㎡(均价),总价1120-6300(万/套)
卓粤卓雅名苑,在售,花都,花城街,建设北路223号,2室,3室,4室,建面 77-125㎡,低单价,低总价,车位充足,绿化率高,14500, 元/㎡(均价),总价130-180(万/套)
万科幸福誉1期,在售,黄埔,知识城,中新知识城•地铁何棠下站（麦当劳旁）,4室,,,建面 66-166㎡,车位充足,绿化率高,国央企,品牌房企,31000, 元/㎡(均价),总价550(万/套)
科城山庄峻森园,待售,黄埔,科学城,峻祥路与峻福路交汇处,3室,4室,,建面 63-185㎡,大型社区,近地铁,地铁沿线,大平层,41000, 元/㎡(均价),总价530-670(万/套)
珠江国际城,在售,从化,神岗镇,广州地铁14号线神岗站A出口前行约400米,3室,4室,,建面 79-200㎡,低单价,低总价,车位充足,绿化率高,8500, 元/㎡(均价),总价73-320(万/套)
富雅都市华庭,在售,增城,新塘北,汇太东路233号,1室,3室,4室,建面 38-116㎡,人车分流,大型社区,避暑,儿童乐园,15600, 元/㎡(均价),总价65-220(万/套)
珠光山水御苑,在售,从化,江浦街,广州市从化温泉大道13号,4室,,,建面 141-171㎡,低单价,车位充足,绿化率高,健身跑道,8000, 元/㎡(均价),总价175(万/套)
致岭假日花园,在售,花都,狮岭镇,花都狮岭大道6号,3室,4室,,建面 94-111㎡,低单价,低总价,车位充足,绿化率高,13000, 元/㎡(均价),总价135-190(万/套)
尚东阳光雅苑,在售,增城,沙村,新塘镇西宁西路618号,1室,2室,3室,建面 49-143㎡,绿化率高,人车分流,品牌房企,入户花园,14000, 元/㎡(均价),总价65-185(万/套)
荔富湖畔,在售,增城,朱村,朱村街朱村大道东88号,3室,4室,,建面 104-168㎡,车位充足,绿化率高,品牌房企,入户花园,14000, 元/㎡(均价),总价142-235(万/套)
南沙金茂湾,在售,南沙,明珠湾,南沙明珠湾灵山岛尖沙嘴中路以南,1室,,,建面 138-230㎡,车位充足,大型社区,国央企,品牌房企,16000, 元/㎡(均价),总价455(万/套)
湾际·滨江,在售,南沙,进港大道,滨海路和倚涛三街交汇处,3室,5室,6室,建面 89-172㎡,低总价,人车分流,大型社区,品牌房企,26000, 元/㎡(均价),总价180-350(万/套)
海珠湖景峰,在售,海珠,南洲,南洲路761号-819号,2室,3室,,建面 69-133㎡,低总价,车位充足,绿化率高,多轨交汇,45000, 元/㎡(均价),总价280-400(万/套)
臻尚苑,在售,番禺,广州南站,广州市番禺区石壁街道石洲中路100号,2室,3室,,建面 96-118㎡,低单价,低总价,绿化率高,人车分流,28000, 元/㎡(均价),总价280-472(万/套)
合汇·中央广场,在售,增城,荔城中区,荔景大道合汇·中央广场,2室,3室,5室,建面 78-174㎡,人车分流,大型社区,品牌房企,入户花园,21000, 元/㎡(均价),总价267-574(万/套)
大城云山,在售,从化,太平镇,广从南路1033号,3室,,,建面 121-142㎡,绿化率高,低密居所,置换改善,高品质小区,13000, 元/㎡(均价),总价250(万/套)
珠江源昌花园,在售,南沙,横沥,珠江街新广三路1号,3室,4室,,建面 79-123㎡,低单价,低总价,绿化率高,人车分流,20000, 元/㎡(均价),总价235-250(万/套)
江源半岛花园,在售,天河,金融城,黄埔大道车陂南路1、3、5、7号(4、5号线地铁交汇处南侧),2室,3室,,建面 70-127㎡,绿化率高,人车分流,品牌房企,近地铁,100000, 元/㎡(均价),总价630-963(万/套)
惠百氏广场,在售,增城,白江,增城新塘大林边路6号（13号线白江站D1口100米）,2室,3室,,建面 75-130㎡,人车分流,大型社区,自持商业,近地铁,15000, 元/㎡(均价),总价126-239(万/套)
仁安花园,在售,增城,朱村,广州市增城区朱村街朱宁公路1号、3号、5号,2室,3室,,建面 80-93㎡,低单价,低总价,绿化率高,人车分流,11000, 元/㎡(均价),总价100-110(万/套)
紫泉流溪湾,在售,从化,太平镇,105国道从化太平段紫泉流溪湾,,,,建面 88-203㎡,车位充足,绿化率高,入户花园,临近高速,16000, 元/㎡(均价),总价195(万/套)
中泰天境,在售,黄埔,知识城,九龙镇萝岗广汕公路与九龙大道交汇处,4室,,,建面 130㎡,低单价,低总价,车位充足,绿化率高,23000, 元/㎡(均价),总价300(万/套)
嘉御豪庭,在售,增城,石滩镇,石滩大道南128号,2室,3室,4室,建面 67-133㎡,低单价,人车分流,大型社区,儿童乐园,12600, 元/㎡(均价),总价97-170(万/套)
合景誉山国际,在售,增城,永宁,增城区新新大道合景誉山国际营销中心,3室,,,建面 74-142㎡,低单价,低总价,绿化率高,人车分流,10000, 元/㎡(均价),总价80(万/套)
凯德·中新里,在售,黄埔,知识城,广州市黄埔区九龙大道地铁棠下站C口南向100米,2室,3室,4室,建面 76-140㎡,低单价,低总价,车位充足,绿化率高,21000, 元/㎡(均价),总价135-300(万/套)
顺丰翠园,在售,白云,石井,石井兆丰路120号,3室,4室,,建面 80-172㎡,低单价,低总价,车位充足,绿化率高,25000, 元/㎡(均价),总价185-450(万/套)
中海亚运城,在售,番禺,亚运城,广州市番禺区康体路亚运城销售中心（4号线海傍站A出口）,2室,3室,4室,建面 87-250㎡,低单价,低总价,绿化率高,人车分流,25000, 元/㎡(均价),总价200-700(万/套)
华标峰湖御境,在售,黄埔,科学城,广州市黄埔区广汕公路与天鹿南路交汇处 广州地铁6号线黄陂地铁站（导航地址：华标峰湖御境售楼部）,4室,8室,9室,建面 328-648㎡,车位充足,低密居所,置换改善,养老舒适,57000, 元/㎡(均价),总价1800-3240(万/套)
南沙珠江湾,在售,南沙,南沙湾,漾滨路和海滨路交汇处,1室,2室,3室,建面 35-99㎡,低单价,低总价,人车分流,大型社区,9000, 元/㎡(均价),总价35-100(万/套)
尚上名筑,在售,番禺,亚运城,亚运大道尚上名筑,2室,3室,,建面 78-137㎡,低单价,低总价,绿化率高,人车分流,24000, 元/㎡(均价),总价210-360(万/套)
金泽豪庭,在售,增城,白江,广州市增城区新塘镇金泽路1号,3室,4室,,建面 53-121㎡,人车分流,大型社区,近地铁,地铁沿线,15200, 元/㎡(均价),总价144-205(万/套)
金融街花溪小镇,在售,花都,花东镇,花都大道东228号,1室,2室,3室,建面 71-132㎡,低单价,低总价,车位充足,绿化率高,10000, 元/㎡(均价),总价70-185(万/套)
华海·悦湾,在售,南沙,南沙港,广州市南沙区黄山鲁森林公园东门,2室,3室,,建面 78-119㎡,低单价,低总价,车位充足,人车分流,17500, 元/㎡(均价),总价130-220(万/套)
越秀星汇海珠湾,在售,海珠,工业大道中,广州市海珠区工业大道中广纸路40号,3室,4室,5室,建面 33-223㎡,绿化率高,人车分流,国央企,品牌房企,30000, 元/㎡(均价),总价300-750(万/套)
金时花园,在售,增城,荔城增江,增江街纬六路5号,2室,3室,4室,建面 84-140㎡,低单价,低总价,车位充足,人车分流,9300, 元/㎡(均价),总价78-131(万/套)
石滩第一城,在售,增城,石滩镇,广州市增城区石滩镇立新东路56号,3室,,,建面 89-132㎡,低单价,低总价,车位充足,人车分流,12000, 元/㎡(均价),总价155-160(万/套)
雅宝新城,在售,花都,秀全街,新华街平步大道中131号,3室,,,建面 100-195㎡,低总价,车位充足,绿化率高,水系园林,16800, 元/㎡(均价),总价169-230(万/套)
山璟轩,在售,增城,新塘南,新塘镇广深大道东107号（新塘牛仔城对面）,3室,,,建面 62-87㎡,小型社区,封闭管理,地铁沿线,公交直达,19500, 元/㎡(均价),总价120-125(万/套)
汇港威华雅苑,在售,增城,朱村,朱村大道东178号,3室,,,建面 85-113㎡,低单价,低总价,车位充足,人车分流,12000, 元/㎡(均价),总价136(万/套)
源海仙村一号,在售,增城,石滩镇,荔新大道与仙村大道交汇处,2室,3室,,建面 86-129㎡,低单价,车位充足,人车分流,入户花园,12500, 元/㎡(均价),总价138-212(万/套)
元邦山清水秀,在售,花都,狮岭镇,山前大道1242号,3室,4室,,建面 95-136㎡,低单价,低总价,绿化率高,低密居所,8500, 元/㎡(均价),总价94-145(万/套)
三江盛汇,待售,增城,石滩镇,石滩镇沙庄光明西路100号,,,,建面 111-144㎡,低单价,绿化率高,大三居,现房,12000, 元/㎡(均价),总价135-173(万/套)
合和新城,在售,花都,镜湖大道,广东省广州市花都区迎宾大道3号,2室,3室,4室,建面 75-207㎡,车位充足,大型社区,近地铁,地铁沿线,19000, 元/㎡(均价),总价180-457(万/套)
南沙湾御苑,在售,南沙,南沙港,进港大道和港前大道交汇处,4室,,,建面 103-255㎡,低单价,车位充足,低密居所,置换改善,22000, 元/㎡(均价),总价600(万/套)
叠溪花园,在售,增城,朱村,朱村街道朱石路以东,3室,,,建面 77-126㎡,低单价,低总价,车位充足,人车分流,10500, 元/㎡(均价),总价96-122(万/套)
大宏锦绣,在售,南沙,南沙湾,环市大道南南沙小学对面300米处,3室,4室,,建面 123-142㎡,车位充足,人车分流,自持商业,近地铁,25000, 元/㎡(均价),总价310-360(万/套)
绿地珑玥府,在售,增城,荔城增江,大道南（纬四路口）,3室,4室,,建面 98-138㎡,车位充足,人车分流,国央企,品牌房企,17000, 元/㎡(均价),总价168-250(万/套)
中交汇通中心,在售,南沙,明珠湾,江灵北路和纵三路交汇处,,,,,车位充足,人车分流,国央企,品牌房企,38000, 元/㎡(均价),总价400(万/套)
合生湖山国际,在售,增城,凤凰城,广州增城新塘镇陈家林路合生湖山国际营销中心,2室,3室,4室,建面 80-135㎡,大型社区,封闭管理,品牌房企,儿童乐园,16000, 元/㎡(均价),总价132-225(万/套)
嘉东广场,在售,从化,旺城片区,从城大道旁（大广高速城郊出口右转600米）,2室,3室,,建面 81-127㎡,绿化率高,人车分流,儿童乐园,公交直达,12000, 元/㎡(均价),总价98-153(万/套)
合景誉山国际,在售,增城,永宁,新新公路合景誉山国际,2室,,,建面 32-49㎡,绿化率高,人车分流,品牌房企,健身跑道,8500, 元/㎡(均价),总价43(万/套)
腾步大厦,待售,花都,旧区,迎宾大道4号,,,,,小型社区,公交直达,综合商场,超市,价格待定,,
腾步大厦,待售,花都,旧区,迎宾大道4号,,,,,小型社区,公交直达,综合商场,超市,价格待定,,
都湖国际,在售,花都,旧区,新华路96号,3室,5室,,建面 82-247㎡,车位充足,绿化率高,品牌房企,地铁沿线,28000, 元/㎡(均价),总价420-938(万/套)
东江逸珑湾,在售,增城,新塘南,沿江大道39号（甘泉小学东侧）,3室,4室,,建面 89-162㎡,人车分流,大型社区,品牌房企,贴心物业,21000, 元/㎡(均价),总价260-350(万/套)
世茂珠江天鹅湾,待售,海珠,工业大道北,革新路126号,,,,建面 237-294㎡,车位充足,绿化率高,品牌房企,健身跑道,130000, 元/㎡(均价),总价3000(万/套)
敏捷尚品国际,在售,南沙,进港大道,进港大道183号,2室,,,建面 57-93㎡,低单价,低总价,大型社区,品牌房企,9000, 元/㎡(均价),总价57(万/套)
珠江花城,在售,天河,黄村,东圃岐山183号,3室,4室,5室,建面 76-140㎡,绿化率高,人车分流,国央企,品牌房企,50000, 元/㎡(均价),总价400-900(万/套)
保利金沙大都汇,在售,白云,金沙洲,环洲二路86号（沙贝地铁站A1出口）,,,,,低总价,车位充足,人车分流,国央企,60000, 元/㎡(均价),总价700(万/套)
花悦台,在售,花都,狮岭镇,狮岭金狮大道四街花悦台销售中心,3室,,,建面 83-93㎡,低单价,低总价,人车分流,小型社区,9000, 元/㎡(均价),总价80-81(万/套)
星图TOD,在售,增城,新塘北,地铁13号线官湖车辆段（官湖站B出口）,1室,2室,3室,建面 78-135㎡,车位充足,人车分流,国央企,品牌房企,21000, 元/㎡(均价),总价221-391(万/套)
中洲公馆,在售,番禺,市桥,市桥北桥路1号,,,,建面 42-84㎡,车位充足,绿化率高,品牌房企,贴心物业,35000, 元/㎡(均价),总价147(万/套)
美的云筑,在售,南沙,鱼窝头,广州市南沙区东涌镇鱼窝头体育文化广场对面,3室,4室,,建面 83-127㎡,低单价,低总价,车位充足,绿化率高,21000, 元/㎡(均价),总价200-260(万/套)
祈福万景峰,在售,花都,铁路西,新华街望岗路6号,2室,3室,4室,建面 60-143㎡,低总价,人车分流,大型社区,贴心物业,15900, 元/㎡(均价),总价95-188(万/套)
侨建御溪谷北区,在售,增城,中新镇,风光路399号,4室,,,建面 285㎡,车位充足,绿化率高,置换改善,近地铁,21500, 元/㎡(均价),总价613(万/套)
天睿,在售,番禺,会江,石北工业路（大石地铁站与会江地铁站之间）,2室,3室,4室,建面 43-185㎡,绿化率高,人车分流,置换改善,贴心物业,22000, 元/㎡(均价),总价125-1280(万/套)
临港国际商务大厦,待售,南沙,万顷沙,龙穴大道中123号,,,,,小型社区,公交直达,近主干道,现房,23000, 元/㎡(均价),
珠江铂世湾,在售,番禺,雅居乐,万博.江山高尔夫俱乐部东侧,3室,4室,,建面 105-138㎡,特价好房,低总价,车位充足,绿化率高,38000, 元/㎡(均价),总价390-490(万/套)
淘金半山御庭,在售,越秀,淘金,淘金西街18号,3室,4室,5室,建面 102-205㎡,绿化率高,人车分流,贴心物业,近地铁,110000, 元/㎡(均价),总价1053-3400(万/套)
汇金国际金融中心,在售,天河,金融城,黄埔大道中660号,,,,,车位充足,人车分流,国央企,品牌房企,43000, 元/㎡(均价),总价800(万/套)
汇金国际金融中心,在售,天河,金融城,黄埔大道中660号,,,,,车位充足,大型社区,国央企,品牌房企,43000, 元/㎡(均价),总价800(万/套)
保利金沙大都汇,在售,白云,金沙洲,环洲二路86号（沙贝地铁站A1出口）,2室,,,建面 30-42㎡,人车分流,大型社区,国央企,品牌房企,20000, 元/㎡(均价),总价81-140(万/套)
中交汇通中心,在售,南沙,明珠湾,江灵北路和纵三路交汇处,1室,,,建面 49-102㎡,低总价,人车分流,大型社区,国央企,22000, 元/㎡(均价),总价88-183(万/套)
香江天赋,在售,增城,凤凰城,广园东开创大道北埔南路翡翠绿洲内部,4室,5室,,建面 88-204㎡,车位充足,人车分流,品牌房企,健身跑道,27000, 元/㎡(均价),总价280(万/套)
广州钢铁博汇,待售,黄埔,开发西区,广州经济技术开发区西基工业区西基路,,,,,大型社区,国央企,品牌房企,公交直达,32000, 元/㎡(均价),总价345(万/套)
建发央玺,在售,白云,石井,石潭路568号,5室,,,建面 98-196㎡,车位充足,人车分流,国央企,品牌房企,40000, 元/㎡(均价),总价800(万/套)
首创碧桂园悦山府,在售,增城,荔城增江,增江区狮尾路2号,3室,4室,,建面 97-114㎡,低单价,低总价,车位充足,绿化率高,11000, 元/㎡(均价),总价110-135(万/套)
沁园,在售,黄埔,香雪,开源大道201号,5室,6室,,建面 170-367㎡,车位充足,绿化率高,置换改善,休闲会所,57000, 元/㎡(均价),总价950-2350(万/套)
仟信广场,在售,从化,河滨北路,仟信街12号,3室,,,建面 108-150㎡,车位充足,绿化率高,儿童乐园,近地铁,12500, 元/㎡(均价),总价140-250(万/套)
中冶·逸璟台,在售,黄埔,科学城,永顺大道长岭路以北（长岭居小学西北侧300米）,2室,5室,,建面 96-212㎡,车位充足,绿化率高,国央企,品牌房企,50000, 元/㎡(均价),总价505-1000(万/套)
康大龙祥汇,在售,黄埔,知识城,中新知识城旺村地铁站旁,2室,3室,4室,建面 106-174㎡,车位充足,绿化率高,国央企,置换改善,40000, 元/㎡(均价),总价350-580(万/套)
保利时代,在售,从化,江浦街,广东省广州市从化区灌村路凤鸣西四街5号,2室,3室,,建面 61-113㎡,低总价,车位充足,绿化率高,国央企,12500, 元/㎡(均价),总价86-160(万/套)
中国中铁·诺德名著,在售,增城,荔城西区,荔城街明慧路12号,,,,建面 98-128㎡,车位充足,人车分流,国央企,品牌房企,18000, 元/㎡(均价),总价200(万/套)
方舟公馆,在售,荔湾,东塱,东沙大道16号,,,,,车位充足,人车分流,贴心物业,自持商业,价格待定,,
岭南V谷,在售,荔湾,菊树,花地大道南657号,,,,,人车分流,大型社区,国央企,品牌房企,20000, 元/㎡(均价),总价150(万/套)
岭南V谷,在售,荔湾,菊树,花地大道南657号,1室,2室,,建面 45-55㎡,低单价,低总价,绿化率高,人车分流,21000, 元/㎡(均价),总价100-120(万/套)
天健云山府,在售,白云,白云大道南,白云大道南397号,4室,,,建面 75-144㎡,车位充足,人车分流,国央企,品牌房企,110000, 元/㎡(均价),总价1430-1496(万/套)
百花山庄,在售,增城,荔城西区,百花路88号,3室,4室,,建面 95-255㎡,车位充足,绿化率高,置换改善,私属庭院,18000, 元/㎡(均价),总价185-445(万/套)
保利中海金地·大国璟,在售,增城,荔城西区,增城大道南467号,3室,4室,,建面 73-124㎡,低单价,低总价,车位充足,大型社区,13000, 元/㎡(均价),总价110-220(万/套)
时代绿庭山语,待售,南沙,大岗镇,潭灵大道大岗镇政府旁,2室,3室,,建面 43-120㎡,低单价,低总价,绿化率高,人车分流,21000, 元/㎡(均价),总价185-270(万/套)
广地花园,在售,番禺,星河湾,广州番禺华快出口左侧,2室,3室,4室,建面 74-167㎡,低单价,低总价,车位充足,低密居所,27000, 元/㎡(均价),总价270-540(万/套)
天健云山府,在售,白云,白云大道南,白云大道南397号,,,,,车位充足,人车分流,国央企,品牌房企,60000, 元/㎡(均价),总价350(万/套)
越秀星汇海珠湾204地块滨水独栋商业,在售,海珠,工业大道中,广州市海珠区广纸路40号,,,,,大型社区,国央企,品牌房企,近地铁,62000, 元/㎡(均价),总价4050(万/套)
星悦轩,在售,白云,马务,黄石西顺兴路31-35号,3室,,,建面 74-110㎡,低总价,车位充足,人车分流,地铁沿线,31000, 元/㎡(均价),总价282-362(万/套)
中海熙园,在售,南沙,东涌,东涌吉祥西路（文化广场旁）,4室,5室,,建面 88-131㎡,绿化率高,低密居所,国央企,置换改善,48000, 元/㎡(均价),总价450-830(万/套)
保利国际金融中心（花都）,在售,花都,花城街,三东大道以北、天贵路以西，花都三东大道与天贵路交汇处（区政府旁）,1室,,,建面 166-528㎡,车位充足,人车分流,国央企,品牌房企,18000, 元/㎡(均价),总价310-940(万/套)
美的云筑,待售,南沙,鱼窝头,鱼窝头体育文化广场对面,,,,,人车分流,小型社区,品牌房企,健身跑道,价格待定,,
中交蓝色海湾,待售,南沙,南沙港,港前大道南沙客运港对面,,,,,车位充足,大型社区,国央企,品牌房企,价格待定,,
中交蓝色海湾,待售,南沙,南沙港,港前大道南沙客运港对面,,,,,车位充足,大型社区,国央企,品牌房企,价格待定,,
合家和府,待售,从化,旺城片区,城郊街城新路136号,,,,,人车分流,小型社区,公交直达,开发区,价格待定,,
华润置地润悦,在售,增城,荔城西区,增城大道475号,3室,4室,,建面 80-140㎡,低单价,低总价,车位充足,人车分流,12500, 元/㎡(均价),总价115-270(万/套)
广州敏捷绿湖首府,在售,增城,石滩镇,挂绿新城石滩广场旁(地铁16号线石滩站),1室,,,建面 338㎡,人车分流,大型社区,品牌房企,健身跑道,25000, 元/㎡(均价),总价400(万/套)
时代绿庭山语,待售,南沙,大岗镇,潭灵大道大岗镇政府旁,,,,,车位充足,人车分流,品牌房企,健身跑道,25000, 元/㎡(均价),总价200(万/套)
源海仙村一号,在售,增城,石滩镇,荔新大道与仙村大道交汇处,,,,,车位充足,人车分流,水系园林,公交直达,20000, 元/㎡(均价),总价280(万/套)
阳光城兰园翡澜花园,在售,花都,新区,凤凰南路汇沣水产市场B栋喜盟国际影城东侧50米处,3室,4室,,建面 90-122㎡,车位充足,绿化率高,品牌房企,近地铁,21000, 元/㎡(均价),总价180-320(万/套)
金时花园,在售,增城,荔城增江,增江街纬六路5号,1室,,,建面 86-121㎡,车位充足,人车分流,品牌房企,入户花园,14000, 元/㎡(均价),总价130-171(万/套)
招商金茂保利和府,在售,从化,旧城区,和鸣路,3室,4室,,建面 68-120㎡,绿化率高,人车分流,国央企,品牌房企,13500, 元/㎡(均价),总价110-195(万/套)
合景朗云花园,在售,白云,夏茅,机场路3080号夏茅地铁站旁,4室,,,建面 91-121㎡,低单价,低总价,车位充足,绿化率高,30000, 元/㎡(均价),总价330-360(万/套)
伟腾云星,在售,白云,黄边,鹤龙一路766-782号,2室,3室,,建面 82-130㎡,低总价,车位充足,绿化率高,入户花园,38000, 元/㎡(均价),总价295-525(万/套)
得天和苑,在售,增城,永宁,新新五路8号,3室,4室,,建面 89-120㎡,低单价,低总价,车位充足,人车分流,12500, 元/㎡(均价),总价125-145(万/套)
尊悦台,在售,南沙,大岗镇,广州市南沙区康宁路与荔湾路交叉路口往西约50米,2室,3室,,建面 81-124㎡,低单价,低总价,车位充足,人车分流,14500, 元/㎡(均价),总价135(万/套)
颐德湾尚,在售,南沙,明珠湾,建设一路（南沙体育馆北侧）,3室,4室,,建面 142-265㎡,车位充足,绿化率高,国央企,品牌房企,30000, 元/㎡(均价),总价400-770(万/套)
颐德湾尚,待售,南沙,明珠湾,建设一路（南沙体育馆北侧）,,,,,人车分流,大型社区,国央企,品牌房企,价格待定,,
颐德湾尚,待售,南沙,明珠湾,建设一路（南沙体育馆北侧）,,,,,人车分流,大型社区,国央企,品牌房企,价格待定,,
嘉河湾8号,在售,花都,铁路西,荔红北路8号,2室,3室,,建面 96-149㎡,低单价,低总价,车位充足,绿化率高,13000, 元/㎡(均价),总价125-300(万/套)
品秀·星瀚,在售,番禺,广州南站,番禺区石北工业路,2室,3室,4室,建面 73-115㎡,低总价,车位充足,人车分流,国央企,31000, 元/㎡(均价),总价290-390(万/套)
嘉华广场,在售,花都,镜湖大道,花都区迎宾大道185号（花都皇冠假日酒店旁）（地铁清塘站D出口）,1室,,,建面 43-57㎡,车位充足,人车分流,近地铁,地铁沿线,13000, 元/㎡(均价),总价55-90(万/套)
天马河·名荟,在售,花都,铁路西,荔红南路2号,1室,2室,,建面 47-79㎡,低单价,低总价,小型社区,封闭管理,14500, 元/㎡(均价),总价53-90(万/套)
富城华庭,在售,增城,荔城增江,广汕公路增江小学西侧,2室,3室,4室,建面 99-156㎡,低单价,低总价,车位充足,人车分流,9500, 元/㎡(均价),总价98-156(万/套)
中铁诺德·阅泷,在售,白云,江高镇,江高镇广花路430号,2室,3室,4室,建面 79-129㎡,低单价,低总价,车位充足,人车分流,18000, 元/㎡(均价),总价132-260(万/套)
品实·云湖花城,在售,白云,石井,石沙路,3室,4室,5室,建面 70-141㎡,低总价,绿化率高,人车分流,国央企,33000, 元/㎡(均价),总价240-452(万/套)
港航中心,在售,黄埔,鱼珠,黄埔大道东983号,2室,3室,,建面 60-138㎡,绿化率高,人车分流,国央企,品牌房企,40000, 元/㎡(均价),总价270-621(万/套)
时代印记,在售,黄埔,知识城,广东省广州市黄埔区亨美西路,3室,4室,,建面 87-136㎡,低单价,低总价,绿化率高,人车分流,18000, 元/㎡(均价),总价155-245(万/套)
珠光金融城壹号,在售,天河,东圃,黄埔大道东724号,3室,4室,,建面 232-261㎡,低单价,车位充足,人车分流,品牌房企,5000, 元/㎡(均价),总价3700-4000(万/套)
凯德凯荔花园,在售,增城,荔城西区,明慧路3号,3室,4室,,建面 86-134㎡,车位充足,人车分流,品牌房企,健身跑道,15500, 元/㎡(均价),总价140-225(万/套)
越秀逸泉锦翠,在售,从化,江浦街,环市东路广外实验小学东侧,3室,4室,,建面 71-92㎡,低单价,低总价,绿化率高,人车分流,9500, 元/㎡(均价),总价79-105(万/套)
中国铁建海语熙岸,在售,南沙,南沙区府,广州市南沙区美心路中国铁建海语熙岸,3室,4室,5室,建面 89-260㎡,车位充足,绿化率高,国央企,品牌房企,30000, 元/㎡(均价),总价268-730(万/套)
富力新城,在售,黄埔,开发东区,黄埔区东鹏大道与宏明路交界处（富力新城销售中心）,2室,3室,4室,建面 73-120㎡,低单价,低总价,绿化率高,人车分流,25000, 元/㎡(均价),总价170-310(万/套)
天河云商汇,在售,天河,智慧城,华观路,1室,3室,,建面 32-58㎡,低总价,人车分流,封闭管理,自持商业,29000, 元/㎡(均价),总价160-260(万/套)
珠光云山壹号,在售,白云,同和,广州大道北云灏街157医院地块,4室,,,建面 215㎡,车位充足,绿化率高,置换改善,高品质小区,100000, 元/㎡(均价),总价1700(万/套)
加富花园,在售,番禺,石碁,莲塘路3号,2室,3室,,建面 51-118㎡,低单价,低总价,低密居所,人车分流,22000, 元/㎡(均价),总价189-259(万/套)
保利335金融中心,待售,增城,凤凰城,汽车城大道57号,,,,,车位充足,大型社区,国央企,品牌房企,价格待定,,
龙光天瀛,在售,番禺,市桥,景观大道东侧,2室,3室,4室,建面 89-175㎡,低单价,低总价,车位充足,绿化率高,26000, 元/㎡(均价),总价258-880(万/套)
远洋芙蓉墅,在售,花都,狮岭镇,狮岭镇芙蓉嶂度假区西南处,1室,,,建面 75-133㎡,低单价,低总价,车位充足,绿化率高,10000, 元/㎡(均价),总价59(万/套)
天颐华府,在售,番禺,市桥北,富怡路罗家村段6号,,,,建面 262㎡,车位充足,绿化率高,养老舒适,休闲会所,65000, 元/㎡(均价),总价2000(万/套)
广州院子,在售,增城,荔城增江,广州市增城区增江大埔围村张冚山顶,3室,4室,,建面 95-140㎡,低单价,低总价,车位充足,人车分流,7800, 元/㎡(均价),总价72-120(万/套)
时代倾城（中新）,在售,增城,中新镇,广州市增城区中新镇新墩路168号,3室,,,建面 85-130㎡,低单价,人车分流,大型社区,品牌房企,13000, 元/㎡(均价),总价105-156(万/套)
电建地产·洺悦玉府,待售,番禺,市桥,禺山西路与景观大道交汇处大夫山森林公园东南侧（番禺气象局旁）,,,,,人车分流,小型社区,国央企,品牌房企,价格待定,,
电建地产·洺悦玉府,在售,番禺,市桥,广州市番禺沙头街禺山大道南侧,3室,4室,,建面 105-125㎡,低单价,低总价,车位充足,人车分流,22000, 元/㎡(均价),总价230-275(万/套)
五矿壹云台,在售,黄埔,科学城,广州市黄埔区长岭居长岭路以北，领头新村以东,,,,建面 81-164㎡,车位充足,绿化率高,国央企,品牌房企,34000, 元/㎡(均价),总价460(万/套)
广州万科城,在售,增城,永宁,广州市增城区永宁街道新新4路5号,3室,4室,,建面 78-100㎡,低单价,低总价,车位充足,人车分流,10000, 元/㎡(均价),总价89-120(万/套)
雅居乐黄埔创新中心,待售,黄埔,黄埔区府,丰乐北路段与碧山村路交汇处,,,,,低总价,大型社区,品牌房企,贴心物业,价格待定,,
雅居乐黄埔创新中心,待售,黄埔,黄埔区府,丰乐北路段与碧山村路交汇处,,,,,低总价,大型社区,品牌房企,贴心物业,价格待定,,
凯德山海连城二期,在售,番禺,莲花山,利丰大道连海路39号,3室,4室,,建面 85-211㎡,低单价,低总价,车位充足,绿化率高,24000, 元/㎡(均价),总价215-1100(万/套)
中交蓝色海湾,待售,南沙,南沙港,港前大道南沙客运港对面,,,,,车位充足,大型社区,国央企,品牌房企,价格待定,,
星河东悦湾,在售,南沙,黄阁,广东省广州市南沙区市南大道,3室,4室,,建面 86-207㎡,特价好房,车位充足,人车分流,品牌房企,32000, 元/㎡(均价),总价282-830(万/套)
金湖花园,在售,白云,沙太北,广东省广州市白云区沙太北路938号金湖花园会所,3室,4室,5室,建面 98-143㎡,绿化率高,低密居所,置换改善,养老舒适,45000, 元/㎡(均价),总价420-690(万/套)
合锦嘉泓·天宇花园,在售,南沙,金洲,广州市南沙区金岭北路东侧金岭北路7号,3室,4室,,建面 90-215㎡,低单价,低总价,车位充足,人车分流,17000, 元/㎡(均价),总价180-240(万/套)
中交汇通中心,在售,南沙,明珠湾,江灵北路和纵三路交汇处,,,,,人车分流,大型社区,国央企,品牌房企,23000, 元/㎡(均价),总价400(万/套)
龙门苑,待售,花都,新区,三东大道北石岗1-3号,,,,,车位充足,绿化率高,养老舒适,地铁沿线,价格待定,,
信达·珺悦蓝庭,在售,花都,炭步,炭步镇花都大道巴江明珠公园旁,3室,4室,,建面 78-113㎡,低单价,低总价,车位充足,人车分流,11000, 元/㎡(均价),总价78-120(万/套)
信达珺悦蓝庭,待售,花都,炭步,炭步镇花都大道以东地块（原炭步广场）,,,,,大型社区,国央企,品牌房企,公交直达,价格待定,,
增城中国铁建国际公馆,在售,增城,中新镇,地铁21号线坑贝站西侧1.2公里,4室,,,建面 104-118㎡,低单价,低总价,车位充足,人车分流,11500, 元/㎡(均价),总价178-200(万/套)
朗信国际,待售,番禺,桥南,番禺大道北1686号,,,,,人车分流,封闭管理,贴心物业,公交直达,价格待定,,
中冶逸璟广场,待售,海珠,江燕路,燕翔路和江燕路交界处（万宝大厦旁）,,,,,车位充足,人车分流,国央企,品牌房企,价格待定,,
越秀华发·悦见星城,在售,增城,中新镇,中新镇福中路16号,3室,4室,,建面 78-101㎡,低单价,低总价,车位充足,人车分流,7200, 元/㎡(均价),总价65-76(万/套)
珠江·花屿花城,在售,增城,永宁,新新大道中塔岗路段,4室,,,建面 79-96㎡,低单价,低总价,车位充足,人车分流,11000, 元/㎡(均价),总价84-127(万/套)
御溪世家,在售,增城,中新镇,中新镇G324（福昆线）旁,2室,3室,,建面 61-111㎡,低单价,低总价,车位充足,人车分流,13000, 元/㎡(均价),总价80-120(万/套)
兰亭香麓,在售,增城,荔城富鹏,荔景大道与增派公路交汇处（挂绿小学斜对面）,3室,,,建面 88-111㎡,低单价,低总价,车位充足,人车分流,11800, 元/㎡(均价),总价130-150(万/套)
东建·明德城,在售,禅城,祖庙,广东省佛山市禅城区工业大道22号,3室,4室,,建面 90-166㎡,佛山楼盘,人车分流,大型社区,品牌房企,22500, 元/㎡(均价),总价200-540(万/套)
滨江金茂悦,在售,南海,罗村,南海区狮山镇罗村朗沙大道下罗沙旁,4室,,,建面 88-143㎡,佛山楼盘,特价好房,低单价,绿化率高,11000, 元/㎡(均价),总价135-280(万/套)
佳兆业·广雅院,在售,南海,平洲,夏平路佳兆业·广雅院,3室,4室,,建面 83-126㎡,佛山楼盘,人车分流,大型社区,品牌房企,20000, 元/㎡(均价),总价160-320(万/套)
经纬凯旋世家,在售,鹤山市,鹤山市,广东省江门市鹤山市鹤山大道辅路,3室,4室,,建面 96-134㎡,楼盘,人车分流,大型社区,公交直达,6500, 元/㎡(均价),总价63-100(万/套)
轩隆雅园,在售,三水,北江新区,广东省佛山市三水区建设大道12号,2室,3室,,建面 88-110㎡,佛山楼盘,特价好房,低总价,人车分流,9800, 元/㎡(均价),总价80-115(万/套)
五矿万境水岸,在售,顺德,大良新区,广东省佛山市顺德区乔岸路和环湖路交叉口,3室,4室,,建面 72-263㎡,佛山楼盘,车位充足,绿化率高,国央企,18500, 元/㎡(均价),总价200-680(万/套)
保利中海金地·大国璟,待售,增城,荔城西区,广汕公路保利中海金地·大国璟增城大道471号,,,,,车位充足,人车分流,国央企,品牌房企,22000, 元/㎡(均价),总价100(万/套)
卓越晴翠府,在售,番禺,桥南,广州市番禺区桥南联兴路28号,2室,3室,4室,建面 76-130㎡,低单价,低总价,车位充足,人车分流,28000, 元/㎡(均价),总价200-385(万/套)
保利锦绣公馆,待售,白云,南湖,大源南路84号,,,,建面 33-50㎡,绿化率高,人车分流,国央企,品牌房企,21000, 元/㎡(均价),总价70-110(万/套)
招商电建南国·雍云邸,在售,白云,石井,广东省广州市白云区石沙路石井工业区八横路,3室,4室,,建面 78-89㎡,低单价,绿化率高,人车分流,国央企,25000, 元/㎡(均价),总价200-220(万/套)
耀胜新世界广场·耀胜尊府,在售,番禺,汉溪长隆,汉兴西路耀胜新世界广场,3室,4室,5室,建面 77-132㎡,特价好房,车位充足,人车分流,品牌房企,65000, 元/㎡(均价),总价500-730(万/套)
徐福上坤云境风华,待售,增城,朱村,朱村大道中徐福上坤云境风华,,,,,车位充足,人车分流,品牌房企,近地铁,价格待定,,
广州幸福湾,在售,荔湾,东塱,汇盛路广州幸福湾,4室,5室,,建面 255-285㎡,车位充足,绿化率高,地铁沿线,大平层,80000, 元/㎡(均价),总价2250-2650(万/套)
首铸·铂瑞云湾,在售,番禺,石楼,莲港大道与庄园路交汇,3室,4室,,建面 86-154㎡,低单价,低总价,车位充足,绿化率高,24000, 元/㎡(均价),总价200-490(万/套)
越秀星耀TOD,在售,增城,新塘北,环城路越秀·星耀TOD,3室,4室,,建面 100-125㎡,车位充足,人车分流,近地铁,地铁沿线,20000, 元/㎡(均价),总价200-250(万/套)
广州城投·禧悦府,在售,增城,凤凰城,汽车城大道广州城投禧悦府,2室,3室,4室,建面 89-146㎡,车位充足,人车分流,国央企,品牌房企,21000, 元/㎡(均价),总价265-410(万/套)
华润置地金沙瑞府,在售,白云,金沙洲,广州市白云区金沙洲浔峰山东路西北侧,4室,,,建面 143㎡,绿化率高,低密居所,国央企,置换改善,35000, 元/㎡(均价),总价495(万/套)
建发明珠湾玺,在售,南沙,明珠湾,凤凰大道凤凰二桥地铁18号线横沥站旁约250米处,4室,,,建面 88-142㎡,车位充足,人车分流,国央企,品牌房企,31000, 元/㎡(均价),总价370-530(万/套)
深业颐泽府,在售,南沙,明珠湾,凤凰大道深业颐泽府,4室,5室,,建面 103-257㎡,特价好房,车位充足,绿化率高,国央企,37000, 元/㎡(均价),总价340-1000(万/套)
华宇·锦绣云赋,在售,从化,旧城区,从城大道华宇·锦绣云赋,3室,4室,,建面 76-109㎡,绿化率高,人车分流,品牌房企,水系园林,15000, 元/㎡(均价),总价108-165(万/套)
金地景业格林水岸,待售,增城,中新镇,新新大道北金地景业格林水岸,,,,,车位充足,人车分流,品牌房企,公交直达,价格待定,,
金地·云上,在售,增城,中新镇,广东省广州市增城区S118(新新大道北),2室,,,建面 60-104㎡,低单价,低总价,人车分流,大型社区,11000, 元/㎡(均价),总价80-145(万/套)
悦辰壹号,在售,黄埔,知识城,广东省广州市黄埔区Y079,3室,4室,,建面 89-168㎡,低单价,低总价,车位充足,人车分流,24000, 元/㎡(均价),总价190-320(万/套)
国科众安江屿大观,在售,番禺,市桥,广东省广州市番禺区 沙堤路600号,2室,3室,4室,建面 39-195㎡,车位充足,人车分流,品牌房企,公交直达,16800, 元/㎡(均价),总价65-600(万/套)
振业学府里,在售,增城,白江,南顺石场路13号,3室,4室,,建面 75-107㎡,低总价,人车分流,小型社区,国央企,13500, 元/㎡(均价),总价100-155(万/套)
珠江博悦庭,待售,增城,增城碧桂园,新城大道珠江博悦庭,,,,,人车分流,大型社区,品牌房企,小户型,价格待定,,
越秀联投知识城·居山涧,在售,黄埔,知识城,广州黄埔知识城凤凰湖旁,4室,,,建面 140-190㎡,绿化率高,低密居所,国央企,置换改善,46000, 元/㎡(均价),总价650-1050(万/套)
中洲紫轩,在售,黄埔,鱼珠,广东省广州市黄埔区中山大道387号（5/13号线鱼珠站）,3室,4室,5室,建面 83-169㎡,车位充足,人车分流,品牌房企,近地铁,50000, 元/㎡(均价),总价420-950(万/套)
万科黄埔新城,在售,黄埔,南岗,南岗街沙步大路2号,3室,4室,,建面 75-143㎡,低总价,绿化率高,人车分流,国央企,33000, 元/㎡(均价),总价235-500(万/套)
广州城投领南府,在售,番禺,广州南站,石洲中路广州城投领南府,2室,3室,,建面 98-143㎡,低总价,车位充足,绿化率高,国央企,32000, 元/㎡(均价),总价294-510(万/套)
云裳峯尚,在售,白云,同和,白云区白水塘文明路1号,3室,4室,,建面 78-133㎡,车位充足,人车分流,品牌房企,休闲会所,55000, 元/㎡(均价),总价562-800(万/套)
侨鑫保利汇景台,在售,天河,汇景新城,科韵北路23号,4室,5室,,建面 173-290㎡,车位充足,绿化率高,置换改善,高品质小区,136000, 元/㎡(均价),总价2400-4060(万/套)
金科景业·雍景园,待售,增城,中新镇,坑贝地铁站B口东100米,1室,,,建面 36-86㎡,低总价,车位充足,人车分流,品牌房企,24500, 元/㎡(均价),总价70-125(万/套)
保利天汇,在售,天河,黄村,大观中路保利天汇,1室,,,建面 112㎡,车位充足,人车分流,国央企,品牌房企,55000, 元/㎡(均价),总价616(万/套)
越秀·大学·星汇城,在售,番禺,国际创新城,广州市番禺区新造镇曾边大街66号,3室,4室,5室,建面 88-125㎡,低总价,车位充足,绿化率高,国央企,38000, 元/㎡(均价),总价325-550(万/套)
保利珑悦,在售,增城,永宁,广州市增城区创业大道,2室,3室,,建面 77-105㎡,低单价,低总价,车位充足,人车分流,12000, 元/㎡(均价),总价85-142(万/套)
飞晟汇,在售,黄埔,香雪,广州市黄埔区科学城开创大道彩文路166号,1室,4室,5室,建面 120-750㎡,车位充足,近地铁,地铁沿线,loft,21800, 元/㎡(均价),总价185-1822(万/套)
路劲星棠,在售,增城,白江,东洲大道路劲星棠,2室,4室,,建面 78-95㎡,车位充足,人车分流,品牌房企,地铁沿线,16000, 元/㎡(均价),总价128-150(万/套)
知识城投资嘉达·山与墅,在售,黄埔,知识城,广东省广州市黄埔区Y079与长庚北街交叉路口往西约200米,3室,4室,,建面 166-175㎡,车位充足,绿化率高,国央企,置换改善,45000, 元/㎡(均价),总价600-900(万/套)
远洋天成,在售,增城,新塘北,广东省广州市增城区石新路,3室,4室,,建面 69-107㎡,人车分流,小型社区,国央企,地铁沿线,16500, 元/㎡(均价),总价118-180(万/套)
广晟中国铁建花语天珹,在售,花都,花城街,黄槐路广晟中铁建花语天珹,2室,3室,4室,建面 88-188㎡,车位充足,绿化率高,国央企,品牌房企,21000, 元/㎡(均价),总价160-480(万/套)
金地商置都会峯范,在售,花都,铁路西,新街大道100号,2室,3室,,建面 81-125㎡,低总价,车位充足,人车分流,品牌房企,16500, 元/㎡(均价),总价130-230(万/套)
中建凤榕台,在售,增城,朱村,广东省广州市增城区福昆线辅路,3室,4室,,建面 67-103㎡,人车分流,大型社区,国央企,品牌房企,23000, 元/㎡(均价),总价154-236(万/套)
中铁建信达花语天宸,在售,黄埔,科学城,广汕公路与班岭路交叉西南420米,3室,4室,,建面 97-168㎡,车位充足,人车分流,国央企,品牌房企,41000, 元/㎡(均价),总价420-800(万/套)
中盛顺和家园,在售,增城,荔城增江,广汕公路中盛顺和家园,3室,4室,,建面 83-143㎡,低单价,低总价,车位充足,人车分流,12000, 元/㎡(均价),总价115-205(万/套)
中旅名门府,在售,花都,镜湖大道,G107中旅名门府,2室,3室,,建面 80-116㎡,低总价,车位充足,绿化率高,国央企,18500, 元/㎡(均价),总价150-250(万/套)
方圆滨江壹号,在售,海珠,客村,海珠区艺景路与友邻三路交叉口南120米,3室,4室,,建面 90-132㎡,绿化率高,人车分流,品牌房企,近地铁,90000, 元/㎡(均价),总价700-1580(万/套)
翰盛府,在售,番禺,汉溪长隆,汉兴西路锦绣香江拾光盛境,3室,4室,,建面 78-215㎡,绿化率高,低密居所,置换改善,高品质小区,80000, 元/㎡(均价),总价430-1700(万/套)
中海保利朗阅,在售,荔湾,西朗,广东省广州市荔湾区,2室,3室,4室,建面 98-182㎡,车位充足,绿化率高,国央企,品牌房企,50000, 元/㎡(均价),总价490-1050(万/套)
珠江未来城,在售,番禺,莲花山,广东省广州市番禺区石楼镇胜洲村龙启路80号,1室,2室,,建面 36-68㎡,低单价,低总价,绿化率高,人车分流,11000, 元/㎡(均价),总价40-95(万/套)
星河畔月湾,在售,南沙,横沥,新广一路星河畔月湾,3室,4室,,建面 80-126㎡,低单价,低总价,车位充足,绿化率高,20000, 元/㎡(均价),总价160-260(万/套)
振业天成,在售,黄埔,科学城,广州市黄埔区联和街黄陂四路,4室,,,建面 104-168㎡,车位充足,绿化率高,国央企,品牌房企,39000, 元/㎡(均价),总价498-800(万/套)
绿城桂语汀澜,在售,南沙,明珠湾,广州市南沙区横沥镇沥岛三多涌以东、义沙路以西、横沥大道东以南,4室,,,建面 99-140㎡,车位充足,绿化率高,国央企,品牌房企,28000, 元/㎡(均价),总价260-406(万/套)
琶洲南TOD,在售,海珠,赤岗,广东省广州市海珠区,3室,4室,5室,建面 142-276㎡,车位充足,人车分流,国央企,品牌房企,125000, 元/㎡(均价),总价2500-3500(万/套)
招商湾区1872,在售,南沙,东涌,南沙庆盛港科大广州校区旁,3室,4室,,建面 79-105㎡,低单价,低总价,车位充足,人车分流,22000, 元/㎡(均价),总价170-230(万/套)
海语天悦湾,在售,南沙,明珠湾,凤凰大道越秀中国铁建南投海语天悦湾,2室,3室,,建面 80-142㎡,车位充足,绿化率高,国央企,品牌房企,28000, 元/㎡(均价),总价230-460(万/套)
国贸学原,在售,增城,荔城西区,广汕公路国贸学原,2室,3室,4室,建面 76-128㎡,低单价,低总价,人车分流,大型社区,12600, 元/㎡(均价),总价88-180(万/套)
星河江缦,在售,荔湾,滘口,广东省广州市荔湾区滘口大街与鹅潭路交叉口西北,4室,,,建面 179-235㎡,车位充足,绿化率高,品牌房企,近地铁,70000, 元/㎡(均价),总价900-2000(万/套)
公交珠实花城云著,在售,白云,夏茅,广花一路公交珠实花城云著,3室,4室,,建面 69-87㎡,低总价,车位充足,人车分流,国央企,35000, 元/㎡(均价),总价249-320(万/套)
中海江泰里,在售,海珠,江燕路,海珠区凤阳街江泰路36号,3室,4室,,建面 75-105㎡,绿化率高,人车分流,国央企,品牌房企,65000, 元/㎡(均价),总价520-730(万/套)
保利水木芳华,在售,增城,朱村,朱村大道西保利水木芳华,1室,2室,,建面 67-103㎡,低单价,低总价,人车分流,大型社区,12000, 元/㎡(均价),总价100-164(万/套)
保利领秀海,在售,番禺,莲花山,广州市番禺区石楼镇鲤鱼岗9号名人山庄,3室,4室,,建面 63-170㎡,低单价,低总价,绿化率高,人车分流,22000, 元/㎡(均价),总价120-480(万/套)
云麓花城,在售,白云,太和,白云城投云麓花城，太和镇沙亭北路南侧地块,3室,4室,,建面 67-97㎡,低单价,低总价,车位充足,人车分流,23000, 元/㎡(均价),总价154-240(万/套)
电建都汇府,在售,花都,新区,广东省广州市花都区迎宾大道,3室,4室,,建面 120-190㎡,车位充足,人车分流,国央企,品牌房企,36000, 元/㎡(均价),总价430-730(万/套)
金地公园名著,在售,增城,永宁,广东省广州市增城区新新公路与创盈路交叉口西南140米,2室,3室,,建面 69-106㎡,低单价,低总价,车位充足,人车分流,11000, 元/㎡(均价),总价75-100(万/套)
广州滨江上都璇湾,在售,荔湾,鹤洞,芳村大道南广州滨江上都,2室,3室,4室,建面 105-355㎡,车位充足,绿化率高,品牌房企,多轨交汇,125000, 元/㎡(均价),总价1312.5-2125(万/套)
中海映澜台,在售,海珠,工业大道南,新业路中海映澜台,4室,5室,,建面 141-246㎡,车位充足,人车分流,国央企,品牌房企,110000, 元/㎡(均价),总价2200-2900(万/套)
保利湖光悦色,在售,海珠,赤岗,华洲路保利湖光悦色,4室,,,建面 120-200㎡,车位充足,绿化率高,国央企,品牌房企,75000, 元/㎡(均价),总价850-1700(万/套)
中洲紫轩,待售,黄埔,鱼珠,广东省广州市黄埔区中山大道387号（5/13号线鱼珠站）,,,,建面 41-115㎡,低总价,车位充足,人车分流,品牌房企,35000, 元/㎡(均价),总价156-550(万/套)
广垦天河1号,在售,天河,沙太南,怡新路广垦天河1号,1室,2室,,建面 40㎡,低总价,人车分流,封闭管理,国央企,30000, 元/㎡(均价),总价112-132(万/套)
越秀星耀TOD,在售,增城,新塘北,环城路越秀·星耀TOD,2室,3室,,建面 36-65㎡,人车分流,大型社区,近地铁,地铁沿线,16000, 元/㎡(均价),总价58-104(万/套)
珠光海珠新城,在售,海珠,南洲,南洲路975号,3室,4室,5室,建面 95-230㎡,车位充足,绿化率高,多轨交汇,地铁沿线,55000, 元/㎡(均价),总价475-2300(万/套)
公园海,待售,南沙,南沙湾,环市大道南公园海,,,,,车位充足,绿化率高,国央企,品牌房企,价格待定,,
联发|悦璞园,待售,增城,石滩镇,南北大道联发悦璞,,,,,小型社区,国央企,品牌房企,公交直达,价格待定,,
龙狮璟珑府,在售,黄埔,知识城,Y079龙狮璟珑府,3室,4室,,建面 91-168㎡,低单价,低总价,绿化率高,低密居所,23000, 元/㎡(均价),总价170-480(万/套)
广州城投·空港1号,在售,花都,镜湖大道,广州市花都区雅新大道（黄广中学南侧）,3室,4室,,建面 79-112㎡,车位充足,绿化率高,国央企,品牌房企,20000, 元/㎡(均价),总价190-270(万/套)
时代天境（花都）,待售,花都,旧区,天贵路时代天境（花都）,,,,,人车分流,小型社区,品牌房企,地铁沿线,价格待定,,
粤海·云港城,在售,白云,白云大道南,广东省广州市白云区齐心路84号（白云公园站旁）,4室,,,建面 140-264㎡,车位充足,绿化率高,国央企,品牌房企,85000, 元/㎡(均价),总价1250-2500(万/套)
力高大家·美颂,待售,增城,荔城西区,增城区北绕线力高大家·美颂,,,,,小型社区,品牌房企,地铁沿线,公交直达,价格待定,,
珠江广钢花城,在售,荔湾,东塱,广州市荔湾区荷景路5号,3室,4室,5室,建面 67-114㎡,低总价,绿化率高,国央企,品牌房企,35000, 元/㎡(均价),总价310-460(万/套)
珠江·金瑶台,在售,海珠,昌岗,广东省广州市海珠区崇礼大街18号,2室,3室,,建面 79-103㎡,特价好房,绿化率高,人车分流,国央企,50000, 元/㎡(均价),总价400-510(万/套)
富好城繁华里,在售,增城,新塘北,广东省广州市增城区富好城路30,3室,,,建面 85-101㎡,低单价,低总价,人车分流,大型社区,12000, 元/㎡(均价),总价100-130(万/套)
北大科技园·国际科创广场,待售,白云,石井,石沙公路81号,,,,,小型社区,近地铁,地铁沿线,综合商场,价格待定,,
利通金融中心,在售,南沙,明珠湾,潭州路利通金融中心,,,,,车位充足,大型社区,品牌房企,地铁沿线,25000, 元/㎡(均价),
广州城投禧阅盛汇,待售,增城,凤凰城,汽车城大道广州城投禧阅盛汇,,,,,人车分流,大型社区,国央企,品牌房企,价格待定,,
富力富云山,待售,白云,江夏,黄石西街23号,,,,,小型社区,品牌房企,近地铁,地铁沿线,价格待定,,
天地源伴山溪谷,在售,番禺,石楼,沙东路天地源伴山溪谷,2室,3室,,建面 83-103㎡,低单价,低总价,车位充足,绿化率高,22000, 元/㎡(均价),总价180-226(万/套)
广开控股城投云锦,在售,黄埔,长岭居,萝岭路广开控股城投云锦,3室,4室,,建面 124-186㎡,车位充足,人车分流,国央企,品牌房企,45000, 元/㎡(均价),总价550-870(万/套)
御璟兰园,在售,南沙,明珠湾,凤凰大道融朗园,5室,,,建面 88-135㎡,低总价,车位充足,人车分流,国央企,30000, 元/㎡(均价),总价445(万/套)
合生中央城（商业）,在售,黄埔,香雪,开源大道22号,1室,,,建面 40-52㎡,人车分流,大型社区,休闲会所,自持商业,60000, 元/㎡(均价),总价220-260(万/套)
星河江堤春晓,在售,南沙,明珠湾,广东省广州市南沙区凤凰大道横沥东路10号,,,,建面 99-133㎡,车位充足,人车分流,品牌房企,自持商业,33000, 元/㎡(均价),总价350(万/套)
科苑壹号,在售,南沙,南沙湾,广东省广州市南沙区南沙湾南横地铁站旁,4室,,,建面 126-165㎡,车位充足,绿化率高,国央企,品牌房企,24000, 元/㎡(均价),总价430-550(万/套)
越秀江海潮鸣,在售,南沙,明珠湾,安益路越秀江海潮鸣,2室,3室,,建面 96-140㎡,车位充足,人车分流,国央企,品牌房企,28000, 元/㎡(均价),总价301-520(万/套)
越秀大学城和樾府,在售,番禺,国际创新城,兴业大道越秀·大学城·和樾府,3室,4室,,建面 110-160㎡,特价好房,车位充足,绿化率高,国央企,50000, 元/㎡(均价),总价480-825(万/套)
广州国际创新驱动中心,待售,黄埔,知识城,知识城南起步区知识大道以南、永九快速路以东,,,,,车位充足,小型社区,国央企,品牌房企,价格待定,,
越秀白云星汇城,在售,白云,钟落潭,广龙路12号,3室,4室,,建面 74-116㎡,低单价,低总价,绿化率高,人车分流,18000, 元/㎡(均价),总价146-310(万/套)
IN PARK星贸中心,待售,黄埔,科学城,映日路IN PARK星贸中心,,,,,小型社区,国央企,品牌房企,近地铁,价格待定,,
力迅荔筑,在售,荔湾,西场,东风西路南侧源溪大街东侧力迅荔筑,3室,4室,,建面 69-130㎡,人车分流,小型社区,品牌房企,近地铁,59000, 元/㎡(均价),总价448-762(万/套)
合景臻溋名铸,待售,天河,东圃,黄埔大道东合景臻溋名铸,,,,,小型社区,品牌房企,近地铁,多轨交汇,价格待定,,
保利越秀·天启,在售,荔湾,鹤洞,培真路保利越秀·天启,2室,3室,,建面 41-53㎡,低总价,人车分流,封闭管理,国央企,25000, 元/㎡(均价),总价100-160(万/套)
香江天辰,在售,增城,凤凰城,G4香江天辰,4室,,,建面 79-102㎡,低单价,低总价,车位充足,封闭管理,13000, 元/㎡(均价),总价135(万/套)
保利明玥湖光,在售,增城,增城碧桂园,挂绿湖纵三路保利明玥湖光,2室,3室,,建面 84-121㎡,车位充足,人车分流,国央企,品牌房企,17000, 元/㎡(均价),总价133-215(万/套)
招商湾区1872,待售,南沙,东涌,庆沙路招商湾区1872,,,,,人车分流,小型社区,国央企,品牌房企,价格待定,,
中铁阅江来,在售,南沙,南沙区府,广东省广州市南沙区化工路,2室,3室,,建面 88-126㎡,特价好房,低单价,人车分流,封闭管理,17000, 元/㎡(均价),总价175-315(万/套)
中国铁建西派澜岸,在售,南沙,明珠湾,合兴路56号国际金融论坛IFF永久会址相距800米,3室,,,建面 105-261㎡,绿色建筑,车位充足,国央企,品牌房企,30000, 元/㎡(均价),总价400-500(万/套)
云城上品,在售,白云,嘉禾望岗,广东省广州市白云区新石路145号,3室,,,建面 72-105㎡,低总价,车位充足,绿化率高,国央企,37000, 元/㎡(均价),总价250-380(万/套)
勤诚达悦城,待售,黄埔,,洋田路勤诚达悦城,,,,,小型社区,品牌房企,公交直达,超市,价格待定,,
星际云汇,在售,黄埔,香雪,广东省广州市黄埔区S117(开创大道),,,,,国央企,近地铁,地铁沿线,小户型,价格待定,,
珠实云悦花语,在售,白云,钟落潭,广州市白云区钟落潭镇良城三路7号距广州14号线钟落潭地铁站A出口800米处,3室,4室,,建面 70-98㎡,低单价,低总价,车位充足,绿化率高,15000, 元/㎡(均价),总价110-180(万/套)
诚汇新都·榕诚湾,在售,荔湾,汾水,花海路力诚榕诚湾,4室,,,建面 85-165㎡,低总价,绿化率高,人车分流,品牌房企,35000, 元/㎡(均价),总价480-860(万/套)
勤诚达悦峯,待售,黄埔,科学城,黄登路勤诚达悦峯,,,,,小型社区,品牌房企,公交直达,综合商场,价格待定,,
珠江天郦,在售,天河,棠下,广州市天河区中山大道西1150号,4室,,,建面 129-180㎡,车位充足,人车分流,品牌房企,近地铁,85000, 元/㎡(均价),总价1100-1900(万/套)
勤诚达悦府,待售,黄埔,长岭居,长龙街勤诚达悦府,,,,,小型社区,品牌房企,地铁沿线,公交直达,价格待定,,
东江逸珑湾,在售,增城,新塘南,沿江大道39号（甘泉小学东侧）,,,,,低单价,人车分流,大型社区,品牌房企,17000, 元/㎡(均价),总价200(万/套)
中海麓府,在售,白云,江夏,广云路中海麓府,3室,4室,,建面 126-170㎡,车位充足,人车分流,国央企,品牌房企,56000, 元/㎡(均价),总价700-1140(万/套)
祈福半山臻品,在售,番禺,祈福新村,祈福天湖一街祈福半山臻品,2室,3室,4室,建面 82-145㎡,低单价,低总价,车位充足,绿化率高,30000, 元/㎡(均价),总价237-490(万/套)
岭南V谷荔湾新天地,在售,荔湾,广钢新城,荔信三街岭南V谷荔湾新天地,2室,3室,4室,建面 36-70㎡,低总价,车位充足,绿化率高,国央企,28000, 元/㎡(均价),总价110-250(万/套)
越秀公交天悦云山府,在售,白云,东平,白云大道北1697号,3室,5室,,建面 90-156㎡,低总价,车位充足,人车分流,国央企,32000, 元/㎡(均价),总价290-780(万/套)
布查特官邸情景洋房,在售,番禺,汉溪长隆,迎宾路锦绣香江花园山水华府,1室,3室,,建面 43-128㎡,低单价,低总价,绿化率高,低密居所,28000, 元/㎡(均价),总价150-355(万/套)
玖玥,在售,花都,铁路西,望亭路玖玥,2室,3室,4室,建面 97-127㎡,低单价,低总价,车位充足,绿化率高,11800, 元/㎡(均价),总价126-165(万/套)
保利锦上,在售,黄埔,香雪,广东省广州市黄埔区隧南路,3室,,,建面 75-135㎡,低总价,车位充足,绿化率高,国央企,29000, 元/㎡(均价),总价210-395(万/套)
越秀天河和樾府,在售,天河,沙太南,广东省广州市天河区燕园路13号,3室,4室,,建面 108-180㎡,车位充足,绿化率高,国央企,品牌房企,85000, 元/㎡(均价),总价850-1600(万/套)
大华城东瀚,在售,增城,朱村,广东省广州市增城区,2室,3室,4室,建面 64-97㎡,低单价,低总价,车位充足,人车分流,13000, 元/㎡(均价),总价85-165(万/套)
粤海·云港城,在售,白云,白云大道南,云城西路粤海·云港城,,,,,小型社区,国央企,品牌房企,近地铁,价格待定,,
保利和悦滨江,在售,荔湾,西朗,兴渔路保利和悦滨江,,,,建面 74-107㎡,低总价,绿化率高,人车分流,国央企,45000, 元/㎡(均价),总价360(万/套)
北大科技园·国际科创广场,待售,白云,石井,石沙公路81号,,,,,小型社区,近地铁,地铁沿线,综合商场,价格待定,,
电建地产·洺悦玉府,待售,番禺,市桥,禺山西路电建地产·洺悦玉府,,,,,车位充足,国央企,品牌房企,公交直达,价格待定,,
星河湾萝峰,在售,黄埔,香雪,广东省广州市黄埔区萝岗路与启学路交叉口北200米,3室,5室,,建面 130-265㎡,车位充足,绿化率高,品牌房企,入户花园,38000, 元/㎡(均价),总价480-1550(万/套)
越秀国际总部广场,待售,南沙,金洲,金隆路越秀国际总部广场,,,,,人车分流,大型社区,国央企,品牌房企,价格待定,,
旭辉曜玥湾,待售,南沙,明珠湾,国际金融岛横沥大道旁,,,,,车位充足,大型社区,品牌房企,地铁沿线,价格待定,,
中国铁建西派澜岸,待售,南沙,明珠湾,长沙村西街中国铁建西派澜岸,,,,,人车分流,封闭管理,国央企,品牌房企,价格待定,,
星河江堤春晓,待售,南沙,明珠湾,广东省广州市南沙区凤凰大道横沥东路10号,,,,,车位充足,人车分流,品牌房企,近地铁,价格待定,,
新鸿基地产峻銮,在售,番禺,广州南站,广东省广州市番禺区韦涌路,3室,4室,,建面 68-162㎡,车位充足,绿化率高,品牌房企,近地铁,45000, 元/㎡(均价),总价388-798(万/套)
卓粤广场,待售,增城,新塘南,新塘大道东卓粤广场,,,,,小型社区,公交直达,综合商场,超市,价格待定,,
富丰华庭,在售,增城,朱村,朱村大道西富丰华庭,2室,3室,,建面 89-118㎡,低单价,低总价,车位充足,人车分流,13000, 元/㎡(均价),总价115-153(万/套)
升龙·学府上城,待售,黄埔,知识城,九龙大道,,,,,绿化率高,小型社区,品牌房企,近地铁,价格待定,,
长岭雅居,在售,黄埔,长岭居,长贤路长岭雅居,4室,,,建面 160-190㎡,车位充足,绿化率高,国央企,品牌房企,46000, 元/㎡(均价),总价695-800(万/套)
珠实·嘉悦湾,在售,白云,同德围,广东省广州市白云区同嘉路34号,4室,5室,,建面 89-112㎡,低总价,车位充足,人车分流,国央企,38000, 元/㎡(均价),总价350-420(万/套)
国化广场,待售,白云,白云大道南,广东省广州市白云区云城北二路116号,,,,,车位充足,人车分流,国央企,品牌房企,价格待定,,
白鹅潭悦府,在售,荔湾,芳村,广东省广州市荔湾区长堤街133号,4室,,,建面 135-243㎡,车位充足,人车分流,国央企,品牌房企,100000, 元/㎡(均价),总价2500(万/套)
君超中心,待售,天河,金融城,黄埔大道中君超中心,,,,,人车分流,小型社区,近地铁,多轨交汇,价格待定,,
星晴雅筑,在售,番禺,市桥北,市桥街光明北路儿童公园路口西侧,2室,,,建面 89-93㎡,低总价,人车分流,小型社区,地铁沿线,31000, 元/㎡(均价),总价276-288(万/套)
世纪金源天河源筑,在售,天河,粤垦,东莞庄路世纪金源天河源筑,3室,4室,5室,建面 93-182㎡,车位充足,绿化率高,品牌房企,地铁沿线,61888, 元/㎡(均价),总价550-1365(万/套)
茗筑水岸,在售,南沙,明珠湾,庙南路茗筑水岸,,,,,绿化率高,低密居所,国央企,置换改善,价格待定,,
龙湖金地天峯,在售,番禺,番禺客运站,傍雁路龙湖金地天峯,,,,,低总价,人车分流,大型社区,品牌房企,80000, 元/㎡(均价),总价150(万/套)
耀胜新世界广场,待售,番禺,汉溪长隆,汉兴西路耀胜新世界广场,,,,,小型社区,品牌房企,近地铁,多轨交汇,价格待定,,
侨银大厦,待售,荔湾,坑口,东漖大桥侨银大厦,,,,,小型社区,地铁沿线,公交直达,超市,价格待定,,
汉国置业港汇台,在售,越秀,海珠广场,沿江中路港汇华庭二期,2室,3室,,建面 69-144㎡,车位充足,人车分流,近地铁,地铁沿线,100000, 元/㎡(均价),总价700-1730(万/套)
越秀滨海花城,在售,南沙,南沙区府,广澳高速越秀滨海花城,3室,,,建面 75-97㎡,低单价,低总价,车位充足,人车分流,15000, 元/㎡(均价),总价108-129(万/套)
广州城投东园公馆,在售,越秀,越秀南,越秀南路广州城投东园公馆,3室,4室,,建面 91-178㎡,车位充足,人车分流,国央企,品牌房企,130000, 元/㎡(均价),总价1000-2100(万/套)
中国铁建翰林新语,在售,增城,新塘北,乌石大道中国铁建翰林新语,2室,3室,,建面 72-95㎡,车位充足,人车分流,国央企,品牌房企,18000, 元/㎡(均价),总价130-180(万/套)
联投·文津府,在售,天河,黄村,执信三路联投·文津府,3室,4室,,建面 111-165㎡,车位充足,绿化率高,国央企,品牌房企,58000, 元/㎡(均价),总价580-1100(万/套)
万科·理想花地·瑧园,在售,荔湾,花地湾,广东省广州市荔湾区东漖北路191号,3室,4室,,建面 110-186㎡,车位充足,人车分流,国央企,品牌房企,54000, 元/㎡(均价),总价560-1050(万/套)
万科·理想花地·朗庭,在售,荔湾,花地湾,广东省广州市荔湾区花地大道北385号,2室,3室,,建面 79-128㎡,人车分流,封闭管理,国央企,品牌房企,47000, 元/㎡(均价),总价430-530(万/套)
智联花园,在售,番禺,莲花山,石楼镇智睿大街4号,,,,,车位充足,人车分流,国央企,品牌房企,30000, 元/㎡(均价),总价3000(万/套)
仟信广场,在售,从化,河滨北路,仟信街12号,1室,,,建面 51㎡,低单价,低总价,车位充足,绿化率高,8000, 元/㎡(均价),总价45(万/套)
中建天河精诚壹号,在售,天河,岑村,广东省广州市天河区长兴街道华观路以北，高唐路以西,2室,3室,4室,建面 78-118㎡,特价好房,绿化率高,人车分流,国央企,52000, 元/㎡(均价),总价440-700(万/套)
鹏瑞1号,在售,天河,东圃,黄埔大道东鹏瑞金融城,,,,,车位充足,人车分流,品牌房企,近地铁,价格待定,,
保利四季和颂,在售,海珠,广州大道南,广东省广州市海珠区广州大道南788号,4室,,,建面 108-140㎡,车位充足,绿化率高,国央企,品牌房企,75000, 元/㎡(均价),总价1080(万/套)
中国铁建西派粤府,在售,海珠,沥滘,南天路中国铁建西派粤府,4室,,,建面 120-140㎡,车位充足,绿化率高,国央企,品牌房企,65000, 元/㎡(均价),总价780-1200(万/套)
越秀珠实城发江湾和樾,在售,海珠,工业大道中,广东省广州市海珠区昌岗西路,4室,,,建面 107-188㎡,车位充足,大型社区,国央企,品牌房企,75000, 元/㎡(均价),总价1050-1500(万/套)
空港国际·科技谷,待售,花都,花东镇,凤祥路空港国际·科技谷,,,,,小型社区,公交直达,超市,公园,价格待定,,
云平上品,在售,白云,东平,白云大道北云庐,4室,,,建面 128-172㎡,车位充足,绿化率高,国央企,品牌房企,55000, 元/㎡(均价),总价560-1080(万/套)
品秀星图,在售,增城,新塘北,广州地铁13号线官湖车辆段（官湖站B出口）,,,,,车位充足,人车分流,国央企,品牌房企,36000, 元/㎡(均价),
越秀大学星汇锦城,在售,番禺,南村,南村东线路越秀大学星汇锦城,3室,4室,,建面 70-126㎡,低单价,低总价,绿化率高,人车分流,30000, 元/㎡(均价),总价220-400(万/套)
琶洲樾,待售,海珠,磨碟沙,新港东路琶洲樾,,,,,小型社区,国央企,品牌房企,近地铁,价格待定,,
保利·天瑞,在售,天河,汇景新城,广园快速路保利·天瑞,3室,4室,,建面 107-268㎡,车位充足,绿化率高,国央企,品牌房企,80000, 元/㎡(均价),总价890-2500(万/套)
珠江国际城,在售,从化,神岗镇,广从南路珠江壹城,1室,,,建面 26-53㎡,人车分流,大型社区,品牌房企,近地铁,19000, 元/㎡(均价),总价110(万/套)
保利瑧誉,在售,荔湾,坑口,东漖街保利瑧誉,3室,4室,,建面 88-170㎡,绿化率高,人车分流,国央企,品牌房企,55000, 元/㎡(均价),总价520-950(万/套)
品秀·星瀚,在售,番禺,广州南站,大榄地路品秀·星瀚,,,,,低总价,车位充足,人车分流,国央企,30000, 元/㎡(均价),总价80(万/套)
科城·新世代,在售,黄埔,知识城,四横路科城·新世代,,,,,小型社区,近地铁,地铁沿线,超市,价格待定,,
丰盛101,待售,增城,新塘北,民营西一路丰盛101,,,,,小型社区,品牌房企,地铁沿线,公交直达,价格待定,,
龙湖御湖境,在售,番禺,大石,迎宾路龙湖御湖境,4室,,,建面 115-206㎡,车位充足,绿化率高,品牌房企,地铁沿线,42000, 元/㎡(均价),总价480-888(万/套)
珠实·西关都荟,在售,荔湾,南岸路,荔湾区南岸路26号,4室,5室,,建面 89-142㎡,人车分流,小型社区,国央企,品牌房企,70000, 元/㎡(均价),总价580-1100(万/套)
正升星荟,待售,白云,石井,石沙公路正升星荟,,,,,小型社区,品牌房企,近地铁,地铁沿线,价格待定,,
保利锦上,在售,黄埔,香雪,隧南路保利锦上,,,,建面 79㎡,车位充足,人车分流,国央企,品牌房企,35000, 元/㎡(均价),总价190(万/套)
光大ONE+,待售,增城,永宁,香山大道与创盈路交汇处,,,,,大型社区,品牌房企,公交直达,超市,价格待定,,
上馨华府,在售,番禺,大石,新光快速上馨华府,,,,,低单价,低总价,绿化率高,低密居所,28000, 元/㎡(均价),总价260(万/套)
广州地铁地产珑璟台,在售,海珠,赤岗,龙潭东环街广州地铁地产·珑璟台,3室,4室,,建面 120-195㎡,人车分流,小型社区,国央企,品牌房企,85000, 元/㎡(均价),总价900-2000(万/套)
万科瑧樾府,在售,越秀,东川路,东濠涌高架路万科·瑧樾府,3室,4室,,建面 107-180㎡,小型社区,封闭管理,国央企,品牌房企,90000, 元/㎡(均价),总价1375-1800(万/套)
广建·云城学府,待售,白云,,广州市白云区广建·云城学府,,,,,绿化率高,大型社区,国央企,品牌房企,价格待定,,
长隆万博悦府,在售,番禺,汉溪长隆,汉溪大道东长隆万博悦府,4室,5室,,建面 108-300㎡,特价好房,车位充足,绿化率高,国央企,65000, 元/㎡(均价),总价630-2300(万/套)
粤海壹桂府,待售,越秀,海珠广场,北京路粤海壹桂府,,,,,国央企,品牌房企,近地铁,地铁沿线,价格待定,,
广州之窗商务港,待售,海珠,沥滘,新城市中轴线南段端点西侧，南临珠江后航道,,,,,大型社区,国央企,品牌房企,近地铁,价格待定,,
亿凯创智汇,待售,白云,太和,北太路亿凯创智汇,,,,,小型社区,地铁沿线,公交直达,综合商场,价格待定,,
晓庐,待售,海珠,磨碟沙,新港东路晓庐,,,,,小型社区,近地铁,地铁沿线,超市,价格待定,,
东基天河阳光,在售,天河,黄村,大观街东基·天河阳光,,,,,低总价,人车分流,小型社区,品牌房企,38000, 元/㎡(均价),总价120(万/套)
保利阅江台,在售,海珠,滨江东,广东省广州市海珠区玉菡路50号,4室,,,建面 121-208㎡,车位充足,人车分流,国央企,品牌房企,92000, 元/㎡(均价),总价1100-1900(万/套)
广州足球公园,待售,番禺,钟村,谢村地铁站旁,,,,,大型社区,国央企,品牌房企,近地铁,价格待定,,
江语上品苑,在售,白云,石井,广州市白云区广海路以北,3室,4室,,建面 125-319㎡,车位充足,人车分流,国央企,品牌房企,45000, 元/㎡(均价),总价570-2500(万/套)
淘金山花园,待售,增城,朱村,朱村街淘金山花园,,,,,小型社区,超市,,,价格待定,,
旺村·知筑,待售,黄埔,知识城,旺村西路旺村知筑,,,,,小型社区,国央企,地铁沿线,公交直达,价格待定,,
华润置地天河润府,在售,天河,黄村,广州天河奥体天河区·广园快速路·天河儿童公园旁,3室,4室,,建面 81-130㎡,优惠楼盘,车位充足,绿化率高,国央企,60000, 元/㎡(均价),总价410-800(万/套)
君熙府,在售,越秀,北京路,解放中路392号,3室,4室,,建面 93-146㎡,车位充足,人车分流,近地铁,地铁沿线,85000, 元/㎡(均价),总价733-1390(万/套)
云瀚府,在售,越秀,东川路,白云路29-31号,3室,5室,,建面 130-197㎡,车位充足,人车分流,品牌房企,近地铁,100000, 元/㎡(均价),总价1250-2100(万/套)
佳兆业佳泽园,在售,增城,荔城西区,荔城街增城大道钟岗地铁D出口附近,,,,,低单价,车位充足,人车分流,品牌房企,18500, 元/㎡(均价),总价130(万/套)
保利水木芳华,待售,增城,朱村,朱村大道西保利水木芳华,,,,,人车分流,小型社区,国央企,品牌房企,25000, 元/㎡(均价),总价130(万/套)
铂玥明珠ONE,在售,南沙,明珠湾,文字路铂玥明珠ONE,2室,3室,,建面 54-70㎡,车位充足,人车分流,品牌房企,近地铁,14000, 元/㎡(均价),总价92-119(万/套)
中海浣花里,在售,荔湾,坑口,浣花路中海浣花里,,,,建面 71-108㎡,人车分流,小型社区,国央企,品牌房企,46000, 元/㎡(均价),总价400(万/套)
武汉城建·保利·花语和岸,在售,荔湾,芳村,广东省广州市荔湾区花地街道涌岸街武汉城建·保利·花语和岸,3室,4室,,建面 86-142㎡,绿化率高,人车分流,品牌房企,近地铁,51000, 元/㎡(均价),总价420-760(万/套)
青云喜满园,待售,从化,旺城片区,和鸣路青云喜满园,,,,,车位充足,绿化率高,公交直达,综合商场,价格待定,,
朗悦时光里,待售,花都,铁路西,瑞云路朗悦时光里,,,,,人车分流,小型社区,近地铁,地铁沿线,价格待定,,
保利琅誉,在售,番禺,番禺客运站,广东省广州市番禺区傍雁路98号,2室,,,建面 92-132㎡,低总价,车位充足,绿化率高,国央企,38000, 元/㎡(均价),总价330-490(万/套)
路劲美的隽樾府,在售,番禺,番禺广场,广东省广州市番禺区东盛路50号,3室,,,建面 87-132㎡,车位充足,人车分流,品牌房企,近地铁,38000, 元/㎡(均价),总价430-510(万/套)
明月豪庭,在售,越秀,西门口,解放中路明月豪庭,2室,,,建面 42-109㎡,小型社区,近地铁,地铁沿线,大两居,28000, 元/㎡(均价),总价321(万/套)
保利和颂,在售,荔湾,坑口,浣花路保利和颂,1室,3室,,建面 72-99㎡,低总价,人车分流,小型社区,国央企,46000, 元/㎡(均价),总价370-469(万/套)
国贸云上,在售,白云,嘉禾望岗,白云-嘉禾望岗/松园路国贸云上,3室,4室,,建面 85-143㎡,绿化率高,人车分流,国央企,品牌房企,50000, 元/㎡(均价),总价390-615(万/套)
嘉禧天和大厦,待售,天河,黄村,广州市天河区黄村康体路,,,,,人车分流,小型社区,近地铁,多轨交汇,价格待定,,
广州城投·天赋壹号,在售,天河,金融城,广东省广州市天河区临江大道北,,,,,人车分流,小型社区,国央企,品牌房企,价格待定,,
中金岭南鑫贸大厦,待售,南沙,明珠湾,沙嘴东路中金岭南鑫贸大厦,,,,,小型社区,国央企,地铁沿线,公交直达,价格待定,,
星河智荟二期,在售,南沙,明珠湾,新村街星河智荟二期,3室,,,建面 88-183㎡,低单价,低总价,绿化率高,人车分流,20000, 元/㎡(均价),总价400(万/套)
建发央玺,待售,白云,石井,石潭路444号,,,,,大型社区,国央企,品牌房企,近地铁,价格待定,,
建发明珠湾玺,在售,南沙,明珠湾,凤凰大道建发明珠湾玺,,,,,人车分流,封闭管理,国央企,品牌房企,19500, 元/㎡(均价),总价70(万/套)
建发明珠湾玺,在售,南沙,明珠湾,凤凰大道建发明珠湾玺,0室,1室,,建面 36-72㎡,低总价,人车分流,封闭管理,国央企,19500, 元/㎡(均价),总价70-130(万/套)
金海岸花园观海,在售,番禺,番禺客运站,广东省广州市番禺区金海岸大道87号,4室,5室,,建面 220-318㎡,绿化率高,大平层,动静分明,现房,50000, 元/㎡(均价),总价1130-1590(万/套)
敏捷东樾府,待售,增城,石滩镇,绿湖南路西南向,,,,,车位充足,人车分流,品牌房企,公交直达,价格待定,,
润悦,待售,增城,荔城西区,广汕公路华润置地润悦,,,,,大型社区,国央企,品牌房企,公交直达,价格待定,,
中新知识城国际领军人才集聚区,待售,黄埔,知识城,狮龙大道中（凤凰湖北岸）,,,,,大型社区,近地铁,地铁沿线,综合商场,价格待定,,
广州城投未来智都,待售,白云,江夏,云康南路广州城投未来智都,,,,,小型社区,国央企,近地铁,地铁沿线,价格待定,,
奥园湾区智谷,待售,南沙,东涌,纵三路奥园湾区智谷,,,,,小型社区,品牌房企,地铁沿线,公园,价格待定,,
高新仕林苑,在售,黄埔,长岭居,广州黄埔长岭居萝岭路以东、长贤路以南,3室,4室,5室,建面 99-181㎡,车位充足,绿化率高,国央企,品牌房企,35000, 元/㎡(均价),总价360-720(万/套)
越秀白云星汇城,待售,白云,钟落潭,14号线钟落潭地铁站旁,,,,,大型社区,国央企,品牌房企,地铁沿线,价格待定,,
金茂万科都会四季商铺,待售,增城,白江,新塘镇东江大道和沿江大道交汇处,,,,,车位充足,人车分流,国央企,品牌房企,价格待定,,
国化广场,待售,白云,白云大道南,广东省广州市白云区云城北二路116号,,,,,车位充足,人车分流,近地铁,地铁沿线,价格待定,,
东基天河阳光,待售,天河,黄村,大观街东基·天河阳光,,,,,人车分流,小型社区,品牌房企,地铁沿线,价格待定,,
中海江泰里,待售,海珠,江燕路,广东省广州市海珠区江泰路46号,,,,,小型社区,国央企,品牌房企,近地铁,价格待定,,
星河畔月湾,待售,南沙,横沥,新广一路星河畔月湾,,,,,车位充足,大型社区,公交直达,公园,价格待定,,
耀胜新世界广场,待售,番禺,汉溪长隆,汉兴西路耀胜新世界广场,,,,,小型社区,品牌房企,近地铁,多轨交汇,价格待定,,
万科黄埔新城,待售,黄埔,南岗,广东省广州市黄埔区沙步大路12,,,,,车位充足,人车分流,国央企,品牌房企,价格待定,,
中建凤榕台,待售,增城,朱村,新时路中建凤榕台,,,,,小型社区,国央企,品牌房企,近地铁,价格待定,,
IN PARK星贸中心,在售,黄埔,科学城,广东省广州市黄埔区科学城联和街道映日路74号,,,,,人车分流,封闭管理,国央企,品牌房企,价格待定,,
中建·星光城,待售,白云,石井,石沙路与朝阳联滘街交界处,,,,,小型社区,国央企,品牌房企,近地铁,价格待定,,
嘉禧天和,待售,天河,黄村,黄村康体路嘉禧天和,,,,,小型社区,近地铁,多轨交汇,超市,价格待定,,
金祥大厦,待售,荔湾,流花站前,站前路193号,,,,,小型社区,近地铁,地铁沿线,超市,价格待定,,
天鹅壹号,待售,海珠,洪德,环岛路天鹅壹号,,,,,小型社区,近地铁,多轨交汇,超市,价格待定,,
粤海·云港城,在售,白云,白云大道南,云城西路粤海·云港城,3室,4室,,建面 129-148㎡,人车分流,大型社区,国央企,品牌房企,40000, 元/㎡(均价),总价580-660(万/套)
星河发展大厦,待售,南沙,明珠湾,广东省广州市南沙区横沥镇星河发展大厦,,,,,车位充足,小型社区,品牌房企,地铁沿线,价格待定,,
迈谷·天河科融苑,待售,天河,车陂,车陂西路迈谷科融苑,,,,,小型社区,近地铁,地铁沿线,超市,价格待定,,
银帝云珹天地,待售,白云,白云大道南,云城东路银帝云珹天地,,,,,车位充足,人车分流,品牌房企,近地铁,价格待定,,
广州力合科创中心,待售,白云,石井,石门街道广州力合科创中心,,,,,小型社区,国央企,品牌房企,近地铁,价格待定,,
城投天禧,在售,天河,智慧城,广州市天河区智慧城华观路与大观中路交界处(地铁21号线天河智慧城站B出口可达),3室,4室,,建面 108-138㎡,车位充足,绿化率高,国央企,品牌房企,43000, 元/㎡(均价),总价450-650(万/套)
建鑫荔棠雅苑,在售,增城,新塘北,广深大道中88号,,,,,小型社区,地铁沿线,公交直达,未来2年内交房,价格待定,,
新世界·天馥,在售,荔湾,滘口,珠江桥南侧花卉研究所西侧,3室,4室,,建面 76-139㎡,低总价,绿色建筑,人车分流,品牌房企,41000, 元/㎡(均价),总价295-620(万/套)
黄埔创新中心,待售,黄埔,黄埔区府,丰乐北路雅居乐黄埔创新中心,,,,,小型社区,地铁沿线,公交直达,综合商场,价格待定,,
珠江国际创业中心,待售,增城,新塘北,新塘镇创想路8号,,,,,国央企,品牌房企,公交直达,综合商场,价格待定,,
金茂万科都会四季,待售,增城,白江,新塘镇东江大道和沿江大道交汇处,,,,,车位充足,人车分流,国央企,品牌房企,价格待定,,
钧明欢乐世界,待售,增城,永宁,镇永和誉山国际山语一街5号一层,,,,,小型社区,品牌房企,公交直达,综合商场,价格待定,,
铂玥明珠ONE,待售,南沙,明珠湾,文字路铂玥明珠ONE,,,,,小型社区,品牌房企,近地铁,地铁沿线,价格待定,,
朗悦时光里,待售,花都,铁路西,瑞云路朗悦时光里,,,,,小型社区,近地铁,地铁沿线,综合商场,价格待定,,
鱼珠·星河里,待售,黄埔,大沙地,护林路2号（天河珠村东侧）,,,,,小型社区,多轨交汇,地铁沿线,综合商场,价格待定,,
广开云汇科技金融中心,在售,黄埔,科学城,科学大道广开云汇科技金融中心,1室,2室,3室,建面 48-115㎡,人车分流,大型社区,国央企,品牌房企,28000, 元/㎡(均价),总价145-300(万/套)
珠江科技创新园,待售,海珠,官洲,新滘东路珠江科技创新园,,,,,小型社区,品牌房企,地铁沿线,公交直达,价格待定,,
中海天幕湾,在售,番禺,亚运城,兴亚五路中海天幕湾,4室,,,建面 180-237㎡,车位充足,人车分流,国央企,品牌房企,36000, 元/㎡(均价),总价850(万/套)
云筑上品,在售,白云,夏茅,广东省广州市白云区鹤边细彭岭路4号,3室,4室,,建面 88-142㎡,车位充足,绿化率高,国央企,品牌房企,43000, 元/㎡(均价),总价350-670(万/套)
珠江铂世湾,待售,番禺,雅居乐,江山帝景高尔夫东侧,,,,,车位充足,人车分流,品牌房企,地铁沿线,价格待定,,
首开保利.云湖壹号,在售,白云,夏茅,向西大道白云湖东门旁,1室,,,建面 30㎡,低总价,车位充足,人车分流,国央企,47000, 元/㎡(均价),总价140(万/套)
中建联投学府悦城,在售,增城,荔城西区,增城大道318号,,,,,车位充足,人车分流,国央企,品牌房企,28000, 元/㎡(均价),
五矿招商江天际,在售,白云,石井,广东省广州市白云区,,,,,低总价,人车分流,大型社区,国央企,价格待定,,
晟云台,在售,白云,龙归,广东省广州市白云区石湖新大路晟云台,,,,,低总价,车位充足,人车分流,地铁沿线,35000, 元/㎡(均价),总价2200(万/套)
保利湖光悦色,待售,海珠,赤岗,华洲路保利湖光悦色,,,,,车位充足,国央企,品牌房企,近地铁,价格待定,,
保利云境,在售,白云,黄石,鹤联街保利云境,1室,2室,,建面 68-110㎡,低总价,绿化率高,人车分流,国央企,36000, 元/㎡(均价),总价250-310(万/套)
越秀·观樾,在售,天河,黄村,黄村街道越秀观樾,4室,,,建面 125-250㎡,车位充足,绿化率高,国央企,置换改善,85000, 元/㎡(均价),总价1100-2250(万/套)
海丝未来时区,待售,黄埔,知识城,龙湖街道海丝未来时区,,,,,小型社区,国央企,近地铁,地铁沿线,价格待定,,
星灿大厦,待售,天河,黄村,大观街星灿大厦,,,,,小型社区,品牌房企,地铁沿线,综合商场,价格待定,,
ing未来印,待售,天河,车陂,车陂街道未来印,,,,,小型社区,品牌房企,近地铁,多轨交汇,价格待定,,
时代天逸,在售,南沙,黄阁,黄阁地铁站A出口,,,,,车位充足,大型社区,品牌房企,近地铁,价格待定,,
星河·湾区壹号,待售,南沙,金洲,金苑大街与金苑横街交叉口西,,,,,品牌房企,地铁沿线,公交直达,超市,价格待定,,
华宇·锦绣云赋,待售,从化,旧城区,从城大道风云岭段北侧,,,,,车位充足,人车分流,品牌房企,公交直达,价格待定,,
升龙·学府上城,待售,黄埔,知识城,九龙大道,,,,,小型社区,品牌房企,近地铁,地铁沿线,价格待定,,
越秀珠实天悦海湾,在售,南沙,南沙港,南沙商贸大道天悦海湾,,,,,低总价,车位充足,人车分流,国央企,10000, 元/㎡(均价),总价45(万/套)
中鼎书院上城,待售,黄埔,黄埔区府,丰乐北路68号,,,,,大型社区,近地铁,地铁沿线,综合商场,价格待定,,
富力富云山,待售,白云,江夏,黄石西街23号,,,,,车位充足,大型社区,品牌房企,近地铁,价格待定,,
奥飞文创中心,待售,黄埔,知识城,创新大道以西、凤湖二路以北,,,,,小型社区,地铁沿线,综合商场,超市,价格待定,,
星际云汇,待售,黄埔,香雪,彩文路星际云汇,,,,,小型社区,国央企,近地铁,地铁沿线,价格待定,,
招商湾区1872,待售,南沙,东涌,港科大广州校区旁,,,,,车位充足,大型社区,国央企,品牌房企,价格待定,,
越秀中国铁建南投海语天悦湾,待售,南沙,明珠湾,凤凰大道越秀中国铁建南投海语天悦湾,,,,,车位充足,人车分流,国央企,品牌房企,价格待定,,
云裳峯尚,待售,白云,同和,白水塘中街云裳峯尚,,,,,小型社区,品牌房企,近地铁,地铁沿线,价格待定,,
卓越招商臻珑府,在售,黄埔,夏园,龙头路卓越招商臻珑府,,,,,人车分流,小型社区,国央企,品牌房企,价格待定,,
中洲紫轩,待售,黄埔,鱼珠,中山大道东中洲紫轩,,,,,小型社区,品牌房企,近地铁,多轨交汇,价格待定,,
保利翔龙天汇,待售,黄埔,科学城,广汕公路黄陂地铁站B出口(第一一七中学旁),,,,,车位充足,大型社区,国央企,品牌房企,价格待定,,
天健天玺,待售,黄埔,长岭居,长岭街道岭头社区S379(永顺大道),,,,,国央企,品牌房企,地铁沿线,公交直达,价格待定,,
广州城投·天赋壹号,待售,天河,金融城,广东省广州市天河区临江大道北,,,,,小型社区,国央企,品牌房企,近地铁,价格待定,,
凯德双桥新作,待售,荔湾,大坦沙,裕福街凯德双桥新作,,,,,人车分流,小型社区,品牌房企,近地铁,价格待定,,
合景月养云来,待售,增城,荔城西区,白石路合景月养云来,,,,,小型社区,品牌房企,超市,,价格待定,,
广州白云站TOD粤胜广场,在售,白云,同德围,中国.广州白云站TOD,1室,,,建面 2439㎡,低总价,车位充足,人车分流,国央企,30000, 元/㎡(均价),总价7804.8(万/套)
琶洲公馆,待售,海珠,琶洲中,新港东路608号,,,,,小型社区,国央企,品牌房企,近地铁,价格待定,,
广州滨江上都璇湾,待售,荔湾,鹤洞,芳村大道南广州滨江上都,,,,,大型社区,品牌房企,多轨交汇,地铁沿线,价格待定,,
大华城东瀚,在售,增城,朱村,朱村大道东大华城东瀚,,,,,车位充足,人车分流,品牌房企,近地铁,26000, 元/㎡(均价),
明月豪庭,在售,越秀,西门口,解放中路明月豪庭,2室,,,建面 42-132㎡,小型社区,近地铁,地铁沿线,大两居,28000, 元/㎡(均价),总价321(万/套)
新城市领院,在售,天河,东圃,桃园西路新城市领院,,,,,车位充足,绿化率高,高品质小区,品牌房企,80000, 元/㎡(均价),总价1800(万/套)
晟云台,待售,白云,龙归,石湖新大路晟云台,,,,,车位充足,小型社区,地铁沿线,超市,价格待定,,
中国软件CBD,待售,黄埔,文冲,护林路中国软件CBD,,,,,小型社区,国央企,地铁沿线,公交直达,价格待定,,
中国铁建招商蛇口西派天河序,在售,天河,沙太南,广东省广州市天河区牛利岗北街168号,4室,,,建面 125-240㎡,车位充足,人车分流,国央企,品牌房企,85000, 元/㎡(均价),总价1000-2400(万/套)
绿城·揽江印月,在售,番禺,市桥,广州市番禺区沙头街道沙堤路700号汀岸花园,3室,4室,,建面 110-180㎡,低单价,低总价,车位充足,绿化率高,29000, 元/㎡(均价),总价300-390(万/套)
珠江太古聚龙湾,待售,荔湾,芳村,达江路珠江太古聚龙湾,,,,,小型社区,近地铁,多轨交汇,超市,价格待定,,
保利琶洲四季,在售,海珠,琶洲东,琶洲街道保利琶洲四季,3室,,,建面 105-129㎡,人车分流,封闭管理,国央企,品牌房企,40000, 元/㎡(均价),总价540(万/套)
学畔公馆,待售,番禺,国际创新城,兴业大道学畔公馆,,,,,小型社区,品牌房企,地铁沿线,公交直达,价格待定,,
中国铁建西派澜岸,待售,南沙,明珠湾,长沙村西街中国铁建西派澜岸,,,,,车位充足,人车分流,国央企,品牌房企,价格待定,,
致景轩,在售,海珠,广州大道南,广东省广州市海珠区华盛南路209号2层,2室,3室,,建面 78-110㎡,车位充足,人车分流,地铁沿线,公交直达,52000, 元/㎡(均价),总价380-615(万/套)
珺筑水岸,在售,南沙,万顷沙,广州市南沙区灵心支线与万新大道交叉口西行500米,4室,,,建面 138-156㎡,低单价,低总价,车位充足,人车分流,17000, 元/㎡(均价),总价230-265(万/套)
中海大境,在售,海珠,广州大道南,新窖西路中海大境,3室,4室,5室,建面 125-270㎡,车位充足,绿化率高,国央企,品牌房企,90000, 元/㎡(均价),总价1020-2700(万/套)
保利燕语堂悦,在售,海珠,江燕路,广东省广州市海珠区工业大道中313号,3室,4室,,建面 78-125㎡,车位充足,绿化率高,国央企,品牌房企,61000, 元/㎡(均价),总价450-780(万/套)
越秀天悦云啟,待售,南沙,东涌,三沙公路越秀天悦云啟,,,,,低单价,低总价,人车分流,小型社区,价格待定,,
能建天河麓誉府,在售,天河,高唐,广州天河奥体广汕二路高塘石地铁站往东约700米,3室,4室,5室,建面 80-125㎡,车位充足,绿化率高,国央企,品牌房企,42000, 元/㎡(均价),总价340-620(万/套)
英广瑧尚,待售,天河,沙河,先烈东横路英广瑧尚,,,,,小型社区,近地铁,地铁沿线,超市,价格待定,,
南沙开建·源筑新城,在售,南沙,万顷沙,万新大道南沙开建·源筑新城,,,,,低单价,低总价,车位充足,人车分流,价格待定,,
保利华创都荟天珺,在售,天河,员村,员村街道保利华创都荟天珺,4室,5室,,建面 157-253㎡,车位充足,绿化率高,国央企,品牌房企,100000, 元/㎡(均价),总价1500-3000(万/套)
保利滨江和著,在售,番禺,大石,广东省广州市番禺区南村镇兴南大道368号,3室,4室,,建面 86-142㎡,低总价,车位充足,绿化率高,国央企,39000, 元/㎡(均价),总价420-580(万/套)
西派尊府,在售,南沙,明珠湾,33号路西派尊府,4室,,,建面 278-370㎡,车位充足,人车分流,国央企,品牌房企,50000, 元/㎡(均价),总价1200-1800(万/套)
羊城时尚汇,待售,增城,永宁,新新公路羊城时尚汇,,,,,人车分流,公交直达,已交房2年内,综合商场,价格待定,,
星河·盛世锦城,待售,番禺,雅居乐,市新公路星河·盛世锦城,,,,,车位充足,人车分流,品牌房企,近地铁,价格待定,,
鹏瑞金融城,待售,天河,东圃,黄埔大道东鹏瑞金融城,,,,,小型社区,近地铁,多轨交汇,超市,价格待定,,
保利琅悦,在售,花都,旧区,云山大道保利琅悦,3室,4室,,建面 107-168㎡,车位充足,绿化率高,国央企,品牌房企,24000, 元/㎡(均价),总价230-370(万/套)
越禧府,在售,越秀,建设路,广州市越秀区先烈南路23号,,,,,小型社区,近地铁,多轨交汇,超市,价格待定,,
星河盛世禧悦,在售,黄埔,开发东区,开创大道星河盛世禧悦,3室,4室,,建面 88-108㎡,低单价,低总价,车位充足,绿化率高,24000, 元/㎡(均价),总价210-270(万/套)
中旅·阿那亚·九龙湖,在售,花都,北兴镇,鸿鹤路微澜苑,4室,5室,,建面 447-508㎡,绿化率高,低密居所,国央企,置换改善,23000, 元/㎡(均价),总价1050-1200(万/套)
天健东玥台,待售,增城,中新镇,中新地铁站A口,,,,,车位充足,小型社区,国央企,品牌房企,价格待定,,
珠江广场,在售,海珠,滨江东,海珠区滨江东路835号,2室,3室,,建面 55-122㎡,人车分流,大型社区,近地铁,地铁沿线,80000, 元/㎡(均价),总价500-978(万/套)
品越华府,在售,海珠,赤岗,金运路1号,5室,,,建面 325㎡,车位充足,人车分流,国央企,品牌房企,140000, 元/㎡(均价),总价4700(万/套)
城投湖山雅筑,在售,花都,新区,商业大道城投湖山雅筑,3室,4室,,建面 94-133㎡,车位充足,绿化率高,国央企,品牌房企,23000, 元/㎡(均价),总价220-325(万/套)
知城翰林湖畔花园,在售,黄埔,知识城,创新大道知城翰林湖畔,3室,4室,,建面 66-103㎡,低单价,低总价,绿化率高,人车分流,18000, 元/㎡(均价),总价105-220(万/套)
保利锦上印,待售,荔湾,坑口,东漖街保利锦上印,,,,,人车分流,大型社区,国央企,品牌房企,价格待定,,
越秀万博城,在售,番禺,汉溪长隆,万博CBD,4室,,,建面 103-188㎡,车位充足,绿化率高,国央企,品牌房企,51000, 元/㎡(均价),总价630-1000(万/套)
中国铁建花语上城,在售,南沙,南沙区府,广州南沙蕉门河凤凰大道滨海实验学校（海语校区）对面,3室,4室,,建面 98-140㎡,车位充足,人车分流,国央企,品牌房企,28500, 元/㎡(均价),总价275-420(万/套)
越秀·大学城·和樾府·飞鸟集,在售,番禺,国际创新城,兴业大道越秀·大学城·和樾府,1室,,,建面 35-46㎡,车位充足,人车分流,国央企,品牌房企,20000, 元/㎡(均价),总价70-96(万/套)
中铁阅江来,待售,南沙,南沙区府,黄阁南路中铁阅江来,1室,,,建面 24-70㎡,低总价,车位充足,人车分流,国央企,24000, 元/㎡(均价),总价68-150(万/套)
领峯中心,待售,黄埔,科学城,联和街道岭胜广场,,,,,小型社区,近地铁,地铁沿线,超市,价格待定,,
大湾区诺德云城,在售,白云,同德围,广东省广州市白云区棠乐路161号,1室,2室,3室,建面 35-75㎡,低总价,国央企,品牌房企,近地铁,32000, 元/㎡(均价),总价110-219(万/套)
中建天钰,在售,海珠,江燕路,广东省广州市海珠区工业大道南389号,3室,4室,,建面 89-134㎡,车位充足,绿化率高,国央企,品牌房企,60000, 元/㎡(均价),总价498-818(万/套)
越秀·天荟江湾,待售,海珠,工业大道南,广东省广州市海珠区大干围12号,,,,建面 176-293㎡,人车分流,大型社区,国央企,品牌房企,800-1600, (万/套)(总价),
大壮名城,在售,黄埔,科学城,开泰大道与科丰路交汇处,2室,4室,,建面 88-143㎡,特价好房,车位充足,绿化率高,近地铁,50000, 元/㎡(均价),总价450-860(万/套)
中建未来方洲,在售,黄埔,文冲,石化路中建未来方洲,3室,4室,,建面 79-142㎡,低总价,车位充足,绿化率高,国央企,42000, 元/㎡(均价),总价320-650(万/套)
雍晟河滨广场,在售,从化,新城片区,城南路雍晟河滨广场,4室,,,建面 58-98㎡,人车分流,小型社区,品牌房企,地铁沿线,15500, 元/㎡(均价),总价128-150(万/套)
智都绿城凤凰于飞,在售,花都,新区,广东省广州市花都区凤凰北路,3室,4室,,建面 108-144㎡,车位充足,人车分流,国央企,品牌房企,23000, 元/㎡(均价),总价249-350(万/套)
广州城投禧悦时光,在售,花都,镜湖大道,花都区新雅街道安雅路1号,3室,4室,,建面 78-118㎡,低总价,车位充足,绿化率高,国央企,17000, 元/㎡(均价),总价125-210(万/套)
广地花园,在售,番禺,星河湾,广东省广州市番禺区,,,,,车位充足,大型社区,品牌房企,地铁沿线,40000, 元/㎡(均价),总价450(万/套)
保利珠江印象&保利珠江天悦,在售,荔湾,东塱,广东省广州市荔湾区,4室,,,建面 69-295㎡,车位充足,绿化率高,国央企,品牌房企,48000, 元/㎡(均价),总价1020-2200(万/套)
益云科创中心,待售,白云,龙归,广东省广州市白云区大源街道益云科创中心(建设中),,,,,车位充足,人车分流,地铁沿线,超市,价格待定,,
招商臻园,待售,增城,新塘北,永宁街新福路,,,,,车位充足,人车分流,国央企,品牌房企,价格待定,,
广州城投禧悦府,在售,增城,凤凰城,汽车城大道广州城投禧阅盛汇,,,,,大型社区,国央企,品牌房企,近地铁,38000, 元/㎡(均价),总价240(万/套)
中新知识城国际领军人才集聚区,待售,黄埔,知识城,广东省广州市黄埔区中新广州知识城凤凰四路17号,,,,,小型社区,近地铁,地铁沿线,综合商场,价格待定,,
中旅璞樾天序,在售,花都,旧区,广州市花都区秀全三街1-38号,3室,4室,,建面 80-128㎡,低总价,人车分流,大型社区,国央企,19000, 元/㎡(均价),总价128-255(万/套)
花都城投翰林世家,在售,花都,花山镇,平西村十二队二街花都城投翰林世家,4室,,,建面 131-171㎡,车位充足,绿化率高,国央企,品牌房企,18000, 元/㎡(均价),总价230-380(万/套)
增江创业广场,在售,增城,荔城增江,纬六路增江创业广场,1室,,,建面 34-46㎡,人车分流,小型社区,公交直达,小户型,7850, 元/㎡(均价),总价26-37(万/套)
太古仓壹号,待售,海珠,工业大道北,海珠区龙凤街金沙社区革新路,,,,,车位充足,小型社区,国央企,品牌房企,价格待定,,
广开·云翰,在售,黄埔,知识城,广东省广州市黄埔区,3室,,,建面 76-142㎡,低单价,低总价,车位充足,绿化率高,20000, 元/㎡(均价),总价170-300(万/套)
智都越秀臻智府,在售,花都,镜湖大道,广东省广州市花都区永利路,3室,4室,,建面 78-108㎡,低总价,车位充足,绿化率高,国央企,16800, 元/㎡(均价),总价130-180(万/套)
珠江壹城·禧悦花园,在售,从化,神岗镇,14号线神岗地铁站B出口,1室,,,建面 31㎡,车位充足,人车分流,品牌房企,近地铁,28000, 元/㎡(均价),总价62(万/套)
保利翔龙天汇,在售,黄埔,科学城,广汕公路黄陂地铁站B出口(第一一七中学旁),,,,,车位充足,人车分流,国央企,品牌房企,27000, 元/㎡(均价),总价500(万/套)
广州兰园江悦,在售,荔湾,滘口,滘口大街12号,4室,5室,,建面 193-285㎡,车位充足,绿化率高,品牌房企,近地铁,60000, 元/㎡(均价),总价900-1600(万/套)
黄埔新福港鼎峰,待售,黄埔,开发西区,广东省广州市黄埔区创业路103号,,,,,小型社区,,,,价格待定,,
市政君睿,在售,增城,增城区府,广州市增城区荔湖街道荔湖街道荔新一路7号之一,,,,,车位充足,人车分流,国央企,品牌房企,价格待定,,
君越府,待售,越秀,三元里,广州市越秀区北站路71号君越府,,,,,人车分流,小型社区,近地铁,地铁沿线,价格待定,,
黄埔润府,待售,黄埔,黄埔区府,大沙东路黄埔润府,,,,,小型社区,国央企,品牌房企,近地铁,价格待定,,
越秀·云悦,在售,白云,沙太南,京溪街道越秀云悦,,,,,车位充足,绿化率高,国央企,品牌房企,价格待定,,
中交四航珠江春,在售,黄埔,鱼珠,鱼珠街道中交四航珠江春,,,,,车位充足,绿化率高,国央企,品牌房企,价格待定,,
珠实·西关都荟,待售,荔湾,南岸路,内环路珠实·西关都荟,,,,,小型社区,国央企,品牌房企,近地铁,价格待定,,
广州之窗商务港,待售,海珠,沥滘,广东省广州市海珠区振兴大街18号,,,,,人车分流,大型社区,国央企,品牌房企,价格待定,,
越秀熙悦江湾,待售,海珠,工业大道中,广纸商圈广纸东街AH050314地块,,,,,国央企,品牌房企,近地铁,多轨交汇,价格待定,,
越秀珑悦西关,在售,荔湾,南岸路,河柳街越秀珑悦西关,2室,3室,,建面 68-98㎡,人车分流,小型社区,国央企,品牌房企,50000, 元/㎡(均价),总价330-495(万/套)
招商林屿境,待售,南沙,明珠湾,广东省广州市南沙区,,,,建面 82-125㎡,人车分流,封闭管理,国央企,品牌房企,30000, 元/㎡(均价),总价295(万/套)
中国美都,在售,花都,镜湖大道,广东省广州市花都区凤凰南路73号之九,1室,6室,,建面 1020-1368㎡,车位充足,品牌房企,地铁沿线,公交直达,10000, 元/㎡(均价),总价950-2000(万/套)
广州白云站.金街,在售,白云,同德围,广东省广州市白云区棠乐路161号,1室,,,建面 30-90㎡,人车分流,封闭管理,国央企,品牌房企,55000, 元/㎡(均价),总价150-500(万/套)
云瀚府,在售,越秀,东川路,白云路29-31号,2室,3室,,建面 47-64㎡,车位充足,人车分流,品牌房企,近地铁,43000, 元/㎡(均价),总价202-275(万/套)
万博企业中心,在售,番禺,汉溪长隆,汉溪大道东长隆万博悦府,4室,16室,,建面 473-2979㎡,车位充足,人车分流,国央企,品牌房企,40000, 元/㎡(均价),总价2000-12000(万/套)
广汇新世界金融中心,在售,增城,凤凰城,永宁街凤凰北横路1号,,,,,车位充足,人车分流,近地铁,地铁沿线,20000, 元/㎡(均价),总价650(万/套)
白云堡悦融居,在售,白云,东平,白云大道北白云堡悦融居,4室,6室,,建面 294-439㎡,车位充足,人车分流,置换改善,地铁沿线,22000, 元/㎡(均价),总价944-1146(万/套)
凯旋新世界广粤观邸,在售,天河,珠江新城东,花城大道凯旋新世界广粤观邸,,,,,绿化率高,人车分流,近地铁,多轨交汇,价格待定,,
越秀桂悦东晓,在售,海珠,东晓路,东晓路越秀桂悦东晓,,,,,小型社区,国央企,品牌房企,近地铁,价格待定,,
从化城投天悦湾,在售,从化,鳌头镇,宝珠大道380号,2室,,,建面 50-113㎡,低单价,低总价,绿化率高,人车分流,6000, 元/㎡(均价),总价30-71(万/套)
领峯中心,待售,黄埔,科学城,黄埔区科学大道以北、开泰大道以西领峯中心,,,,,人车分流,小型社区,近地铁,地铁沿线,价格待定,,
中建白云之星,待售,白云,黄边,黄边北路63号,,,,,小型社区,国央企,品牌房企,近地铁,价格待定,,
珠江天河都荟,待售,天河,智慧城,高塘路珠江天河都荟,,,,,小型社区,国央企,品牌房企,近地铁,价格待定,,
星河臻华府,待售,黄埔,香雪,广州黄埔科学城云埔街道开创大道,,,,,车位充足,大型社区,品牌房企,公交直达,价格待定,,
琶洲樾华樾,在售,海珠,磨碟沙,新港东路琶洲樾华樾,,,,,绿化率高,人车分流,国央企,品牌房企,价格待定,,
中恒海晖城,在售,南海,小塘,佛山市南海区狮山镇桂丹路99号,2室,3室,4室,建面 64-138㎡,佛山楼盘,低单价,低总价,绿化率高,9500, 元/㎡(均价),总价65-190(万/套)
泷景花园,在售,禅城,澜石,澜石街道前进路19号,3室,4室,,建面 85-189㎡,佛山楼盘,人车分流,大型社区,品牌房企,17500, 元/㎡(均价),总价160-400(万/套)
太平洋国际花园,在售,顺德,陈村,赤花白陈路1号,2室,3室,4室,建面 60-225㎡,佛山楼盘,低总价,绿化率高,人车分流,16000, 元/㎡(均价),总价180-650(万/套)
嘉濠雅苑,在售,顺德,北滘,佛山市顺德区陈村镇南涌芸香围105国道18号,2室,,,建面 87-90㎡,佛山楼盘,低单价,低总价,人车分流,10500, 元/㎡(均价),总价100(万/套)
天晟·海琴湾,在售,南海,丹灶,丹灶金沙大桥侧,3室,4室,,建面 148-195㎡,佛山楼盘,低单价,车位充足,绿化率高,8500, 元/㎡(均价),总价135-220(万/套)
光明花半里,在售,南海,罗村,狮山镇罗村大道南1号,3室,,,建面 117-160㎡,佛山楼盘,低单价,低总价,人车分流,12000, 元/㎡(均价),总价125-138(万/套)
珠水豪庭,在售,南海,黄岐,黄岐北环路138号,3室,4室,5室,建面 87-221㎡,佛山楼盘,人车分流,大型社区,入户花园,32000, 元/㎡(均价),总价270-1000(万/套)
中信山语湖,在售,南海,里水,佛山市南海区里水镇和顺美景水库地段,3室,4室,,建面 89-168㎡,佛山楼盘,低单价,低总价,人车分流,9500, 元/㎡(均价),总价100-161(万/套)
美立方花园,在售,南海,狮山,狮山镇红星南路19号美立方花园,2室,,,建面 90-143㎡,佛山楼盘,低单价,低总价,人车分流,13000, 元/㎡(均价),总价125-171(万/套)
东圣维拉,在售,顺德,容桂,容里骏晖路3号,3室,4室,,建面 100-156㎡,佛山楼盘,低单价,低总价,绿化率高,9000, 元/㎡(均价),总价90-226(万/套)
广佛新世界,在售,南海,大沥,佛山市南海区狮山镇高尔夫路333号,3室,4室,,建面 71-161㎡,佛山楼盘,低总价,绿化率高,低密居所,15000, 元/㎡(均价),总价180-255(万/套)
藏珑华府,在售,顺德,陈村,国通大道东2号,2室,3室,,建面 95-171㎡,佛山楼盘,低总价,绿化率高,人车分流,15000, 元/㎡(均价),总价140-400(万/套)
博雅滨江,在售,三水,西南街道,佛山市三水区西南街道文锋西路55号,3室,4室,5室,建面 112-349㎡,佛山楼盘,车位充足,绿化率高,品牌房企,8800, 元/㎡(均价),总价100-310(万/套)
名铸家园,在售,顺德,勒流,勒流育贤路8号,3室,4室,5室,建面 93-195㎡,佛山楼盘,低单价,低总价,车位充足,11800, 元/㎡(均价),总价120-244(万/套)
美的鹭湖森林度假区,在售,高明,杨和,高明大道中218号,2室,3室,,建面 77-115㎡,佛山楼盘,绿化率高,低密居所,高品质小区,8900, 元/㎡(均价),总价62.3-93.1(万/套)
鸿安花园,在售,三水,北江新区,西青大道23号,2室,3室,4室,建面 91-143㎡,佛山楼盘,低单价,人车分流,大型社区,8300, 元/㎡(均价),总价80-136(万/套)
欧浦花城,在售,高明,杨和,杨西大道133号,3室,,,建面 97-115㎡,佛山楼盘,绿化率高,人车分流,公交直达,6000, 元/㎡(均价),总价55-67(万/套)
明智雅苑,在售,三水,云东海街道,佛山市三水区云东海街道明海路1号,3室,4室,,建面 106-149㎡,佛山楼盘,低单价,绿化率高,低密居所,7500, 元/㎡(均价),总价100-150(万/套)
海骏达康格斯花园,在售,顺德,大良西北区,105国道大良路段(大良古楼加油站旁),3室,4室,,建面 88-153㎡,佛山楼盘,低单价,低总价,绿化率高,9500, 元/㎡(均价),总价177-211(万/套)
丽日坚美森林湖,在售,三水,云东海街道,三水区云东海大道6号,3室,4室,,建面 121-145㎡,佛山楼盘,低单价,车位充足,绿化率高,7300, 元/㎡(均价),总价89-106(万/套)
丽日坚美森林湖,在售,三水,云东海街道,三水区云东海大道6号,4室,5室,,建面 269-301㎡,佛山楼盘,低单价,绿化率高,人车分流,12000, 元/㎡(均价),总价324-376(万/套)
金钻华府,在售,顺德,乐从,乐从大道东A106号,1室,2室,,建面 43-84㎡,佛山楼盘,低单价,低总价,人车分流,11000, 元/㎡(均价),总价55-115(万/套)
圣德嘉园,在售,禅城,南庄,南庄镇南庄二马路102号,3室,,,建面 87-106㎡,佛山楼盘,低单价,低总价,人车分流,7500, 元/㎡(均价),总价73-90(万/套)
美的西江府,在售,顺德,龙江,悦江路3号,4室,,,建面 89-143㎡,佛山楼盘,低单价,低总价,绿化率高,8300, 元/㎡(均价),总价165-193(万/套)
天晟·海琴湾,在售,南海,丹灶,丹灶金沙大桥南侧,5室,6室,7室,建面 248-813㎡,佛山楼盘,车位充足,绿化率高,置换改善,23000, 元/㎡(均价),总价700-2000(万/套)
金地艺境天成,在售,三水,大塘,广东省佛山市三水区大塘镇大布沙锦塘路12号,2室,3室,,建面 85-140㎡,佛山楼盘,低单价,低总价,人车分流,6500, 元/㎡(均价),总价60-95(万/套)
中粮珑湾祥云,在售,禅城,湖景,东平路中粮珑湾祥云,3室,4室,,建面 96-172㎡,佛山楼盘,人车分流,小型社区,国央企,22000, 元/㎡(均价),总价190-320(万/套)
望德8号,在售,禅城,湖景,奇槎华祥路10号,3室,4室,,建面 87-117㎡,佛山楼盘,低总价,人车分流,大型社区,15500, 元/㎡(均价),总价135-200(万/套)
金融街金悦府,在售,三水,云东海街道,广东省佛山市三水新城云庭大道7号（三水北站轻轨站旁）,2室,3室,4室,建面 95-160㎡,佛山楼盘,绿化率高,人车分流,国央企,9000, 元/㎡(均价),总价83-168(万/套)
中雅江湾,在售,顺德,乐从,创富三路中交雅居乐中雅江湾,3室,4室,,建面 98-140㎡,佛山楼盘,低总价,绿化率高,人车分流,13000, 元/㎡(均价),总价120-200(万/套)
坚美园,在售,鹤山市,鹤山市,鹤山市沙坪街道鹤山大道南（汽车总站对面）,3室,4室,,建面 76-161㎡,楼盘,绿化率高,大型社区,品牌房企,6600, 元/㎡(均价),总价61-492(万/套)
南景湾山水城,在售,鹤山市,鹤山市,鹤山市沙坪街道文明路南景华府旁（鹤山一中运动场南侧）,3室,4室,,建面 115-178㎡,楼盘,绿化率高,人车分流,公交直达,5988, 元/㎡(均价),总价84-102(万/套)
中宝温馨家园,在售,鹤山市,鹤山市,广东省江门市鹤山市前进南路36号,2室,3室,4室,建面 83-145㎡,楼盘,绿化率高,人车分流,品牌房企,5800, 元/㎡(均价),总价60-90(万/套)
电建地产·洺悦半岛,在售,顺德,勒流,勒流街道电建地产·洺悦半岛,3室,4室,,建面 105-171㎡,佛山楼盘,低单价,低总价,绿化率高,9500, 元/㎡(均价),总价105-162(万/套)
雲璟上筑,在售,顺德,伦教,龙州公路顺德汽车产业园,1室,,,建面 27-38㎡,佛山楼盘,低单价,低总价,小型社区,7500, 元/㎡(均价),总价23-46(万/套)
金地艺境天成,在售,三水,大塘,三水·大塘新城（珠三角环线北江东出口月亮湖旁）,3室,4室,,建面 140-211㎡,佛山楼盘,低单价,低总价,人车分流,12000, 元/㎡(均价),总价140-250(万/套)
保利新汇城,在售,禅城,祖庙,禅城区佛罗公路45号之一,3室,4室,,建面 86-122㎡,佛山楼盘,低单价,低总价,人车分流,12500, 元/㎡(均价),总价115-155(万/套)
金地艺境天成,在售,三水,大塘,广东省佛山市三水区大塘镇锦塘路12号,1室,,,建面 13-253㎡,佛山楼盘,低单价,低总价,品牌房企,9000, 元/㎡(均价),总价13-253(万/套)
创雄华府,在售,三水,北江新区,佛山市三水区西南街道建设二路2号,3室,4室,,建面 101-128㎡,佛山楼盘,低总价,小型社区,封闭管理,8800, 元/㎡(均价),总价85-123(万/套)
桂南星晴公馆,在售,南海,桂城,南桂东路桂南星晴公馆,2室,3室,4室,建面 68-121㎡,佛山楼盘,人车分流,小型社区,贴心物业,18500, 元/㎡(均价),总价130-225(万/套)
泷景花园,在售,禅城,澜石,澜石街道前进路19号,1室,3室,,建面 28-78㎡,佛山楼盘,低总价,人车分流,大型社区,12000, 元/㎡(均价),总价33-85(万/套)
中国铁建领秀公馆,在售,顺德,北滘,广东省佛山市顺德区三乐路南7号,2室,3室,4室,建面 90-142㎡,佛山楼盘,绿化率高,人车分流,国央企,13000, 元/㎡(均价),总价140-270(万/套)
华业丽景花园,在售,鹤山市,鹤山市,鹤城325国道与270省道交汇处,2室,3室,4室,建面 76-137㎡,楼盘,低单价,绿化率高,人车分流,5200, 元/㎡(均价),总价41.6-79(万/套)
碧桂园天麓湖,在售,鹤山市,鹤山市,江鹤高速共和出口天麓湖风景区,2室,4室,,建面 84-120㎡,楼盘,车位充足,绿化率高,置换改善,6000, 元/㎡(均价),总价65-75(万/套)
中交·诚湾悦府,在售,顺德,杏坛,佛山市顺德杏坛镇高新区德富路58号,3室,4室,,建面 88-133㎡,佛山楼盘,低单价,低总价,车位充足,11000, 元/㎡(均价),总价80-185(万/套)
保利中交大都汇,在售,禅城,绿岛湖,季华路保利中交大都汇,3室,4室,,建面 75-142㎡,佛山楼盘,低单价,低总价,绿化率高,13000, 元/㎡(均价),总价160-220(万/套)
阅海,在售,南海,里水,沿江北三路阅海,2室,3室,4室,建面 90-452㎡,佛山楼盘,低单价,低总价,人车分流,13000, 元/㎡(均价),总价120-280(万/套)
富佳和院,在售,南海,大沥,大沥振兴路60号,3室,,,建面 82-122㎡,佛山楼盘,车位充足,人车分流,贴心物业,17000, 元/㎡(均价),总价147-230(万/套)
润立华庭,在售,四会,大旺,大旺大道与政德街交汇处,2室,4室,,建面 82-121㎡,楼盘,低单价,低总价,人车分流,5500, 元/㎡(均价),总价57-80(万/套)
君山新城,在售,四会,大旺,肇庆市大旺高新区建设路君山新城,2室,3室,4室,建面 65-144㎡,楼盘,低总价,绿化率高,人车分流,6400, 元/㎡(均价),总价45-110(万/套)
御东方,在售,四会,大旺,大旺高新区工业大街与建设路交叉口东120米,2室,3室,4室,建面 83-162㎡,楼盘,人车分流,大型社区,健身跑道,6500, 元/㎡(均价),总价60-117.3(万/套)
唯美·臻岸华府,在售,顺德,大良北区,新基北路唯美·臻岸华府,3室,4室,5室,建面 98-234㎡,佛山楼盘,车位充足,人车分流,健身跑道,15000, 元/㎡(均价),总价175-420(万/套)
金融街仙湖悦府,在售,南海,丹灶,丹灶镇仙湖度假区环湖路16号,3室,4室,,建面 103-143㎡,佛山楼盘,低单价,低总价,车位充足,10000, 元/㎡(均价),总价90-150(万/套)
东澳御园,在售,四会,大旺,高新区·大旺大道与政德大街交汇处,3室,4室,,建面 79-98㎡,楼盘,低单价,绿化率高,人车分流,6000, 元/㎡(均价),总价45-60(万/套)
实地紫藤公馆,在售,顺德,容桂,长业路1号,3室,4室,,建面 93-127㎡,佛山楼盘,低单价,低总价,车位充足,9000, 元/㎡(均价),总价85-150(万/套)
君临天下（富士花园）,在售,高要区,高要,肇庆市高要区白土镇高峰路6号,2室,3室,4室,建面 54-151㎡,楼盘,低单价,低总价,大型社区,5000, 元/㎡(均价),总价29.8-80(万/套)
星湖裕园,在售,端州区,端州,端州区北岭七星路18号,3室,5室,6室,建面 209-700㎡,楼盘,车位充足,人车分流,置换改善,9000, 元/㎡(均价),总价175-780(万/套)
华福·珑熹水岸,在售,高明,荷城,荷城城区泰华路与学舟街交汇处（高明纪念中学旁）,3室,4室,,建面 96-141㎡,佛山楼盘,人车分流,大型社区,品牌房企,7500, 元/㎡(均价),总价75-122(万/套)
天宝豪庭,在售,顺德,杏坛,佛山市顺德区杏龙路37号,3室,,,建面 96-120㎡,佛山楼盘,低单价,低总价,人车分流,8800, 元/㎡(均价),总价85-138(万/套)
保利天际,在售,南海,千灯湖,海五路保利天际,1室,,,建面 74-133㎡,佛山楼盘,人车分流,小型社区,国央企,13000, 元/㎡(均价),总价170-210(万/套)
中交白兰春晓,在售,禅城,祖庙,禅城区货站东路11号,2室,3室,4室,建面 78-127㎡,佛山楼盘,人车分流,大型社区,国央企,17000, 元/㎡(均价),总价125-230(万/套)
鹏瑞皓玥湾,在售,顺德,大良新区,澄海东路鹏瑞皓玥湾,4室,5室,,建面 280-350㎡,佛山楼盘,车位充足,人车分流,品牌房企,42000, 元/㎡(均价),总价1120-1470(万/套)
保利华侨城云禧,在售,南海,三山,南海区三山新城长江路与科丰路交汇处,3室,4室,,建面 87-171㎡,佛山楼盘,人车分流,大型社区,国央企,21000, 元/㎡(均价),总价185-450(万/套)
保利时光印象,在售,顺德,容桂,合新路保利时光印象,3室,,,建面 69-96㎡,佛山楼盘,低单价,低总价,人车分流,11000, 元/㎡(均价),总价100-110(万/套)
绿城顺德杨柳郡,在售,顺德,北滘,佛山市顺德区北滘镇高村村乐创路1号,3室,4室,,建面 99-119㎡,佛山楼盘,车位充足,人车分流,国央企,16000, 元/㎡(均价),总价160-200(万/套)
鸿业季华天地,在售,禅城,湖景,季华六路鸿业季华天地,1室,2室,4室,建面 48-95㎡,佛山楼盘,低单价,低总价,人车分流,12000, 元/㎡(均价),总价42-140(万/套)
瀚康华府,在售,顺德,均安,顺德区均安镇均安三桥桥头均良路与华丰路交汇处,3室,4室,,建面 90-119㎡,佛山楼盘,低单价,低总价,绿化率高,7500, 元/㎡(均价),总价72-92(万/套)
复地公园和光,在售,禅城,石湾,禅城区绿景路北侧、三友南路南侧,2室,3室,,建面 73-117㎡,佛山楼盘,低总价,绿化率高,人车分流,14000, 元/㎡(均价),总价160-210(万/套)
鹤山帝豪居,在售,鹤山市,鹤山市,鹤山市人民东路鹤山公园北门,3室,4室,,建面 96-137㎡,楼盘,车位充足,绿化率高,公交直达,8000, 元/㎡(均价),总价83-91(万/套)
美的云悦江山,在售,顺德,北滘,佛山市顺德区北滘镇高村村美的大道2号云和悦西园,2室,3室,4室,建面 83-142㎡,佛山楼盘,低总价,绿化率高,人车分流,16500, 元/㎡(均价),总价143-255(万/套)
星星凯旋国际,在售,禅城,祖庙,季华七路与南海大道的交汇处,3室,4室,,建面 85-127㎡,佛山楼盘,低单价,人车分流,大型社区,11000, 元/㎡(均价),总价138-178(万/套)
碧桂园云樾金沙,在售,南海,里水,南海里水大道南105号,3室,4室,,建面 87-123㎡,佛山楼盘,绿化率高,人车分流,品牌房企,16000, 元/㎡(均价),总价170-289(万/套)
凯蓝锦伦华庭,在售,顺德,伦教,顺德伦教羊大路与康健路交汇处,3室,,,建面 74-78㎡,佛山楼盘,低单价,低总价,人车分流,11500, 元/㎡(均价),总价90-120(万/套)
时代灯湖天境,在售,南海,桂城,南海区千灯湖海八路旁,3室,4室,,建面 88-106㎡,佛山楼盘,优惠楼盘,人车分流,大型社区,21000, 元/㎡(均价),总价180-260(万/套)
共和宝丰新城,在售,鹤山市,鹤山市,共兴路共和宝丰新城销售中心,3室,4室,,建面 100-120㎡,楼盘,人车分流,封闭管理,贴心物业,5800, 元/㎡(均价),总价58-68(万/套)
中建顺控·云熙悦城,在售,顺德,乐从,佛山新城·佛山一环与新桂路交汇处,2室,3室,4室,建面 80-120㎡,佛山楼盘,低单价,低总价,绿化率高,10000, 元/㎡(均价),总价80-150(万/套)
深业旗山雅苑,在售,南海,里水,南海区里水镇里水大道南沙涌下亨田村下亭一路1号,3室,4室,,建面 84-114㎡,佛山楼盘,低总价,人车分流,小型社区,14000, 元/㎡(均价),总价110-170(万/套)
新希望金沙公馆,在售,南海,金沙洲,里广路南 62 号,3室,4室,,建面 86-117㎡,佛山楼盘,人车分流,品牌房企,健身跑道,23000, 元/㎡(均价),总价210-280(万/套)
中交泷湾云城,在售,南海,三山,中交泷湾云城营销中心,2室,3室,4室,建面 85-139㎡,佛山楼盘,人车分流,大型社区,国央企,20000, 元/㎡(均价),总价155-283(万/套)
金辉辉逸云庭,在售,禅城,南庄,佛山-季华路与紫洞路交汇处地铁2号线湖涌站-外国语学校旁,3室,,,建面 67-115㎡,佛山楼盘,特价好房,低单价,绿化率高,11000, 元/㎡(均价),总价90-110(万/套)
金辉辉逸云庭,在售,禅城,南庄,佛山-季华路与紫洞路交汇处地铁2号线湖涌站-外国语学校旁,4室,5室,,建面 125-142㎡,佛山楼盘,低总价,人车分流,大型社区,25000, 元/㎡(均价),总价300-400(万/套)
星星凯旋国际,在售,禅城,祖庙,"禅城区星辰路10号, 星辰路11号",,,,,佛山楼盘,人车分流,大型社区,品牌房企,28000, 元/㎡(均价),总价3650(万/套)
广佛新世界,在售,南海,大沥,佛山市南海区狮山镇高尔夫路333号,3室,,,建面 672㎡,佛山楼盘,绿化率高,人车分流,置换改善,28000, 元/㎡(均价),总价1881(万/套)
新仕名府,在售,顺德,伦教,南苑西路3号,3室,4室,,建面 69-93㎡,佛山楼盘,低单价,车位充足,人车分流,9500, 元/㎡(均价),总价83-142(万/套)
春风名苑,在售,顺德,乐从,顺德区岳步村太平路与劳岳大道交叉路口往西北约150米,2室,3室,,建面 70-119㎡,佛山楼盘,低总价,人车分流,小型社区,16500, 元/㎡(均价),总价145-180(万/套)
中建映湖万黛,在售,顺德,乐从,顺德区乐从镇大罗大道25号,2室,3室,4室,建面 88-125㎡,佛山楼盘,特价好房,低总价,人车分流,13000, 元/㎡(均价),总价118-166(万/套)
新仕名府,在售,顺德,伦教,顺德区伦教街道南苑西路3号,3室,4室,,建面 108-140㎡,佛山楼盘,低单价,车位充足,绿化率高,12500, 元/㎡(均价),总价129-175(万/套)
金融街金悦郡,在售,三水,云东海街道,三水新城三水北站西侧100米,2室,3室,4室,建面 84-130㎡,佛山楼盘,低总价,人车分流,大型社区,9300, 元/㎡(均价),总价74-137(万/套)
欣雅苑,在售,高明,荷城,高明区荷城街道祥福路60号,3室,4室,,建面 93-113㎡,佛山楼盘,人车分流,小型社区,品牌房企,6300, 元/㎡(均价),总价62-80(万/套)
鸿升春风里,在售,鹤山市,鹤山市,广南线鸿升春风里,1室,3室,,建面 69-91㎡,楼盘,低单价,低总价,绿化率高,5500, 元/㎡(均价),总价44.2-60(万/套)
天樾水岸,在售,禅城,澜石,禅城区东平路·城市秀台旁（世纪莲对岸）,2室,3室,4室,建面 95-181㎡,佛山楼盘,绿化率高,人车分流,多轨交汇,20000, 元/㎡(均价),总价170-330(万/套)
润立丽苑,在售,南海,西樵,南海区西樵镇西樵建新路30号,1室,2室,,建面 77-106㎡,佛山楼盘,低单价,低总价,人车分流,7000, 元/㎡(均价),总价67-86(万/套)
颐安·雍悦华府,在售,三水,北江新区,三水区西南街道口岸大道22号,2室,3室,4室,建面 90-146㎡,佛山楼盘,人车分流,封闭管理,品牌房企,8800, 元/㎡(均价),总价84-240(万/套)
中建壹品·湖北文旅·东湖学府,在售,顺德,容桂,容桂街道容里小学以南、容英路以东（东湖公园旁）,2室,3室,4室,建面 88-144㎡,佛山楼盘,低单价,低总价,车位充足,12000, 元/㎡(均价),总价97-227(万/套)
美的·金地·新明珠·凤翔湾壹号,在售,禅城,南庄,禅城区魁奇路石南大桥侧,3室,4室,,建面 83-142㎡,佛山楼盘,低总价,人车分流,大型社区,14500, 元/㎡(均价),总价158-200(万/套)
圣淘湾·美丽院子,在售,顺德,龙江,顺德区龙江镇杏龙路6号至8号,2室,3室,4室,建面 94-238㎡,佛山楼盘,低单价,低总价,绿化率高,8100, 元/㎡(均价),总价98-285(万/套)
广域西江华府,在售,三水,白坭,佛山市三水区白坭镇人民东街30号,3室,,,建面 81-94㎡,佛山楼盘,低单价,低总价,人车分流,7000, 元/㎡(均价),总价57-63(万/套)
樵顺高建广场,在售,高明,荷城,高明区荷城街道碧桂路135号,2室,3室,,建面 81-142㎡,佛山楼盘,低单价,低总价,人车分流,5300, 元/㎡(均价),总价43-80(万/套)
保利阅江台江缦,在售,顺德,陈村,顺德区陈村镇华阳路东侧,4室,,,建面 97-270㎡,佛山楼盘,车位充足,绿化率高,国央企,20000, 元/㎡(均价),总价210-950(万/套)
龙湖江与城,在售,顺德,伦教,顺德伦教·滨江新城,2室,,,建面 85-122㎡,佛山楼盘,低单价,低总价,人车分流,12000, 元/㎡(均价),总价102-114(万/套)
美的世茂滨江壹号,在售,顺德,大良新区,顺德区大良街道德胜西路,3室,4室,,建面 97-142㎡,佛山楼盘,低总价,车位充足,人车分流,15000, 元/㎡(均价),总价140-260(万/套)
凯蓝滨江名门花园,在售,顺德,容桂,顺德区容桂东堤路以南、乐安北路以东地块,3室,4室,,建面 74-107㎡,佛山楼盘,低单价,低总价,人车分流,12000, 元/㎡(均价),总价115-145(万/套)
华侨城·纯水岸,在售,鹤山市,鹤山市,鹤山市古劳镇西江河畔,1室,3室,4室,建面 45-120㎡,楼盘,低单价,低总价,低密居所,4688, 元/㎡(均价),总价23-65(万/套)
保利清能和府,在售,三水,云东海街道,三水区云东海街道映海路29号（佛山市华大星晖高级中学旁）,2室,3室,4室,建面 81-113㎡,佛山楼盘,低总价,绿化率高,人车分流,8900, 元/㎡(均价),总价67-108(万/套)
鸿升·江门玉兰花园,在售,鹤山市,鹤山市,鹤城大道088号,2室,3室,4室,建面 70-116㎡,楼盘,低单价,人车分流,大型社区,5500, 元/㎡(均价),总价46-64(万/套)
香缤天玺名苑,在售,高明,荷城,佛山高明荷城沿江路456号,2室,3室,,建面 85-123㎡,佛山楼盘,车位充足,人车分流,品牌房企,6000, 元/㎡(均价),总价54-84(万/套)
中梁壹号院,在售,端州区,北岭,学院路中梁壹号院,4室,5室,,建面 96-180㎡,楼盘,绿化率高,人车分流,品牌房企,7500, 元/㎡(均价),总价130-160(万/套)
金融街·顺德金悦府,在售,顺德,陈村,广东省佛山市顺德区陈村镇横三路弼教段2号,3室,4室,,建面 88-138㎡,佛山楼盘,低总价,车位充足,绿化率高,13000, 元/㎡(均价),总价130-240(万/套)
广域西江华府,在售,三水,白坭,三水区白坭镇人民东街30号,1室,,,建面 28-31㎡,佛山楼盘,低单价,低总价,人车分流,5500, 元/㎡(均价),总价13.8-16.8(万/套)
中梁星图,在售,南海,西樵,南海区西樵镇樵誉路3号,3室,4室,,建面 89-128㎡,佛山楼盘,低单价,低总价,人车分流,8500, 元/㎡(均价),总价76-95(万/套)
勤天熹园,在售,高明,荷城,高明区西江新城荷香路与怡乐路交汇处,2室,3室,,建面 75-109㎡,佛山楼盘,人车分流,小型社区,品牌房企,8300, 元/㎡(均价),总价65-90(万/套)
黎明嘉园,在售,禅城,澜石,黎明路黎明嘉园,3室,,,建面 94-111㎡,佛山楼盘,人车分流,封闭管理,近地铁,17500, 元/㎡(均价),总价159-188(万/套)
怡翠晋盛,在售,顺德,乐从,顺德区乐从镇东平居委会佛山新城富华路7号,4室,,,建面 101-364㎡,佛山楼盘,绿化率高,人车分流,品牌房企,20000, 元/㎡(均价),总价260-575(万/套)
鸿升·春江明月（春江明月花园）,在售,鹤山市,鹤山市,西江大堤鸿升·春江明月,3室,4室,5室,建面 83-189㎡,楼盘,人车分流,大型社区,大平层,7500, 元/㎡(均价),总价60-198(万/套)
时代全球创客小镇,在售,南海,大沥,广东省佛山市南海区桂鸿大道,3室,4室,,建面 96-239㎡,佛山楼盘,人车分流,大型社区,品牌房企,26000, 元/㎡(均价),总价230-800(万/套)
新城盛悦之光,在售,顺德,陈村,顺德区陈村镇赤花社区勤政东路31号,3室,4室,,建面 85-115㎡,佛山楼盘,绿化率高,人车分流,品牌房企,19000, 元/㎡(均价),总价160-220(万/套)
中交滨湖雅郡,在售,四会,大旺,肇庆市四会市大旺大道与曙光街东北侧,3室,4室,,建面 85-168㎡,楼盘,绿化率高,人车分流,国央企,6600, 元/㎡(均价),总价75-135(万/套)
方直星耀国际,在售,顺德,容桂,顺德区容边社区天河路,2室,3室,4室,建面 89-127㎡,佛山楼盘,低单价,低总价,人车分流,9800, 元/㎡(均价),总价90-140(万/套)
美的卓越好时光,在售,顺德,北滘,顺德区北滘镇裕和路（广佛环线北滘站旁）,2室,4室,,建面 82-124㎡,佛山楼盘,特价好房,低总价,人车分流,13300, 元/㎡(均价),总价110-235(万/套)
新希望悦珑湾,在售,顺德,陈村,广州南·三龙湾·7号线陈村TOD万达旁,1室,2室,3室,建面 25-125㎡,佛山楼盘,绿化率高,人车分流,品牌房企,17500, 元/㎡(均价),总价133-252(万/套)
美的·东樾湾,在售,南海,黄岐,佛山市南海区里水镇里水大道南138号,4室,,,建面 85-145㎡,佛山楼盘,车位充足,人车分流,品牌房企,19500, 元/㎡(均价),总价350(万/套)
泰丰千玺湾,在售,禅城,湖景,绿景三路泰丰千玺湾,3室,4室,,建面 133-143㎡,佛山楼盘,人车分流,封闭管理,品牌房企,24000, 元/㎡(均价),总价330-360(万/套)
海伦堡·汇银·玖悦澜湾,在售,禅城,南庄,南庄大道东海伦堡·汇银·玖悦澜湾,2室,3室,,建面 95-130㎡,佛山楼盘,低单价,低总价,绿化率高,11500, 元/㎡(均价),总价120-162(万/套)
中南云锦,在售,三水,乐平,佛山市三水区乐平镇工业路,2室,3室,,建面 79-110㎡,佛山楼盘,低总价,绿化率高,人车分流,9300, 元/㎡(均价),总价76-85(万/套)
黎明嘉园,在售,禅城,澜石,黎明路黎明嘉园,2室,3室,,建面 72-177㎡,佛山楼盘,低单价,低总价,近地铁,8300, 元/㎡(均价),总价72-202(万/套)
明智雅苑,在售,三水,云东海街道,佛山市三水区云东海街道明海路1号,4室,6室,,建面 238-560㎡,佛山楼盘,车位充足,绿化率高,置换改善,16500, 元/㎡(均价),总价372-800(万/套)
正荣力高·观山府,在售,南海,西樵,碧霞二路正荣力高·观山府,2室,3室,,建面 89-120㎡,佛山楼盘,低单价,低总价,人车分流,11000, 元/㎡(均价),总价95-145(万/套)
金地熙悦,在售,顺德,北滘,顺德区北滘西海路与西海大道交汇处,2室,,,建面 76-107㎡,佛山楼盘,低单价,低总价,绿化率高,12500, 元/㎡(均价),总价85-100(万/套)
建发德信三堂院,在售,南海,大沥,文华北路建发德信三堂院,2室,3室,4室,建面 89-141㎡,佛山楼盘,人车分流,大型社区,国央企,17000, 元/㎡(均价),总价160-260(万/套)
信业汇景台,在售,顺德,龙江,登东公路信业尚上名庭,2室,3室,5室,建面 76-132㎡,佛山楼盘,低单价,低总价,人车分流,10000, 元/㎡(均价),总价85-171(万/套)
爱情·印玥万璟府,在售,顺德,容桂,广东省佛山市顺德区聚福路20号,2室,,,建面 69-103㎡,佛山楼盘,低单价,低总价,人车分流,9500, 元/㎡(均价),总价65-89(万/套)
建发融创和玺,在售,三水,云东海街道,映云路建发融创和玺营销中心,4室,,,建面 99-143㎡,佛山楼盘,人车分流,国央企,品牌房企,15000, 元/㎡(均价),总价250(万/套)
明日阳光,在售,顺德,大良南区,广东省佛山市顺德区南国西路26号,3室,4室,,建面 78-119㎡,佛山楼盘,低单价,低总价,人车分流,8000, 元/㎡(均价),总价68-105(万/套)
嘉濠雅苑,在售,顺德,北滘,陈村镇南涌芸香围18号,1室,,,建面 39-41㎡,佛山楼盘,低单价,人车分流,小型社区,8500, 元/㎡(均价),总价32.5-37(万/套)
粤海拾桂府,在售,禅城,东平,文华南路粤海拾桂府,3室,4室,5室,建面 95-200㎡,佛山楼盘,人车分流,大型社区,国央企,24000, 元/㎡(均价),总价210-400(万/套)
远洋北控天成,在售,南海,里水,佛山市南海区里水镇赤坎村远洋北控天成,3室,4室,,建面 85-128㎡,佛山楼盘,低总价,人车分流,封闭管理,14800, 元/㎡(均价),总价130-230(万/套)
博源尚云府,在售,三水,西南街道,广东省佛山市三水区西南街道文锋西路53号博源尚云府营销中心,3室,4室,,建面 135-210㎡,佛山楼盘,人车分流,封闭管理,品牌房企,11000, 元/㎡(均价),总价150-300(万/套)
观景华府,在售,三水,云东海街道,广东省佛山市三水区桃园西路,2室,3室,4室,建面 95-148㎡,佛山楼盘,低总价,绿化率高,人车分流,8500, 元/㎡(均价),总价71-140(万/套)
万科璞悦山,在售,南海,三山,广东省佛山市南海区环岛东路8号,3室,4室,,建面 87-235㎡,佛山楼盘,人车分流,大型社区,国央企,18500, 元/㎡(均价),总价170-1066(万/套)
旭辉恒基铂仕湾,在售,禅城,张槎,忠信路旭辉恒基铂仕湾,3室,4室,,建面 85-141㎡,佛山楼盘,人车分流,封闭管理,品牌房企,15000, 元/㎡(均价),总价130-204(万/套)
金地招商臻玥府,在售,顺德,容桂,广东省佛山市顺德区顺丝路25号,2室,3室,,建面 87-107㎡,佛山楼盘,低单价,低总价,人车分流,10300, 元/㎡(均价),总价100-135(万/套)
美的滨湖学府,在售,南海,里水,广东省佛山市南海区S361(里水大道南),3室,4室,,建面 93-295㎡,佛山楼盘,人车分流,小型社区,品牌房企,17000, 元/㎡(均价),总价170-350(万/套)
大华紫樾府,在售,禅城,张槎,智慧路大华紫樾府,2室,3室,4室,建面 88-168㎡,佛山楼盘,人车分流,大型社区,品牌房企,17500, 元/㎡(均价),总价180-650(万/套)
保利智慧云城,在售,顺德,杏坛,顺德区新齐宁路与东乐路交叉口东南20米,3室,4室,,建面 80-117㎡,佛山楼盘,低单价,低总价,人车分流,9800, 元/㎡(均价),总价80-120(万/套)
岭南澳苑,在售,三水,乐平,南边大道18-20号,3室,,,建面 88-90㎡,佛山楼盘,低单价,低总价,绿化率高,6500, 元/㎡(均价),总价62(万/套)
信业·珀丽湾,在售,高要区,高要,万福路1号,3室,4室,,建面 94-132㎡,楼盘,低单价,低总价,绿化率高,4000, 元/㎡(均价),总价49-68(万/套)
港龙滨江公园,在售,顺德,伦教,广珠公路港龙·滨江公园,3室,4室,5室,建面 83-136㎡,佛山楼盘,低总价,人车分流,封闭管理,13500, 元/㎡(均价),总价105-221(万/套)
金地中南新城大境,在售,顺德,乐从,佛山市顺德乐从镇新隆村钢铁大道北侧,2室,3室,,建面 77-106㎡,佛山楼盘,低单价,低总价,人车分流,12000, 元/㎡(均价),总价92-131(万/套)
华发滨江府,在售,顺德,乐从,钢顺三路华发滨江府,2室,4室,,建面 87-142㎡,佛山楼盘,人车分流,封闭管理,国央企,17500, 元/㎡(均价),总价155-300(万/套)
保利铂悦府,在售,顺德,容桂,广东省佛山市顺德区昌德西路26号,3室,4室,,建面 93-141㎡,佛山楼盘,低单价,低总价,人车分流,10500, 元/㎡(均价),总价91-170(万/套)
安联尚璟府,在售,高明,荷城,凤凰路安联尚璟府,2室,3室,,建面 95-119㎡,佛山楼盘,人车分流,封闭管理,国央企,10000, 元/㎡(均价),总价105-135(万/套)
恩歌源·享城,在售,鼎湖区,鼎湖,东进大道恩歌源·享城,3室,4室,5室,建面 91-146㎡,楼盘,低单价,低总价,人车分流,4800, 元/㎡(均价),总价46-80(万/套)
义兴壹品,在售,四会,大旺,曙光街214-226号,3室,,,建面 106-108㎡,楼盘,低单价,低总价,绿化率高,5500, 元/㎡(均价),总价58(万/套)
凯蓝江畔名轩,在售,顺德,容桂,容港路凯蓝江畔名轩,2室,,,建面 64-75㎡,佛山楼盘,低单价,低总价,绿化率高,10000, 元/㎡(均价),总价77-85(万/套)
建投恒福壹号,在售,禅城,湖景,湖景路建投恒福壹号,4室,,,建面 177-236㎡,佛山楼盘,车位充足,人车分流,近地铁,33000, 元/㎡(均价),总价570-900(万/套)
灯湖首府,在售,禅城,祖庙,佛山大道北48号,2室,3室,,建面 66-111㎡,佛山楼盘,低总价,人车分流,小型社区,15000, 元/㎡(均价),总价110-160(万/套)
鹤山·中汇名庭,在售,鹤山市,鹤山市,鹤山大道鹤山·中汇名庭,3室,4室,5室,建面 87-133㎡,楼盘,车位充足,人车分流,公交直达,7800, 元/㎡(均价),总价65-130(万/套)
新华城,在售,鹤山市,鹤山市,鹤山大道新华城,2室,3室,4室,建面 78-213㎡,楼盘,绿化率高,人车分流,公交直达,7500, 元/㎡(均价),总价61-170(万/套)
远大建管帝景湾,在售,顺德,伦教,伦常北路远大建管帝景湾,2室,3室,4室,建面 85-140㎡,佛山楼盘,低总价,人车分流,大型社区,13000, 元/㎡(均价),总价95-161(万/套)
越秀·御湖台,在售,南海,狮山,兴业北路越秀·御湖台,3室,4室,,建面 95-240㎡,佛山楼盘,车位充足,人车分流,国央企,16000, 元/㎡(均价),总价150-473(万/套)
汇源新都,在售,鹤山市,鹤山市,广东省江门市鹤山市,3室,,,建面 88-100㎡,楼盘,绿化率高,人车分流,公交直达,5700, 元/㎡(均价),总价45-63(万/套)
泰丰千语庭,在售,禅城,澜石,澜石一路泰丰千语庭,3室,4室,,建面 83-108㎡,佛山楼盘,绿化率高,人车分流,品牌房企,17500, 元/㎡(均价),总价150-200(万/套)
明智雅苑,在售,三水,云东海街道,佛山市三水区云东海街道明海路1号,1室,,,建面 89㎡,佛山楼盘,低单价,人车分流,封闭管理,13000, 元/㎡(均价),总价80(万/套)
保利灯湖天珺,在售,南海,盐步,穗盐西路9号,3室,4室,5室,建面 100-238㎡,佛山楼盘,车位充足,绿化率高,国央企,30000, 元/㎡(均价),总价280-1000(万/套)
信业汇景台,在售,顺德,龙江,登东公路信业汇景台,,,,,佛山楼盘,低总价,人车分流,封闭管理,18000, 元/㎡(均价),总价56(万/套)
侨银控股银湖湾畔,在售,三水,乐平,新城路南13号,3室,4室,5室,建面 96-173㎡,佛山楼盘,人车分流,封闭管理,品牌房企,13000, 元/㎡(均价),总价115-206(万/套)
三龙湾保利和颂,在售,禅城,湖景,广东省佛山市禅城区华祥路,3室,,,建面 86-143㎡,佛山楼盘,人车分流,大型社区,国央企,22000, 元/㎡(均价),总价245-405(万/套)
融佳臻园,在售,三水,西南街道,三水区西南街道塘福路1号,3室,4室,,建面 89-180㎡,佛山楼盘,低总价,人车分流,小型社区,9800, 元/㎡(均价),总价87-230(万/套)
锦绣半岛,在售,南海,狮山,狮山镇办事处小小路1号,3室,4室,,建面 100-205㎡,佛山楼盘,低单价,低总价,车位充足,12000, 元/㎡(均价),总价176-410(万/套)
保利珺悦府,在售,顺德,北滘,北滘新城美的大道站D出口,4室,,,建面 119-240㎡,佛山楼盘,车位充足,人车分流,国央企,19500, 元/㎡(均价),总价480(万/套)
鸿升·春江明月（春江明月花园）,在售,鹤山市,鹤山市,西江大堤鸿升·春江明月,6室,,,建面 202-221㎡,楼盘,人车分流,大型社区,品牌房企,15000, 元/㎡(均价),总价320-332(万/套)
保利珺悦府,在售,顺德,北滘,美的大道保利珺悦府,4室,,,建面 196㎡,佛山楼盘,车位充足,人车分流,国央企,26000, 元/㎡(均价),总价550(万/套)
城发·悦城峯境,在售,禅城,张槎,东平路城发·悦城峯境,3室,4室,,建面 178-345㎡,佛山楼盘,车位充足,人车分流,国央企,22000, 元/㎡(均价),总价430-800(万/套)
樵顺花苑,在售,高明,荷城,大成路樵顺花苑,3室,4室,,建面 91-120㎡,佛山楼盘,人车分流,小型社区,小三居,7500, 元/㎡(均价),总价71-93(万/套)
顺控金地熙悦湾,在售,顺德,勒流,顺德区勒流街道南国西路以南、龙海路以西,2室,3室,4室,建面 86-130㎡,佛山楼盘,低单价,低总价,人车分流,8500, 元/㎡(均价),总价75-115(万/套)
华福·金湾水岸,在售,顺德,伦教,广东省佛山市顺德区,2室,4室,,建面 94-175㎡,佛山楼盘,低总价,人车分流,封闭管理,13000, 元/㎡(均价),总价115-270(万/套)
保利天悦,在售,南海,千灯湖,清风西路保利天悦,1室,2室,3室,建面 63-188㎡,佛山楼盘,车位充足,人车分流,国央企,18000, 元/㎡(均价),总价130-500(万/套)
锦绣春江花园,在售,鼎湖区,鼎湖,天后路锦绣春江花园,2室,3室,4室,建面 71-126㎡,楼盘,人车分流,封闭管理,旅游地产,6000, 元/㎡(均价),总价48-79(万/套)
溪湾华府,在售,高要区,,肇庆市高要区大湾镇平埔开发区怡发工业大道8号,3室,4室,,建面 94-127㎡,楼盘,低单价,低总价,绿化率高,4800, 元/㎡(均价),总价39-53(万/套)
保利天汇,在售,南海,平洲,佛山市南海区清风路桂城街道,4室,5室,,建面 128-299㎡,佛山楼盘,车位充足,人车分流,国央企,35000, 元/㎡(均价),总价330-1500(万/套)
凯景半岛,在售,高明,荷城,苏河路凯景半岛,3室,4室,,建面 82-120㎡,佛山楼盘,人车分流,小型社区,公交直达,8000, 元/㎡(均价),总价66-90(万/套)
啟骏琅逸轩,在售,南海,黄岐,广东省佛山市南海区黄海路26号,3室,,,建面 105㎡,佛山楼盘,低密居所,人车分流,公交直达,22000, 元/㎡(均价),总价220(万/套)
保利三龙湾天珺,在售,禅城,湖景,东平路保利三龙湾天珺,4室,5室,,建面 192-354㎡,佛山楼盘,车位充足,人车分流,国央企,40000, 元/㎡(均价),总价970-1600(万/套)
越秀星汇文瀚,在售,南海,平洲,夏东路越秀星汇文瀚,3室,4室,,建面 85-115㎡,佛山楼盘,人车分流,小型社区,国央企,23000, 元/㎡(均价),总价175-275(万/套)
融基齐家湖壹号,在售,三水,乐平,佛山市三水区乐平镇儒家天下文化公园旁,3室,4室,,建面 98-178㎡,佛山楼盘,特价好房,车位充足,绿化率高,9500, 元/㎡(均价),总价95-170(万/套)
天樾华园,在售,禅城,澜石,广东省佛山市禅城区黎明路8号,3室,4室,,建面 93-139㎡,佛山楼盘,低总价,车位充足,绿化率高,15500, 元/㎡(均价),总价140-238(万/套)
君汇熙庭,在售,四会,,汇林路君汇熙庭,2室,3室,,建面 67-108㎡,楼盘,低总价,人车分流,大型社区,6800, 元/㎡(均价),总价45-55(万/套)
城发灯湖悦园,在售,禅城,祖庙,佛山市禅城区海五路与货站路交汇处,2室,3室,4室,建面 83-118㎡,佛山楼盘,人车分流,大型社区,国央企,16000, 元/㎡(均价),总价135-200(万/套)
保利新汇城,在售,禅城,祖庙,广东省佛山市禅城区佛罗路45号,,,,,佛山楼盘,人车分流,大型社区,国央企,25000, 元/㎡(均价),总价170(万/套)
捷和广场三期水溋坊,在售,三水,云东海街道,南丰大道捷和广场三期水溋坊,2室,3室,4室,建面 80-119㎡,佛山楼盘,低总价,绿化率高,人车分流,8600, 元/㎡(均价),总价68-118(万/套)
东建映月湖壹号,在售,南海,平洲,和洲路东建映月湖壹号,4室,5室,,建面 160-320㎡,佛山楼盘,车位充足,人车分流,品牌房企,35000, 元/㎡(均价),总价500-1300(万/套)
华侨城天鹅堡二期,在售,顺德,大良东区,佛山市顺德区大良街道欢乐大道2号,3室,4室,5室,建面 109-315㎡,佛山楼盘,车位充足,人车分流,国央企,22000, 元/㎡(均价),总价240-820(万/套)
建发融创和玺,在售,三水,云东海街道,广东省佛山市三水区韵丰路,1室,,,建面 16-81㎡,佛山楼盘,人车分流,封闭管理,国央企,25000, 元/㎡(均价),总价60-160(万/套)
顺控•桂樾台,在售,顺德,容桂,文海西路12号,2室,3室,,建面 89-125㎡,佛山楼盘,优惠楼盘,低单价,封闭管理,9500, 元/㎡(均价),总价85-125(万/套)
九峯台,在售,高明,荷城,高明区荷城街道秀湾路88号,4室,,,建面 165-200㎡,佛山楼盘,车位充足,人车分流,公交直达,9500, 元/㎡(均价),总价156-190(万/套)
北岸美庐,在售,顺德,乐从,佛山市顺德区沙滘北村美景路1号,3室,4室,6室,建面 107-350㎡,佛山楼盘,低单价,人车分流,封闭管理,10000, 元/㎡(均价),总价128-400(万/套)
顺伦海心明月,在售,顺德,伦教,顺德区彩虹路与奋业路交叉口东北120米,2室,3室,,建面 75-120㎡,佛山楼盘,低单价,低总价,人车分流,11000, 元/㎡(均价),总价75-140(万/套)
保利琅悦,在售,南海,桂城,南海-石啃/桂澜路保利琅悦,3室,4室,,建面 89-173㎡,佛山楼盘,人车分流,大型社区,国央企,25000, 元/㎡(均价),总价210-520(万/套)
建发灯湖天峯,在售,南海,大沥,广东省佛山市南海区新村大街23巷,4室,,,建面 131-151㎡,佛山楼盘,绿化率高,人车分流,国央企,32000, 元/㎡(均价),总价400-500(万/套)
建发灯湖缦云,在售,南海,盐步,岳利沙路建发灯湖缦云,4室,5室,,建面 175-338㎡,佛山楼盘,车位充足,人车分流,国央企,45000, 元/㎡(均价),总价700-2000(万/套)
华侨城半月岛纯水岸,在售,禅城,湖景,东平路华侨城半月岛纯水岸,4室,,,建面 140-227㎡,佛山楼盘,人车分流,封闭管理,国央企,31000, 元/㎡(均价),总价350-873(万/套)
万科世纪灯湖·瑧府,在售,南海,千灯湖,华翠北路万科瑧府,3室,4室,,建面 143-237㎡,佛山楼盘,车位充足,绿化率高,国央企,50000, 元/㎡(均价),总价600-1100(万/套)
滨江嘉苑,在售,端州区,,二塔路滨江嘉苑,3室,4室,,建面 102-139㎡,楼盘,人车分流,小型社区,公交直达,9800, 元/㎡(均价),总价110-140(万/套)
保利和著,在售,南海,平洲,深海路保利和著,4室,,,建面 119-163㎡,佛山楼盘,车位充足,人车分流,国央企,24000, 元/㎡(均价),总价270-490(万/套)
裕桂楼,在售,南海,桂城,广东省佛山市南海区南新一路9号,2室,3室,,建面 91-114㎡,佛山楼盘,人车分流,小型社区,近地铁,20000, 元/㎡(均价),总价180-220(万/套)
汇景园,在售,鼎湖区,鼎湖,民乐大道汇景园,3室,4室,,建面 87-117㎡,楼盘,低单价,低总价,绿化率高,5200, 元/㎡(均价),总价46-65(万/套)
丽江蓝湾,在售,高要区,,文峰路丽江蓝湾,2室,3室,,建面 67-84㎡,楼盘,低单价,低总价,人车分流,4900, 元/㎡(均价),总价35-45(万/套)
怡亚通珑樾,在售,禅城,岭南大道,文华中路怡亚通珑樾,3室,,,建面 123-142㎡,佛山楼盘,车位充足,低密居所,国央企,22000, 元/㎡(均价),总价275-315(万/套)
新希望悦珑湾,在售,顺德,陈村,广东省佛山市顺德区,,,,,佛山楼盘,人车分流,封闭管理,品牌房企,25000, 元/㎡(均价),总价139(万/套)
颐安·雍悦华府,在售,三水,北江新区,三水区西南街道口岸达到22号,1室,,,建面 23-97㎡,佛山楼盘,人车分流,封闭管理,品牌房企,20000, 元/㎡(均价),总价50-160(万/套)
顺控博悦湾新翼,在售,顺德,顺德碧桂园,佛山顺德北滘碧桂园社区科贤路1号,4室,,,建面 123-138㎡,佛山楼盘,低单价,低总价,人车分流,11000, 元/㎡(均价),总价166-186(万/套)
中盛龙骧水岸,在售,南海,大沥,佛山南海大沥广佛路太平牌坊旁,2室,3室,,建面 88-118㎡,佛山楼盘,人车分流,小型社区,品牌房企,15500, 元/㎡(均价),总价150-203(万/套)
致美家园,在售,南海,狮山,佛山市南海区狮山镇博华路2号,3室,4室,5室,建面 134-392㎡,佛山楼盘,车位充足,人车分流,品牌房企,16000, 元/㎡(均价),总价220-1000(万/套)
岭南华曦府,在售,顺德,大良东区,东乐路岭南华曦府,3室,4室,,建面 98-135㎡,佛山楼盘,人车分流,封闭管理,国央企,17000, 元/㎡(均价),总价166-243(万/套)
江鹤1号,在售,鹤山市,鹤山市,大岗路江鹤1号,3室,4室,,建面 89-143㎡,楼盘,车位充足,人车分流,小三居,7000, 元/㎡(均价),总价53-82(万/套)
春风潮鸣花园,在售,鹤山市,鹤山市,江门鹤山市沙坪城区古劳水乡东坡公园旁,3室,4室,,建面 83-103㎡,楼盘,人车分流,大型社区,品牌房企,7750, 元/㎡(均价),总价57-68(万/套)
春风潮鸣花园,在售,鹤山市,鹤山市,沙坪街道春风潮鸣花园,4室,5室,,建面 214-231㎡,楼盘,人车分流,大型社区,品牌房企,10000, 元/㎡(均价),总价220-235(万/套)
顺峰府,在售,顺德,大良东区,广东省佛山市顺德区新桂中路9号,2室,3室,4室,建面 90-300㎡,佛山楼盘,车位充足,绿化率高,近地铁,17000, 元/㎡(均价),总价148-600(万/套)
新怡明德世家,在售,南海,盐步,佛山南海大沥皇朝西路与建设西路交汇处,3室,4室,,建面 93-137㎡,佛山楼盘,低单价,人车分流,小型社区,13500, 元/㎡(均价),总价125-195(万/套)
东建天赋龙湾,在售,禅城,张槎,佛山禅城张槎忠信路北侧、华富路西侧、智慧路南侧,3室,4室,,建面 97-187㎡,佛山楼盘,绿化率高,人车分流,品牌房企,18500, 元/㎡(均价),总价150-403(万/套)
智信明轩,在售,高明,荷城,祥如路23号,3室,,,建面 95-108㎡,佛山楼盘,人车分流,小型社区,公交直达,6300, 元/㎡(均价),总价57-68(万/套)
博雅滨江,在售,三水,西南街道,文锋西路55号花果山,1室,,,建面 28-68㎡,佛山楼盘,车位充足,人车分流,品牌房企,20000, 元/㎡(均价),总价57-137(万/套)
捷和广场三期水溋坊,在售,三水,云东海街道,南丰大道捷和广场三期水溋坊,1室,,,建面 22-65㎡,佛山楼盘,低总价,人车分流,封闭管理,25000, 元/㎡(均价),总价104.4-164.9(万/套)
桐林天晋,在售,南海,盐步,南海-盐步/盐秀路1号之二,2室,3室,,建面 89-115㎡,佛山楼盘,人车分流,小型社区,公交直达,17000, 元/㎡(均价),总价137-201(万/套)
涛汇鎏金湾二期·瑞府,在售,顺德,大良新区,佛山顺德大良南江社区德胜西路10号,3室,4室,,建面 120-140㎡,佛山楼盘,绿化率高,人车分流,公交直达,15000, 元/㎡(均价),总价195-225(万/套)
怡亚通珑樾,在售,禅城,岭南大道,地铁湾华站北行约200米,,,,,佛山楼盘,车位充足,人车分流,国央企,18000, 元/㎡(均价),总价1100(万/套)
藏珑华府,在售,顺德,陈村,顺德-陈村/佛山广珠西线石洲出口西侧800米,1室,2室,,建面 39-58㎡,佛山楼盘,低单价,人车分流,封闭管理,8800, 元/㎡(均价),总价30-50(万/套)
智富新天地,在售,顺德,杏坛,佛山顺德杏坛高赞村高桂大道北28号,3室,4室,,建面 72-107㎡,佛山楼盘,低单价,低总价,人车分流,7800, 元/㎡(均价),总价54-83(万/套)
中兴汇富居,在售,鹤山市,鹤山市,铁夫路中兴汇富居,3室,4室,5室,建面 76-189㎡,楼盘,绿化率高,人车分流,公交直达,6800, 元/㎡(均价),总价49-150(万/套)
桃园高尔夫豪庭,在售,南海,松岗,南海区狮山镇桃影路8号,6室,7室,8室,建面 396-973㎡,佛山楼盘,人车分流,小型社区,置换改善,20000, 元/㎡(均价),总价480-2300(万/套)
万和融禧公馆,在售,南海,千灯湖,桂城街道万和融禧公馆,2室,3室,,建面 71-122㎡,佛山楼盘,小型社区,封闭管理,多轨交汇,17000, 元/㎡(均价),总价130-225(万/套)
大学城•禾粤,在售,南海,狮山,佛山南海狮山和众路3号,3室,4室,,建面 88-123㎡,佛山楼盘,低单价,低总价,人车分流,7500, 元/㎡(均价),总价70-100(万/套)
天健汇,售罄,天河,车陂,车陂北路（天坤三路与健明四路交汇处）,1室,3室,,建面 36-51㎡,人车分流,小型社区,国央企,品牌房企,37500, 元/㎡(均价),总价135(万/套)
绿地云央,售罄,白云,太和,草塘路5号,3室,4室,,建面 98-138㎡,车位充足,人车分流,国央企,品牌房企,27500, 元/㎡(均价),总价275(万/套)
智杰雅筑,售罄,从化,河滨北路,向阳路32号,3室,5室,,建面 90-242㎡,绿化率高,人车分流,入户花园,贴心物业,11000, 元/㎡(均价),总价140(万/套)
南华时代城,售罄,花都,铁路西,新华街工业大道18号,3室,,,建面 105-124㎡,人车分流,大型社区,健身跑道,地铁沿线,20000, 元/㎡(均价),总价220(万/套)
公园里（春晓花园）,售罄,增城,荔城增江,广汕公路与增江大道南交汇处（天恩小学对面）,3室,,,建面 113-135㎡,车位充足,绿化率高,入户花园,中式建筑,9800, 元/㎡(均价),
中森茗苑,售罄,增城,新塘北,新塘石新路168号,3室,,,建面 85-88㎡,人车分流,封闭管理,入户花园,儿童乐园,21000, 元/㎡(均价),总价185(万/套)
宏诚海峰花园,售罄,从化,江浦街,广州市从化区江埔街环市东路453号,2室,3室,4室,建面 79-134㎡,人车分流,封闭管理,健身跑道,贴心物业,价格待定,,
越秀星汇云城,售罄,白云,同和,广州大道北同宝路163号,2室,3室,4室,建面 78-122㎡,车位充足,绿化率高,国央企,入户花园,53000, 元/㎡(均价),总价550(万/套)
盈港国际,售罄,南沙,进港大道,广州市南沙区南沙街进港大道577号进港大道盈港国际,1室,2室,3室,建面 87-139㎡,绿化率高,人车分流,自持商业,公交直达,14500, 元/㎡(均价),总价140(万/套)
远东御江豪庭,售罄,荔湾,茶滘,百花路58号（花地河畔）,0室,2室,3室,建面 85-127㎡,人车分流,小型社区,休闲会所,地铁沿线,40000, 元/㎡(均价),总价343(万/套)
中海联南沙国贸中心,售罄,南沙,金洲,上隆岭路中海联南沙国贸中心,2室,,,建面 52-58㎡,人车分流,小型社区,近地铁,地铁沿线,13000, 元/㎡(均价),总价68(万/套)
家和天曜,售罄,天河,黄村,大灵山路430号,2室,,,建面 43-52㎡,绿化率高,人车分流,自持商业,公交直达,33000, 元/㎡(均价),总价135(万/套)
大夫山尚东,售罄,番禺,市桥,禺山西路东桥大街68号,2室,3室,4室,建面 79-110㎡,绿化率高,人车分流,品牌房企,贴心物业,24000, 元/㎡(均价),总价220(万/套)
中鼎名汇,售罄,黄埔,黄埔区府,广东省广州市黄埔区丰乐北路68号,1室,2室,,建面 49-86㎡,绿化率高,人车分流,贴心物业,自持商业,23500, 元/㎡(均价),总价170(万/套)
保利罗兰国际4期,售罄,黄埔,科学城,开创大道2656号,1室,2室,3室,建面 54-172㎡,车位充足,绿化率高,国央企,品牌房企,41000, 元/㎡(均价),总价450(万/套)
金地香山湖,售罄,增城,永宁,永和新新大道15号,4室,,,建面 129-170㎡,人车分流,小型社区,品牌房企,入户花园,12000, 元/㎡(均价),总价160(万/套)
天马丽苑·悦璟湾,售罄,花都,铁路西,新街大道望亭路8号,3室,4室,,建面 99-145㎡,车位充足,绿化率高,养老舒适,入户花园,32000, 元/㎡(均价),总价360(万/套)
增城一品山湖,售罄,增城,荔城增江,增江街初溪村（广东工业大学华立学院旁和新建的北汽汽车城对面）,3室,4室,,建面 107-149㎡,人车分流,大型社区,国央企,品牌房企,11000, 元/㎡(均价),总价130(万/套)
中国铁建环球中心,售罄,南沙,南沙区府,广州市南沙区进港大道与丰泽西路交汇处,,,,,人车分流,大型社区,国央企,品牌房企,23000, 元/㎡(均价),
众筑•东山学府,售罄,越秀,环市东,东风东路737号（东风东路小学对面）,1室,2室,,建面 42-61㎡,人车分流,小型社区,近地铁,多轨交汇,价格待定,,
万科海上传奇,售罄,荔湾,芳村,芳村大道珠江隧道口以西,,,,,车位充足,小型社区,国央企,品牌房企,价格待定,,
合景誉山国际,售罄,增城,永宁,广园东新新公路中段,,,,,车位充足,人车分流,品牌房企,贴心物业,18000, 元/㎡(均价),总价90(万/套)
华发荔湾荟,售罄,荔湾,滘口,芳村大道西兴东路（郭村小区以南）,2室,3室,,建面 41-64㎡,人车分流,小型社区,国央企,品牌房企,22000, 元/㎡(均价),总价85(万/套)
广州国际空港中心,售罄,花都,镜湖大道,迎宾大道以南,1室,2室,,建面 35-41㎡,绿化率高,人车分流,国央企,品牌房企,12000, 元/㎡(均价),总价46(万/套)
招商臻园,售罄,增城,新塘北,广园快速荔新出口新塘万达旁,3室,4室,5室,建面 95-143㎡,车位充足,人车分流,国央企,品牌房企,18000, 元/㎡(均价),总价230(万/套)
越秀臻悦府,售罄,花都,镜湖大道,花都湖•凤凰南路,4室,,,建面 100-120㎡,车位充足,绿化率高,国央企,品牌房企,30000, 元/㎡(均价),总价290(万/套)
逸合中心,售罄,荔湾,鹤洞,浣花路荔湾儿童公园西侧,2室,3室,,建面 30-59㎡,人车分流,封闭管理,品牌房企,近地铁,34000, 元/㎡(均价),总价155(万/套)
粤泰荣廷府,售罄,越秀,东川路,东华西路52-56号,,,,,人车分流,小型社区,品牌房企,近地铁,价格待定,,
越秀国际总部广场,售罄,南沙,金洲,双山大道与金隆路交汇处,2室,3室,4室,建面 40-87㎡,人车分流,大型社区,国央企,品牌房企,13500, 元/㎡(均价),总价70(万/套)
天河金街,售罄,天河,天润路,天河北路曜一城广场负一楼,,,,,车位充足,小型社区,近地铁,地铁沿线,价格待定,,
合家和府,售罄,从化,旺城片区,城郊街城新路136号,2室,3室,,建面 90-124㎡,车位充足,绿化率高,儿童乐园,公交直达,12000, 元/㎡(均价),总价120(万/套)
星河·湾区壹号,售罄,南沙,金洲,金苑大街与金苑横街交叉口西,1室,2室,3室,建面 39-73㎡,人车分流,封闭管理,品牌房企,健身跑道,13000, 元/㎡(均价),总价80(万/套)
祈福黄金海岸,售罄,花都,赤坭镇,赤泥镇培正大道集益水库（培正学院旁）,2室,3室,4室,建面 73-151㎡,绿化率高,低密居所,贴心物业,实体样板间,7888, 元/㎡(均价),总价58(万/套)
海航白云YH城,售罄,白云,夏茅,鹤龙一路208号,,,,,小型社区,品牌房企,地铁沿线,公交直达,价格待定,,
嘉骏幸福里,售罄,从化,旧城区,广州市从化区城郊安园街43号,3室,,,建面 89-106㎡,绿化率高,人车分流,健身跑道,休闲会所,15500, 元/㎡(均价),总价149(万/套)
保利合锦领秀山,售罄,增城,荔城增江,增江街陆村村鹅春岭,3室,4室,,建面 100-139㎡,车位充足,人车分流,品牌房企,入户花园,10000, 元/㎡(均价),
远洋招商保利东湾,售罄,增城,朱村,广东省广州市增城区朱村大道西163号,3室,4室,,建面 96-110㎡,车位充足,人车分流,国央企,品牌房企,20000, 元/㎡(均价),总价188(万/套)
合汇璟园,售罄,增城,增城碧桂园,荔城街荔湖大道397号,4室,,,建面 207-250㎡,车位充足,人车分流,品牌房企,入户花园,35000, 元/㎡(均价),总价800(万/套)
珠光御景壹號,售罄,荔湾,黄沙,黄沙大道15-17号,1室,2室,3室,建面 50-100㎡,绿化率高,人车分流,休闲会所,自持商业,65000, 元/㎡(均价),总价400(万/套)
纵横缤城,售罄,白云,新市,佳园街37-45号（单）,2室,3室,,建面 71-100㎡,绿化率高,人车分流,地铁沿线,公交直达,43000, 元/㎡(均价),总价360(万/套)
广州大学城智慧谷,售罄,番禺,国际创新城,曾边大街思科智慧城,1室,,,建面 340㎡,人车分流,大型社区,品牌房企,入户花园,28600, 元/㎡(均价),总价950(万/套)
鸿成珠江玥,售罄,南沙,万顷沙,广州市珠江街新广六路112号,2室,3室,,建面 77-100㎡,绿化率高,低密居所,养老舒适,自持商业,19000, 元/㎡(均价),总价180(万/套)
华远雲和墅,售罄,白云,东平,白云大道北大一大街23号,2室,3室,,建面 153-230㎡,车位充足,绿化率高,国央企,养老舒适,90000, 元/㎡(均价),总价2000(万/套)
鸿成珠江玥,售罄,南沙,万顷沙,珠江街西新二路（西新社区旁）,,,,,小型社区,地铁沿线,公交直达,已交房超2年,价格待定,,
大壮国际广场,售罄,黄埔,科学城,开泰大道601号,,,,,大型社区,近地铁,地铁沿线,综合商场,价格待定,,
嘉骏幸福里,售罄,从化,旧城区,广州市从化区城郊安园街43号,,,,,人车分流,小型社区,健身跑道,贴心物业,价格待定,,
越秀臻悦府,售罄,花都,镜湖大道,"凤凰南路, 越秀臻悦府",,,,,车位充足,人车分流,国央企,品牌房企,价格待定,,
保利阅云台,售罄,白云,新市,三元里大道1375号,3室,4室,,建面 99-108㎡,车位充足,绿化率高,国央企,品牌房企,45000, 元/㎡(均价),总价450(万/套)
时代四季奕居,售罄,越秀,水荫,环市东水荫路70号,,,,,绿化率高,人车分流,国央企,品牌房企,价格待定,,
南沙.越秀明珠天悦江湾,售罄,南沙,明珠湾,庙南路江灵路小学旁越秀明珠天悦江湾,3室,4室,,建面 80-178㎡,绿化率高,人车分流,国央企,品牌房企,30000, 元/㎡(均价),总价260(万/套)
中国铁建·花语岭南,售罄,番禺,金山谷,兴学路西侧,4室,5室,,建面 110-195㎡,车位充足,绿化率高,国央企,品牌房企,45000, 元/㎡(均价),总价650(万/套)
保利拾光年,售罄,黄埔,知识城,广州市黄埔区知识城九龙大道保利拾光年,2室,3室,4室,建面 61-99㎡,车位充足,低密居所,国央企,品牌房企,25500, 元/㎡(均价),总价235(万/套)
天麟府,售罄,天河,天河公园,黄埔大道中,3室,4室,,建面 113-213㎡,车位充足,绿化率高,品牌房企,贴心物业,150000, 元/㎡(均价),总价1700(万/套)
越秀臻裕府,售罄,花都,镜湖大道,凤凰南路,3室,4室,,建面 98-124㎡,车位充足,绿化率高,国央企,品牌房企,28000, 元/㎡(均价),总价290(万/套)
世茂天越,售罄,越秀,五羊新城,五羊邨地铁站A出口（往南前行100米）,,,,,车位充足,人车分流,品牌房企,贴心物业,价格待定,,
合盛·秀丽庄园,售罄,增城,小楼镇,小楼镇春天路2号,5室,,,建面 215㎡,车位充足,低密居所,养老舒适,品牌房企,18600, 元/㎡(均价),总价500(万/套)
兰园·凤翎台,售罄,花都,镜湖大道,凤凰南路,3室,4室,,建面 86-117㎡,车位充足,绿化率高,品牌房企,贴心物业,23800, 元/㎡(均价),总价238(万/套)
领南星河荣誉,售罄,南沙,南沙港,南沙湾英东大道领南星河荣誉销售中心,3室,4室,5室,建面 97-131㎡,车位充足,绿化率高,品牌房企,贴心物业,28000, 元/㎡(均价),总价280(万/套)
兰园·凤翎台,售罄,花都,镜湖大道,凤凰南路兰园·凤翎台,,,,,车位充足,品牌房企,地铁沿线,公交直达,价格待定,,
大华·紫悦府,售罄,番禺,市桥,禺山西路,2室,3室,4室,建面 97-125㎡,车位充足,绿化率高,品牌房企,健身跑道,27000, 元/㎡(均价),总价260(万/套)
大华·紫悦府,售罄,番禺,市桥,禺山西路（海伦堡创意园旁）,,,,,车位充足,人车分流,品牌房企,贴心物业,29000, 元/㎡(均价),总价90(万/套)
盛禾水悦城,售罄,白云,石井,石门街珠岗路自编888号,,,,,人车分流,封闭管理,近地铁,地铁沿线,价格待定,,
龙湖天著,售罄,白云,人和,广州市白云区人和镇规划二横路,3室,4室,,建面 94-139㎡,车位充足,绿化率高,高品质小区,养老舒适,26000, 元/㎡(均价),总价230(万/套)
时代龙湖天著,售罄,白云,人和,广东省广州市白云区人和镇规划二横路,,,,,人车分流,封闭管理,品牌房企,健身跑道,23000, 元/㎡(均价),总价65(万/套)
时代龙湖天著,售罄,白云,人和,广东省广州市白云区人和镇规划二横路,,,,,人车分流,大型社区,品牌房企,健身跑道,价格待定,,
珠江壹号,售罄,海珠,广州大道南,逸景路353号,,,,,车位充足,人车分流,多轨交汇,地铁沿线,40000, 元/㎡(均价),
珠江壹号,售罄,海珠,广州大道南,逸景路353号,,,,,车位充足,人车分流,自持商业,多轨交汇,价格待定,,
珠江壹号,售罄,海珠,广州大道南,逸景路353号,2室,3室,4室,建面 49-95㎡,车位充足,人车分流,自持商业,多轨交汇,48000, 元/㎡(均价),总价240(万/套)
紫星华府,售罄,海珠,新港西,海珠广州大道南430号,1室,2室,3室,建面 43-104㎡,绿化率高,人车分流,贴心物业,近地铁,70000, 元/㎡(均价),总价500(万/套)
中国铁建海悦国际,售罄,南沙,万顷沙,珠江街万悦二街1号,,,,,车位充足,人车分流,国央企,品牌房企,价格待定,,
璞悦台,售罄,番禺,市桥北,番禺区东环街道市新路69号,3室,4室,,建面 102-128㎡,车位充足,绿化率高,品牌房企,健身跑道,31000, 元/㎡(均价),总价320(万/套)
四海城商业广场,售罄,番禺,万博,汉溪大道东390号,31室,,,建面 2150㎡,大型社区,近地铁,多轨交汇,已交房超2年,30000, 元/㎡(均价),总价150(万/套)
建华广场,售罄,白云,机场路,云城东路555号,,,,,人车分流,封闭管理,品牌房企,自持商业,价格待定,,
智联汽车小镇,售罄,番禺,莲花山,金山大道东龙丰路段,,,,,车位充足,人车分流,国央企,品牌房企,价格待定,,
光大ONE+,售罄,增城,永宁,香山大道与创盈路交汇处,,,,,车位充足,人车分流,品牌房企,公交直达,30000, 元/㎡(均价),总价200(万/套)
星樾山畔TOD,售罄,黄埔,科学城,广州市黄埔区地铁7号线燕山站上盖,3室,4室,,建面 80-110㎡,车位充足,绿化率高,国央企,品牌房企,36500, 元/㎡(均价),总价365(万/套)
星汇城,售罄,黄埔,知识城,广东省广州市黄埔区,3室,4室,,建面 81-122㎡,车位充足,绿化率高,国央企,品牌房企,22000, 元/㎡(均价),总价210(万/套)
时代云来（广州）,售罄,白云,人和,广州市白云区人和镇18/22号线方石站旁,3室,4室,,建面 77-107㎡,车位充足,绿化率高,品牌房企,科技住宅,25000, 元/㎡(均价),总价210(万/套)
万科金域曦府,售罄,荔湾,花地湾,荔湾区地铁1号线花地湾站旁,2室,3室,4室,建面 72-132㎡,人车分流,大型社区,国央企,品牌房企,55000, 元/㎡(均价),总价550(万/套)
星河智荟,售罄,南沙,明珠湾,大涌东路与工业五路交叉路东北角,3室,4室,,建面 86-130㎡,低总价,车位充足,绿化率高,品牌房企,24000, 元/㎡(均价),总价250(万/套)
越秀和樾府,售罄,番禺,汉溪长隆,番禺大道与汉溪大道交汇处西侧,3室,4室,5室,建面 98-270㎡,车位充足,人车分流,国央企,品牌房企,66000, 元/㎡(均价),总价700(万/套)
保利悦公馆,售罄,番禺,金山谷,番禺区万博金山谷旁（富豪山庄北门）,2室,3室,4室,建面 91-140㎡,车位充足,绿化率高,国央企,品牌房企,38000, 元/㎡(均价),总价345(万/套)
保利·明玥晨光,售罄,花都,新区,凤凰北路马鞍山公园西南侧,3室,4室,,建面 89-138㎡,车位充足,人车分流,国央企,品牌房企,27500, 元/㎡(均价),总价260(万/套)
雅居乐天际715,售罄,荔湾,芳村,岭海街12号,2室,,,建面 64-83㎡,人车分流,封闭管理,品牌房企,贴心物业,60000, 元/㎡(均价),总价387(万/套)
时代云来（广州）,售罄,白云,人和,广州空港经济区·江人三路南,,,,,人车分流,小型社区,品牌房企,健身跑道,35000, 元/㎡(均价),总价200(万/套)
保利阅云台,售罄,白云,新市,三元里大道1375号,1室,,,建面 28㎡,车位充足,人车分流,国央企,品牌房企,50000, 元/㎡(均价),总价300(万/套)
越秀国际总部广场,售罄,南沙,金洲,广东省广州市南沙区金隆路,,,,,人车分流,大型社区,国央企,品牌房企,25000, 元/㎡(均价),总价300(万/套)
建华广场,售罄,白云,机场路,云城东路555号,,,,,人车分流,封闭管理,品牌房企,儿童乐园,价格待定,,
景豪方大厦,售罄,越秀,北京路,大马站4、6、8号,,,,,人车分流,小型社区,国央企,品牌房企,价格待定,,
保利大都汇,售罄,番禺,汉溪长隆,汉溪大道与新光快速交汇处,6室,10室,,建面 1979-4504㎡,车位充足,人车分流,国央企,品牌房企,30000, 元/㎡(均价),总价6000(万/套)
雅居乐滨江雅苑,售罄,从化,太平镇,广从南路与太平西路交汇处,3室,4室,,建面 77-97㎡,车位充足,人车分流,品牌房企,科技住宅,11500, 元/㎡(均价),总价90(万/套)
中海联南沙国贸中心,售罄,南沙,金洲,上隆岭路中海联南沙国贸中心,1室,,,建面 122-243㎡,人车分流,小型社区,近地铁,地铁沿线,18000, 元/㎡(均价),总价120(万/套)
明珠湾壹号,售罄,南沙,明珠湾,江灵南路与纵三路交汇处,3室,,,建面 320-380㎡,车位充足,人车分流,国央企,贴心物业,50000, 元/㎡(均价),总价1588(万/套)
中国铁建环球中心,售罄,南沙,南沙区府,丰泽西路中国铁建环球中心,1室,,,建面 38-49㎡,小型社区,国央企,品牌房企,近地铁,12600, 元/㎡(均价),总价75(万/套)
保利湾上,售罄,南沙,黄阁,南沙保利城售楼部,2室,3室,4室,建面 77-110㎡,车位充足,人车分流,国央企,品牌房企,22000, 元/㎡(均价),总价200(万/套)
奥园中新城市天地,售罄,增城,中新镇,广东省广州市增城区风光路360,3室,4室,,建面 76-98㎡,车位充足,人车分流,品牌房企,近地铁,21500, 元/㎡(均价),总价185(万/套)
合景臻玥广场,售罄,黄埔,科学城,广州市黄埔区科翔路76号臻玥广场售楼部（美国人学校对面）,,,,,车位充足,人车分流,品牌房企,近地铁,55000, 元/㎡(均价),总价1600(万/套)
逸合中心,售罄,荔湾,鹤洞,浣花路,,,,,车位充足,小型社区,品牌房企,近地铁,价格待定,,
中建弘阳德信·湾璟壹号,售罄,南沙,万顷沙,兴隆路(美的南沙工业园东南侧约250米),3室,4室,,建面 78-119㎡,车位充足,绿化率高,国央企,品牌房企,20000, 元/㎡(均价),总价180(万/套)
万科城市之光,售罄,黄埔,文冲,广东省广州市黄埔区黄埔东路731号,3室,4室,,建面 84-170㎡,人车分流,封闭管理,国央企,品牌房企,50000, 元/㎡(均价),总价450(万/套)
越秀·星汇文玺,售罄,番禺,国际创新城,华南理工大学广州国际校区旁,2室,3室,4室,建面 78-117㎡,绿化率高,人车分流,国央企,品牌房企,38000, 元/㎡(均价),总价370(万/套)
中交国际邮轮广场,售罄,南沙,南沙港,广州市南沙区港前大道南沙科技馆对面,1室,,,建面 467㎡,车位充足,人车分流,国央企,品牌房企,24000, 元/㎡(均价),总价845(万/套)
美的江上沄启,售罄,南沙,明珠湾,广东省广州市南沙区横沥镇凤凰二桥,2室,3室,,建面 98-140㎡,人车分流,封闭管理,品牌房企,入户花园,30000, 元/㎡(均价),总价300(万/套)
番禺敏捷广场,售罄,番禺,万博,番禺大道北331号,,,,,人车分流,大型社区,品牌房企,近地铁,价格待定,,
金地半山风华,售罄,增城,永宁,新新大道北金地半山风华,2室,3室,,建面 66-106㎡,绿化率高,低密居所,高品质小区,养老舒适,12000, 元/㎡(均价),总价120(万/套)
美的江上沄启,售罄,南沙,明珠湾,横沥镇晓风印月东三街1号,2室,4室,,建面 37-62㎡,人车分流,封闭管理,品牌房企,贴心物业,19500, 元/㎡(均价),总价74(万/套)
领南星河荣誉,售罄,南沙,南沙港,南沙区英东大道领南星河荣誉销售中心,,,,,车位充足,人车分流,品牌房企,地铁沿线,价格待定,,
领南星河荣誉,售罄,南沙,南沙港,南沙区英东大道,,,,,车位充足,人车分流,品牌房企,健身跑道,34000, 元/㎡(均价),总价160(万/套)
中建玖玥湾,售罄,南沙,南沙港,港前大道北中建玖玥湾,3室,4室,,建面 100-140㎡,绿化率高,人车分流,国央企,品牌房企,35000, 元/㎡(均价),总价400(万/套)
中交国际邮轮广场,售罄,南沙,南沙港,广州市南沙区港前大道南沙科技馆对面,,,,,车位充足,人车分流,国央企,品牌房企,价格待定,,
中海联睿品,售罄,增城,新塘北,民营大道东（新塘客运站南300米）,,,,,车位充足,人车分流,地铁沿线,公交直达,30000, 元/㎡(均价),总价150(万/套)
合景臻玥广场,售罄,黄埔,科学城,广东省广州市黄埔区科翔路76号,5室,,,建面 313-322㎡,车位充足,绿化率高,品牌房企,贴心物业,55000, 元/㎡(均价),总价1721(万/套)
保利越秀·天启,售罄,荔湾,鹤洞,广州市荔湾区芳村大道东5-1号、5-2号,2室,3室,4室,建面 88-119㎡,人车分流,封闭管理,国央企,品牌房企,50000, 元/㎡(均价),总价600(万/套)
越秀星寰TOD,售罄,番禺,钟村,广州市番禺区钟村街博鸿三路38号,2室,3室,4室,建面 89-133㎡,车位充足,绿化率高,国央企,品牌房企,36000, 元/㎡(均价),总价320(万/套)
铂玥明珠ONE,售罄,南沙,明珠湾,广东省广州市南沙区义沙东路,2室,3室,4室,建面 79-113㎡,车位充足,人车分流,品牌房企,科技住宅,28000, 元/㎡(均价),总价250(万/套)
保利南方财经大厦,售罄,天河,金融城,天河国际金融城金融方城（近临江大道）,6室,,,建面 353㎡,人车分流,封闭管理,国央企,品牌房企,42000, 元/㎡(均价),总价1500(万/套)
越秀·星汇文玺,售罄,番禺,国际创新城,华南理工大学广州国际校区旁,1室,4室,,建面 32-80㎡,绿化率高,人车分流,国央企,品牌房企,18000, 元/㎡(均价),总价150(万/套)
招商保利海珠天珺,售罄,海珠,黄埔村,海珠区新港东路招商保利·海珠天珺项目部,4室,,,建面 137-262㎡,车位充足,人车分流,国央企,品牌房企,100000, 元/㎡(均价),总价1200(万/套)
凯得金融中心,售罄,黄埔,科学城,广东省广州市黄埔区科学大道239号,1室,,,建面 1001-1002㎡,小型社区,国央企,品牌房企,近地铁,26000, 元/㎡(均价),总价2600(万/套)
越秀明珠天悦江湾,售罄,南沙,明珠湾,庙南路越秀明珠天悦江湾,,,,,人车分流,大型社区,国央企,品牌房企,27000, 元/㎡(均价),总价900(万/套)
星汇城,售罄,黄埔,知识城,知识城镇龙地铁站C出口,,,,,车位充足,人车分流,国央企,品牌房企,15000, 元/㎡(均价),总价60(万/套)
保利西悦湾,售罄,荔湾,坑口,东漖南路保利西悦湾,,,,,绿化率高,人车分流,国央企,品牌房企,价格待定,,
凯德双桥新作,售罄,荔湾,大坦沙,广东省广州市荔湾区裕福街35号,2室,3室,4室,建面 74-128㎡,绿化率高,人车分流,品牌房企,近地铁,50000, 元/㎡(均价),总价450(万/套)
保利时代,售罄,从化,江浦街,广东省广州市从化区灌村路凤鸣西四街5号,,,,,人车分流,大型社区,国央企,品牌房企,22000, 元/㎡(均价),总价75(万/套)
金地半山风华,售罄,增城,永宁,新新大道北金地半山风华,,,,,人车分流,小型社区,品牌房企,公交直达,价格待定,,
金地半山风华,售罄,增城,永宁,新新大道北金地半山风华,,,,,人车分流,小型社区,品牌房企,公交直达,22500, 元/㎡(均价),总价100(万/套)
招商保利海珠天珺,售罄,海珠,黄埔村,新港东路保利海珠天珺,3室,4室,,建面 85-137㎡,车位充足,人车分流,国央企,品牌房企,30000, 元/㎡(均价),总价300(万/套)
招商保利海珠天珺,售罄,海珠,黄埔村,新港东路保利海珠天珺,,,,,车位充足,人车分流,国央企,品牌房企,50000, 元/㎡(均价),总价330(万/套)
保利时光印象,售罄,南沙,金洲,金岭南路保利时光印象,3室,4室,,建面 68-118㎡,绿化率高,人车分流,国央企,品牌房企,18000, 元/㎡(均价),总价130(万/套)
美的江上沄启,售罄,南沙,明珠湾,横沥镇晓风印月东三街1号,,,,,人车分流,封闭管理,品牌房企,公交直达,27000, 元/㎡(均价),总价100(万/套)
万科云都荟,售罄,白云,三元里,机场路万科云都荟,,,,,小型社区,国央企,品牌房企,近地铁,价格待定,,
宏鼎广场,售罄,白云,机场路,云城西路宏鼎广场,,,,,小型社区,品牌房企,近地铁,地铁沿线,价格待定,,
中国铁建环球中心,售罄,南沙,南沙区府,广东省广州市南沙区S358(进港大道),,,,,大型社区,国央企,品牌房企,近地铁,28000, 元/㎡(均价),
富豪山庄·领峰,售罄,番禺,富豪山庄,番禺区东环街市广路232号富豪大厦,1室,,,建面 53-107㎡,车位充足,低密居所,地铁沿线,公交直达,30000, 元/㎡(均价),总价159(万/套)
万科·瑧山府,售罄,白云,白云大道南,广东省广州市白云区白云大道788号,2室,3室,4室,建面 110-193㎡,车位充足,人车分流,国央企,品牌房企,78000, 元/㎡(均价),总价936(万/套)
越秀·星汇文玺,售罄,番禺,国际创新城,华南理工大学广州国际校区旁,,,,,人车分流,封闭管理,国央企,品牌房企,38000, 元/㎡(均价),总价90(万/套)
中建玖玥湾,售罄,南沙,南沙港,南沙-明珠湾/港前大道北与下湾东街交叉口西北320米,1室,2室,3室,建面 38-65㎡,绿化率高,人车分流,国央企,品牌房企,17000, 元/㎡(均价),总价76(万/套)
金侨岭南院,售罄,番禺,石楼,莲湖路1号,,,,,小型社区,公交直达,超市,,价格待定,,
越秀滨江樾,售罄,海珠,滨江西,滨江西路256号,4室,,,建面 195-298㎡,车位充足,小型社区,国央企,品牌房企,90000, 元/㎡(均价),总价1800(万/套)
珠光小北御景,售罄,越秀,小北,越秀北路,,,,,小型社区,近地铁,地铁沿线,已交房超2年,价格待定,,
云星汇,售罄,白云,江夏,广云路云星汇,,,,,小型社区,近地铁,地铁沿线,已交房2年内,价格待定,,
香江健康小镇三期一方小院,售罄,增城,派潭镇,达开北路香江健康小镇三期一方小院,,,,,小型社区,品牌房企,公交直达,已交房超2年,价格待定,,
中铁诺德·阅泷,售罄,白云,江高镇,广花路430号,,,,,车位充足,人车分流,国央企,品牌房企,价格待定,,
富力新城,售罄,黄埔,开发东区,广东省广州市黄埔区笔村大路85,1室,,,建面 71-81㎡,人车分流,大型社区,地铁沿线,公交直达,43000, 元/㎡(均价),总价355(万/套)
益乐邻里,售罄,白云,黄石,机场路益乐邻里,,,,,小型社区,国央企,地铁沿线,公交直达,价格待定,,
琶洲One57,售罄,海珠,磨碟沙,广东省广州市海珠区新港东路107号,1室,3室,,建面 34-67㎡,人车分流,小型社区,国央企,品牌房企,55000, 元/㎡(均价),总价230(万/套)
盛禾水悦城,售罄,白云,石井,珠岗路盛禾水悦城,,,,,小型社区,近地铁,地铁沿线,已交房超2年,价格待定,,
亿凯创智汇,售罄,白云,太和,北太路亿凯创智汇,3室,,,建面 64㎡,小型社区,地铁沿线,公交直达,已交房1年内,14000, 元/㎡(均价),总价50(万/套)
嘉裕华庭,售罄,番禺,市桥,繁华路170号,,,,,车位充足,小型社区,地铁沿线,公交直达,价格待定,,
保利罗兰国际（商业）,售罄,黄埔,科学城,开创大道保利罗兰国际,,,,,车位充足,人车分流,国央企,品牌房企,40000, 元/㎡(均价),总价350(万/套)
华润置地润府,售罄,白云,嘉禾望岗,鹤龙三路自编4号,,,,,小型社区,国央企,品牌房企,地铁沿线,价格待定,,
珠光御景壹號,售罄,荔湾,黄沙,黄沙大道15-17号,,,,,车位充足,大型社区,国央企,品牌房企,价格待定,,
中建玖玥湾,售罄,南沙,南沙港,港前大道北中建玖玥湾,,,,,人车分流,小型社区,国央企,品牌房企,价格待定,,
禧都华庭,售罄,花都,铁路西,新街大道100号,1室,,,建面 40㎡,人车分流,小型社区,品牌房企,近地铁,28000, 元/㎡(均价),总价114(万/套)
建华广场,售罄,白云,机场路,云城东路555号,,,,,品牌房企,近地铁,地铁沿线,已交房超2年,价格待定,,
金地云上,售罄,增城,中新镇,新新大道 118省道与新墩路交叉口西南220米,,,,,车位充足,人车分流,品牌房企,地铁沿线,20000, 元/㎡(均价),总价95(万/套)
东环万科中心,售罄,番禺,市桥北,广州市番禺区东环街东星路90号,,,,,小型社区,国央企,品牌房企,公交直达,价格待定,,
南国中心,售罄,番禺,汉溪长隆,广东省广州市番禺区南村镇里仁洞村冼庄工业园瑞华汽车城,,,,,小型社区,公交直达,已交房2年内,超市,价格待定,,
力迅·西关雅筑,售罄,荔湾,西华路,中山七路与康王北路交汇处,,,,,人车分流,小型社区,品牌房企,近地铁,价格待定,,
星樾山畔TOD,售罄,黄埔,科学城,地铁7号线2期水西北站旁(敏捷广场旁),,,,,车位充足,人车分流,国央企,品牌房企,40000, 元/㎡(均价),总价200(万/套)
金地天河峯睿,售罄,天河,车陂,健明五路与广棠路交叉路口东北侧(国六宝肉菜市场南侧约100米),,,,,车位充足,小型社区,品牌房企,近地铁,价格待定,,
中建弘阳德信湾璟壹号,售罄,南沙,万顷沙,兴隆路(美的南沙工业园东南侧约250米),,,,,车位充足,小型社区,国央企,品牌房企,价格待定,,
珠江壹号,售罄,海珠,广州大道南,逸景路353号,,,,,大型社区,多轨交汇,地铁沿线,超市,价格待定,,
鸿成珠江玥,售罄,南沙,万顷沙,珠江路一巷1号,,,,,小型社区,地铁沿线,公交直达,已交房超2年,价格待定,,
长兴智汇商务中心,售罄,天河,五山,广州市天河区长福路219号,,,,,小型社区,近地铁,地铁沿线,已交房超2年,价格待定,,
颐和盛世,售罄,花都,炭步,炭步镇817乡道,,,,,大型社区,国央企,品牌房企,已交房超2年,价格待定,,
禧都华庭,售罄,花都,铁路西,工业大道17号之二,1室,,,建面 40㎡,人车分流,小型社区,品牌房企,地铁沿线,28000, 元/㎡(均价),总价114(万/套)
保利雅郡,售罄,荔湾,广钢新城,鹤洞路保利雅郡,3室,4室,,建面 69-109㎡,绿化率高,人车分流,国央企,品牌房企,45000, 元/㎡(均价),总价398(万/套)
叠翠峰,售罄,南沙,南沙区府,南沙凤凰大道与丰泽西路交汇处叠翠峰,,,,,大型社区,近地铁,地铁沿线,综合商场,35000, 元/㎡(均价),
云星钱隆天誉,售罄,从化,太平镇,高技术产业园丰盈路7号,,,,,品牌房企,地铁沿线,公交直达,已交房超2年,18000, 元/㎡(均价),
龙光·玖龙湖,售罄,四会,大旺,肇庆市大旺高新区大旺大道龙光·玖龙湖,2室,3室,,建面 39-78㎡,楼盘,人车分流,大型社区,品牌房企,6500, 元/㎡(均价),总价30(万/套)
碧桂园翡翠郡,售罄,四会,大旺,广东省肇庆市四会东城街道上元塘5号,3室,4室,,建面 87-116㎡,楼盘,绿化率高,人车分流,品牌房企,5300, 元/㎡(均价),
保利爱乐小镇,售罄,四会市,大旺广场,肇庆市大旺高新区大旺大道和文德七街交汇处,2室,3室,4室,建面 71-143㎡,楼盘,人车分流,大型社区,国央企,5800, 元/㎡(均价),总价50(万/套)
龙光玖誉城,售罄,鼎湖区,鼎湖,新区·核芯商务区中央绿轴旁,2室,3室,4室,建面 82-121㎡,楼盘,人车分流,大型社区,品牌房企,9300, 元/㎡(均价),总价90(万/套)
碧桂园明珠花园,售罄,四会,大旺,广东省肇庆市四会市东城街道上元塘5号（碧桂园翡翠郡售楼中心）,3室,,,建面 87-98㎡,楼盘,绿化率高,人车分流,品牌房企,5500, 元/㎡(均价),总价50(万/套)
恒大名都,售罄,四会,大旺,元塘路与文元路交叉口西北,3室,4室,,建面 108-132㎡,楼盘,人车分流,大型社区,品牌房企,6400, 元/㎡(均价),总价50(万/套)
新鸿基御华园,在售,花都,狮岭镇,广州花都狮岭狮岭大道东1号,2室,3室,,建面 67-119㎡,低单价,低总价,人车分流,大型社区,15000, 元/㎡(均价),总价88-180(万/套)
荔富湖畔,在售,增城,朱村,朱村街朱村大道东88号,3室,4室,,建面 104-168㎡,车位充足,绿化率高,品牌房企,入户花园,14000, 元/㎡(均价),总价142-235(万/套)
大城云山,在售,从化,太平镇,广从南路1033号,3室,,,建面 121-142㎡,绿化率高,低密居所,置换改善,高品质小区,13000, 元/㎡(均价),总价250(万/套)
湾际·滨江,在售,南沙,进港大道,滨海路和倚涛三街交汇处,3室,5室,6室,建面 89-172㎡,低总价,人车分流,大型社区,品牌房企,26000, 元/㎡(均价),总价180-350(万/套)
南沙金茂湾,在售,南沙,明珠湾,南沙明珠湾灵山岛尖沙嘴中路以南,1室,,,建面 138-230㎡,车位充足,大型社区,国央企,品牌房企,16000, 元/㎡(均价),总价455(万/套)
顺欣花园,在售,增城,新塘北,荔新十二路98号,2室,3室,4室,建面 80-138㎡,人车分流,大型社区,儿童乐园,地铁沿线,14800, 元/㎡(均价),总价124.3-226(万/套)
珠光山水御苑,在售,从化,江浦街,广州市从化温泉大道13号,4室,,,建面 141-171㎡,低单价,车位充足,绿化率高,健身跑道,8000, 元/㎡(均价),总价175(万/套)
霍英东集团·南天名苑,在售,番禺,洛溪,洛浦街洛溪环岛北路8号,4室,5室,,建面 140-480㎡,车位充足,低密居所,国央企,置换改善,90000, 元/㎡(均价),总价1120-6300(万/套)
合汇·中央广场,在售,增城,荔城中区,荔景大道合汇·中央广场,2室,3室,5室,建面 78-174㎡,人车分流,大型社区,品牌房企,入户花园,21000, 元/㎡(均价),总价267-574(万/套)
惠百氏广场,在售,增城,白江,增城新塘大林边路6号（13号线白江站D1口100米）,2室,3室,,建面 75-130㎡,人车分流,大型社区,自持商业,近地铁,15000, 元/㎡(均价),总价126-239(万/套)
仁安花园,在售,增城,朱村,广州市增城区朱村街朱宁公路1号、3号、5号,2室,3室,,建面 80-93㎡,低单价,低总价,绿化率高,人车分流,11000, 元/㎡(均价),总价100-110(万/套)
珠江源昌花园,在售,南沙,横沥,珠江街新广三路1号,3室,4室,,建面 79-123㎡,低单价,低总价,绿化率高,人车分流,20000, 元/㎡(均价),总价235-250(万/套)
江源半岛花园,在售,天河,金融城,黄埔大道车陂南路1、3、5、7号(4、5号线地铁交汇处南侧),2室,3室,,建面 70-127㎡,绿化率高,人车分流,品牌房企,近地铁,100000, 元/㎡(均价),总价630-963(万/套)
东方名都,在售,增城,白江,东江大道北8号,2室,3室,4室,建面 40-142㎡,绿化率高,人车分流,入户花园,健身跑道,19000, 元/㎡(均价),总价200-348(万/套)
富雅都市华庭,在售,增城,新塘北,汇太东路233号,1室,3室,4室,建面 38-116㎡,人车分流,大型社区,避暑,儿童乐园,15600, 元/㎡(均价),总价65-220(万/套)
万科幸福誉1期,在售,黄埔,知识城,中新知识城•地铁何棠下站（麦当劳旁）,4室,,,建面 66-166㎡,车位充足,绿化率高,国央企,品牌房企,31000, 元/㎡(均价),总价550(万/套)
雍晟岭南雅苑,在售,从化,江浦街,江埔街大江路13号,,,,建面 89㎡,绿化率高,人车分流,品牌房企,入户花园,16000, 元/㎡(均价),总价145(万/套)
臻尚苑,在售,番禺,广州南站,广州市番禺区石壁街道石洲中路100号,2室,3室,,建面 96-118㎡,低单价,低总价,绿化率高,人车分流,28000, 元/㎡(均价),总价280-472(万/套)
紫泉流溪湾,在售,从化,太平镇,105国道从化太平段紫泉流溪湾,,,,建面 88-203㎡,车位充足,绿化率高,入户花园,临近高速,16000, 元/㎡(均价),总价195(万/套)
中泰天境,在售,黄埔,知识城,九龙镇萝岗广汕公路与九龙大道交汇处,4室,,,建面 130㎡,低单价,低总价,车位充足,绿化率高,23000, 元/㎡(均价),总价300(万/套)
嘉御豪庭,在售,增城,石滩镇,石滩大道南128号,2室,3室,4室,建面 67-133㎡,低单价,人车分流,大型社区,儿童乐园,12600, 元/㎡(均价),总价97-170(万/套)
越秀星汇海珠湾,在售,海珠,工业大道中,广州市海珠区工业大道中广纸路40号,3室,4室,5室,建面 33-223㎡,绿化率高,人车分流,国央企,品牌房企,30000, 元/㎡(均价),总价300-750(万/套)
华海·悦湾,在售,南沙,南沙港,广州市南沙区黄山鲁森林公园东门,2室,3室,,建面 78-119㎡,低单价,低总价,车位充足,人车分流,17500, 元/㎡(均价),总价130-220(万/套)
中海亚运城,在售,番禺,亚运城,广州市番禺区康体路亚运城销售中心（4号线海傍站A出口）,2室,3室,4室,建面 87-250㎡,低单价,低总价,绿化率高,人车分流,25000, 元/㎡(均价),总价200-700(万/套)
金时花园,在售,增城,荔城增江,增江街纬六路5号,2室,3室,4室,建面 84-140㎡,低单价,低总价,车位充足,人车分流,9300, 元/㎡(均价),总价78-131(万/套)
山璟轩,在售,增城,新塘南,新塘镇广深大道东107号（新塘牛仔城对面）,3室,,,建面 62-87㎡,小型社区,封闭管理,地铁沿线,公交直达,19500, 元/㎡(均价),总价120-125(万/套)
石滩第一城,在售,增城,石滩镇,广州市增城区石滩镇立新东路56号,3室,,,建面 89-132㎡,低单价,低总价,车位充足,人车分流,12000, 元/㎡(均价),总价155-160(万/套)
南沙珠江湾,在售,南沙,南沙湾,漾滨路和海滨路交汇处,,,,,人车分流,大型社区,品牌房企,贴心物业,30000, 元/㎡(均价),总价318(万/套)
景业东湖洲豪园,在售,南沙,南沙湾,广东省广州市南沙区环市大道南横地铁站200米,3室,,,建面 95-121㎡,车位充足,低密居所,置换改善,养老舒适,26000, 元/㎡(均价),总价320-330(万/套)
珠江花城,在售,天河,黄村,东圃岐山183号,3室,4室,5室,建面 76-140㎡,绿化率高,人车分流,国央企,品牌房企,50000, 元/㎡(均价),总价400-900(万/套)
新鸿基御华园,在售,花都,狮岭镇,广州花都狮岭狮岭大道东1号,2室,3室,,建面 67-119㎡,低单价,低总价,人车分流,大型社区,15000, 元/㎡(均价),总价88-180(万/套)
荔富湖畔,在售,增城,朱村,朱村街朱村大道东88号,3室,4室,,建面 104-168㎡,车位充足,绿化率高,品牌房企,入户花园,14000, 元/㎡(均价),总价142-235(万/套)
大城云山,在售,从化,太平镇,广从南路1033号,3室,,,建面 121-142㎡,绿化率高,低密居所,置换改善,高品质小区,13000, 元/㎡(均价),总价250(万/套)
湾际·滨江,在售,南沙,进港大道,滨海路和倚涛三街交汇处,3室,5室,6室,建面 89-172㎡,低总价,人车分流,大型社区,品牌房企,26000, 元/㎡(均价),总价180-350(万/套)
南沙金茂湾,在售,南沙,明珠湾,南沙明珠湾灵山岛尖沙嘴中路以南,1室,,,建面 138-230㎡,车位充足,大型社区,国央企,品牌房企,16000, 元/㎡(均价),总价455(万/套)
顺欣花园,在售,增城,新塘北,荔新十二路98号,2室,3室,4室,建面 80-138㎡,人车分流,大型社区,儿童乐园,地铁沿线,14800, 元/㎡(均价),总价124.3-226(万/套)
珠光山水御苑,在售,从化,江浦街,广州市从化温泉大道13号,4室,,,建面 141-171㎡,低单价,车位充足,绿化率高,健身跑道,8000, 元/㎡(均价),总价175(万/套)
霍英东集团·南天名苑,在售,番禺,洛溪,洛浦街洛溪环岛北路8号,4室,5室,,建面 140-480㎡,车位充足,低密居所,国央企,置换改善,90000, 元/㎡(均价),总价1120-6300(万/套)
合汇·中央广场,在售,增城,荔城中区,荔景大道合汇·中央广场,2室,3室,5室,建面 78-174㎡,人车分流,大型社区,品牌房企,入户花园,21000, 元/㎡(均价),总价267-574(万/套)
惠百氏广场,在售,增城,白江,增城新塘大林边路6号（13号线白江站D1口100米）,2室,3室,,建面 75-130㎡,人车分流,大型社区,自持商业,近地铁,15000, 元/㎡(均价),总价126-239(万/套)
仁安花园,在售,增城,朱村,广州市增城区朱村街朱宁公路1号、3号、5号,2室,3室,,建面 80-93㎡,低单价,低总价,绿化率高,人车分流,11000, 元/㎡(均价),总价100-110(万/套)
珠江源昌花园,在售,南沙,横沥,珠江街新广三路1号,3室,4室,,建面 79-123㎡,低单价,低总价,绿化率高,人车分流,20000, 元/㎡(均价),总价235-250(万/套)
江源半岛花园,在售,天河,金融城,黄埔大道车陂南路1、3、5、7号(4、5号线地铁交汇处南侧),2室,3室,,建面 70-127㎡,绿化率高,人车分流,品牌房企,近地铁,100000, 元/㎡(均价),总价630-963(万/套)
东方名都,在售,增城,白江,东江大道北8号,2室,3室,4室,建面 40-142㎡,绿化率高,人车分流,入户花园,健身跑道,19000, 元/㎡(均价),总价200-348(万/套)
富雅都市华庭,在售,增城,新塘北,汇太东路233号,1室,3室,4室,建面 38-116㎡,人车分流,大型社区,避暑,儿童乐园,15600, 元/㎡(均价),总价65-220(万/套)
万科幸福誉1期,在售,黄埔,知识城,中新知识城•地铁何棠下站（麦当劳旁）,4室,,,建面 66-166㎡,车位充足,绿化率高,国央企,品牌房企,31000, 元/㎡(均价),总价550(万/套)
雍晟岭南雅苑,在售,从化,江浦街,江埔街大江路13号,,,,建面 89㎡,绿化率高,人车分流,品牌房企,入户花园,16000, 元/㎡(均价),总价145(万/套)
臻尚苑,在售,番禺,广州南站,广州市番禺区石壁街道石洲中路100号,2室,3室,,建面 96-118㎡,低单价,低总价,绿化率高,人车分流,28000, 元/㎡(均价),总价280-472(万/套)
紫泉流溪湾,在售,从化,太平镇,105国道从化太平段紫泉流溪湾,,,,建面 88-203㎡,车位充足,绿化率高,入户花园,临近高速,16000, 元/㎡(均价),总价195(万/套)
中泰天境,在售,黄埔,知识城,九龙镇萝岗广汕公路与九龙大道交汇处,4室,,,建面 130㎡,低单价,低总价,车位充足,绿化率高,23000, 元/㎡(均价),总价300(万/套)
嘉御豪庭,在售,增城,石滩镇,石滩大道南128号,2室,3室,4室,建面 67-133㎡,低单价,人车分流,大型社区,儿童乐园,12600, 元/㎡(均价),总价97-170(万/套)
越秀星汇海珠湾,在售,海珠,工业大道中,广州市海珠区工业大道中广纸路40号,3室,4室,5室,建面 33-223㎡,绿化率高,人车分流,国央企,品牌房企,30000, 元/㎡(均价),总价300-750(万/套)
华海·悦湾,在售,南沙,南沙港,广州市南沙区黄山鲁森林公园东门,2室,3室,,建面 78-119㎡,低单价,低总价,车位充足,人车分流,17500, 元/㎡(均价),总价130-220(万/套)
中海亚运城,在售,番禺,亚运城,广州市番禺区康体路亚运城销售中心（4号线海傍站A出口）,2室,3室,4室,建面 87-250㎡,低单价,低总价,绿化率高,人车分流,25000, 元/㎡(均价),总价200-700(万/套)
金时花园,在售,增城,荔城增江,增江街纬六路5号,2室,3室,4室,建面 84-140㎡,低单价,低总价,车位充足,人车分流,9300, 元/㎡(均价),总价78-131(万/套)
山璟轩,在售,增城,新塘南,新塘镇广深大道东107号（新塘牛仔城对面）,3室,,,建面 62-87㎡,小型社区,封闭管理,地铁沿线,公交直达,19500, 元/㎡(均价),总价120-125(万/套)
石滩第一城,在售,增城,石滩镇,广州市增城区石滩镇立新东路56号,3室,,,建面 89-132㎡,低单价,低总价,车位充足,人车分流,12000, 元/㎡(均价),总价155-160(万/套)
南沙珠江湾,在售,南沙,南沙湾,漾滨路和海滨路交汇处,,,,,人车分流,大型社区,品牌房企,贴心物业,30000, 元/㎡(均价),总价318(万/套)
景业东湖洲豪园,在售,南沙,南沙湾,广东省广州市南沙区环市大道南横地铁站200米,3室,,,建面 95-121㎡,车位充足,低密居所,置换改善,养老舒适,26000, 元/㎡(均价),总价320-330(万/套)
珠江花城,在售,天河,黄村,东圃岐山183号,3室,4室,5室,建面 76-140㎡,绿化率高,人车分流,国央企,品牌房企,50000, 元/㎡(均价),总价400-900(万/套)
