标题,地区,位置,具体位置,标签,均价,总价,类型,室厅数,面积
保利南沙天汇,黄阁,黄阁南路与进港大道交界处西南侧,15000,在售,建面 78-135㎡,"2室, 3室, 4室",南沙, 元/㎡(均价),总价125-330(万/套)
保利招商华发中央公馆,黄埔区府,护林路保利招商华发中央公馆,45000,在售,建面 81-159㎡,"2室, 3室",黄埔, 元/㎡(均价),总价410-520(万/套)
中建海丝城,文冲,广州市黄埔区黄埔东路1568号,34000,在售,建面 78-117㎡,"3室, 4室",黄埔, 元/㎡(均价),总价250-410(万/套)
中建·星光城,石井,石沙路与朝阳联滘街交界处,26000,在售,建面 69-100㎡,"3室, 4室",白云, 元/㎡(均价),总价175-260(万/套)
星河·盛世锦城,雅居乐,广东省广州市番禺区陈地路44号,37000,在售,建面 95-139㎡,"3室, 4室",番禺, 元/㎡(均价),总价325-491(万/套)
合生中央城（住宅）,香雪,广州市黄埔区岗荔街8号,30000,在售,建面 85-169㎡,"2室, 3室, 4室",黄埔, 元/㎡(均价),总价225-580(万/套)
景业东湖洲豪园,南沙湾,广东省广州市南沙区环市大道南横地铁站200米,26000,在售,建面 95-121㎡,3室,南沙, 元/㎡(均价),总价320-330(万/套)
南沙珠江湾,南沙湾,漾滨路和海滨路交汇处,30000,在售,,,南沙, 元/㎡(均价),总价318(万/套)
碧桂园云顶,凤凰城,广东省广州市增城区广惠高速路口西侧50米,14000,在售,建面 90-205㎡,"3室, 4室",增城, 元/㎡(均价),总价137-190(万/套)
新世界凯粤湾,滘口,芳村大道西236号,43000,在售,建面 95-133㎡,"3室, 4室",荔湾, 元/㎡(均价),总价480-690(万/套)
东方名都,白江,东江大道北8号,19000,在售,建面 40-142㎡,"2室, 3室, 4室",增城, 元/㎡(均价),总价200-348(万/套)
广州敏捷绿湖首府,石滩镇,石滩镇新城大道石滩中学北侧400米,8500,在售,建面 71-123㎡,2室,增城, 元/㎡(均价),总价64-94(万/套)
顺欣花园,新塘北,荔新十二路98号,14800,在售,建面 80-138㎡,"2室, 3室, 4室",增城, 元/㎡(均价),总价124.3-226(万/套)
新鸿基御华园,狮岭镇,广州花都狮岭狮岭大道东1号,15000,在售,建面 67-119㎡,"2室, 3室",花都, 元/㎡(均价),总价88-180(万/套)
雍晟岭南雅苑,江浦街,江埔街大江路13号,16000,在售,建面 89㎡,,从化, 元/㎡(均价),总价145(万/套)
霍英东集团·南天名苑,洛溪,洛浦街洛溪环岛北路8号,90000,在售,建面 140-480㎡,"4室, 5室",番禺, 元/㎡(均价),总价1120-6300(万/套)
卓粤卓雅名苑,花城街,建设北路223号,14500,在售,建面 77-125㎡,"2室, 3室, 4室",花都, 元/㎡(均价),总价130-180(万/套)
万科幸福誉1期,知识城,中新知识城•地铁何棠下站（麦当劳旁）,31000,在售,建面 66-166㎡,4室,黄埔, 元/㎡(均价),总价550(万/套)
科城山庄峻森园,科学城,峻祥路与峻福路交汇处,41000,待售,建面 63-185㎡,"3室, 4室",黄埔, 元/㎡(均价),总价530-670(万/套)
珠江国际城,神岗镇,广州地铁14号线神岗站A出口前行约400米,8500,在售,建面 79-200㎡,"3室, 4室",从化, 元/㎡(均价),总价73-320(万/套)
富雅都市华庭,新塘北,汇太东路233号,15600,在售,建面 38-116㎡,"1室, 3室, 4室",增城, 元/㎡(均价),总价65-220(万/套)
珠光山水御苑,江浦街,广州市从化温泉大道13号,8000,在售,建面 141-171㎡,4室,从化, 元/㎡(均价),总价175(万/套)
致岭假日花园,狮岭镇,花都狮岭大道6号,13000,在售,建面 94-111㎡,"3室, 4室",花都, 元/㎡(均价),总价135-190(万/套)
尚东阳光雅苑,沙村,新塘镇西宁西路618号,14000,在售,建面 49-143㎡,"1室, 2室, 3室",增城, 元/㎡(均价),总价65-185(万/套)
荔富湖畔,朱村,朱村街朱村大道东88号,14000,在售,建面 104-168㎡,"3室, 4室",增城, 元/㎡(均价),总价142-235(万/套)
南沙金茂湾,明珠湾,南沙明珠湾灵山岛尖沙嘴中路以南,16000,在售,建面 138-230㎡,1室,南沙, 元/㎡(均价),总价455(万/套)
湾际·滨江,进港大道,滨海路和倚涛三街交汇处,26000,在售,建面 89-172㎡,"3室, 5室, 6室",南沙, 元/㎡(均价),总价180-350(万/套)
海珠湖景峰,南洲,南洲路761号-819号,45000,在售,建面 69-133㎡,"2室, 3室",海珠, 元/㎡(均价),总价280-400(万/套)
臻尚苑,广州南站,广州市番禺区石壁街道石洲中路100号,28000,在售,建面 96-118㎡,"2室, 3室",番禺, 元/㎡(均价),总价280-472(万/套)
合汇·中央广场,荔城中区,荔景大道合汇·中央广场,21000,在售,建面 78-174㎡,"2室, 3室, 5室",增城, 元/㎡(均价),总价267-574(万/套)
大城云山,太平镇,广从南路1033号,13000,在售,建面 121-142㎡,3室,从化, 元/㎡(均价),总价250(万/套)
珠江源昌花园,横沥,珠江街新广三路1号,20000,在售,建面 79-123㎡,"3室, 4室",南沙, 元/㎡(均价),总价235-250(万/套)
江源半岛花园,金融城,黄埔大道车陂南路1、3、5、7号(4、5号线地铁交汇处南侧),100000,在售,建面 70-127㎡,"2室, 3室",天河, 元/㎡(均价),总价630-963(万/套)
惠百氏广场,白江,增城新塘大林边路6号（13号线白江站D1口100米）,15000,在售,建面 75-130㎡,"2室, 3室",增城, 元/㎡(均价),总价126-239(万/套)
仁安花园,朱村,广州市增城区朱村街朱宁公路1号、3号、5号,11000,在售,建面 80-93㎡,"2室, 3室",增城, 元/㎡(均价),总价100-110(万/套)
紫泉流溪湾,太平镇,105国道从化太平段紫泉流溪湾,16000,在售,建面 88-203㎡,,从化, 元/㎡(均价),总价195(万/套)
中泰天境,知识城,九龙镇萝岗广汕公路与九龙大道交汇处,23000,在售,建面 130㎡,4室,黄埔, 元/㎡(均价),总价300(万/套)
嘉御豪庭,石滩镇,石滩大道南128号,12600,在售,建面 67-133㎡,"2室, 3室, 4室",增城, 元/㎡(均价),总价97-170(万/套)
合景誉山国际,永宁,增城区新新大道合景誉山国际营销中心,10000,在售,建面 74-142㎡,3室,增城, 元/㎡(均价),总价80(万/套)
凯德·中新里,知识城,广州市黄埔区九龙大道地铁棠下站C口南向100米,21000,在售,建面 76-140㎡,"2室, 3室, 4室",黄埔, 元/㎡(均价),总价135-300(万/套)
顺丰翠园,石井,石井兆丰路120号,25000,在售,建面 80-172㎡,"3室, 4室",白云, 元/㎡(均价),总价185-450(万/套)
中海亚运城,亚运城,广州市番禺区康体路亚运城销售中心（4号线海傍站A出口）,25000,在售,建面 87-250㎡,"2室, 3室, 4室",番禺, 元/㎡(均价),总价200-700(万/套)
华标峰湖御境,科学城,广州市黄埔区广汕公路与天鹿南路交汇处 广州地铁6号线黄陂地铁站（导航地址：华标峰湖御境售楼部）,57000,在售,建面 328-648㎡,"4室, 8室, 9室",黄埔, 元/㎡(均价),总价1800-3240(万/套)
南沙珠江湾,南沙湾,漾滨路和海滨路交汇处,9000,在售,建面 35-99㎡,"1室, 2室, 3室",南沙, 元/㎡(均价),总价35-100(万/套)
尚上名筑,亚运城,亚运大道尚上名筑,24000,在售,建面 78-137㎡,"2室, 3室",番禺, 元/㎡(均价),总价210-360(万/套)
金泽豪庭,白江,广州市增城区新塘镇金泽路1号,15200,在售,建面 53-121㎡,"3室, 4室",增城, 元/㎡(均价),总价144-205(万/套)
金融街花溪小镇,花东镇,花都大道东228号,10000,在售,建面 71-132㎡,"1室, 2室, 3室",花都, 元/㎡(均价),总价70-185(万/套)
华海·悦湾,南沙港,广州市南沙区黄山鲁森林公园东门,17500,在售,建面 78-119㎡,"2室, 3室",南沙, 元/㎡(均价),总价130-220(万/套)
越秀星汇海珠湾,工业大道中,广州市海珠区工业大道中广纸路40号,30000,在售,建面 33-223㎡,"3室, 4室, 5室",海珠, 元/㎡(均价),总价300-750(万/套)
金时花园,荔城增江,增江街纬六路5号,9300,在售,建面 84-140㎡,"2室, 3室, 4室",增城, 元/㎡(均价),总价78-131(万/套)
石滩第一城,石滩镇,广州市增城区石滩镇立新东路56号,12000,在售,建面 89-132㎡,3室,增城, 元/㎡(均价),总价155-160(万/套)
雅宝新城,秀全街,新华街平步大道中131号,16800,在售,建面 100-195㎡,3室,花都, 元/㎡(均价),总价169-230(万/套)
山璟轩,新塘南,新塘镇广深大道东107号（新塘牛仔城对面）,19500,在售,建面 62-87㎡,3室,增城, 元/㎡(均价),总价120-125(万/套)
汇港威华雅苑,朱村,朱村大道东178号,12000,在售,建面 85-113㎡,3室,增城, 元/㎡(均价),总价136(万/套)
源海仙村一号,石滩镇,荔新大道与仙村大道交汇处,12500,在售,建面 86-129㎡,"2室, 3室",增城, 元/㎡(均价),总价138-212(万/套)
元邦山清水秀,狮岭镇,山前大道1242号,8500,在售,建面 95-136㎡,"3室, 4室",花都, 元/㎡(均价),总价94-145(万/套)
三江盛汇,石滩镇,石滩镇沙庄光明西路100号,12000,待售,建面 111-144㎡,,增城, 元/㎡(均价),总价135-173(万/套)
合和新城,镜湖大道,广东省广州市花都区迎宾大道3号,19000,在售,建面 75-207㎡,"2室, 3室, 4室",花都, 元/㎡(均价),总价180-457(万/套)
南沙湾御苑,南沙港,进港大道和港前大道交汇处,22000,在售,建面 103-255㎡,4室,南沙, 元/㎡(均价),总价600(万/套)
叠溪花园,朱村,朱村街道朱石路以东,10500,在售,建面 77-126㎡,3室,增城, 元/㎡(均价),总价96-122(万/套)
大宏锦绣,南沙湾,环市大道南南沙小学对面300米处,25000,在售,建面 123-142㎡,"3室, 4室",南沙, 元/㎡(均价),总价310-360(万/套)
绿地珑玥府,荔城增江,大道南（纬四路口）,17000,在售,建面 98-138㎡,"3室, 4室",增城, 元/㎡(均价),总价168-250(万/套)
中交汇通中心,明珠湾,江灵北路和纵三路交汇处,38000,在售,,,南沙, 元/㎡(均价),总价400(万/套)
合生湖山国际,凤凰城,广州增城新塘镇陈家林路合生湖山国际营销中心,16000,在售,建面 80-135㎡,"2室, 3室, 4室",增城, 元/㎡(均价),总价132-225(万/套)
嘉东广场,旺城片区,从城大道旁（大广高速城郊出口右转600米）,12000,在售,建面 81-127㎡,"2室, 3室",从化, 元/㎡(均价),总价98-153(万/套)
合景誉山国际,永宁,新新公路合景誉山国际,8500,在售,建面 32-49㎡,2室,增城, 元/㎡(均价),总价43(万/套)
腾步大厦,旧区,迎宾大道4号,价格待定,待售,,,花都,,
腾步大厦,旧区,迎宾大道4号,价格待定,待售,,,花都,,
都湖国际,旧区,新华路96号,28000,在售,建面 82-247㎡,"3室, 5室",花都, 元/㎡(均价),总价420-938(万/套)
东江逸珑湾,新塘南,沿江大道39号（甘泉小学东侧）,21000,在售,建面 89-162㎡,"3室, 4室",增城, 元/㎡(均价),总价260-350(万/套)
世茂珠江天鹅湾,工业大道北,革新路126号,130000,待售,建面 237-294㎡,,海珠, 元/㎡(均价),总价3000(万/套)
敏捷尚品国际,进港大道,进港大道183号,9000,在售,建面 57-93㎡,2室,南沙, 元/㎡(均价),总价57(万/套)
珠江花城,黄村,东圃岐山183号,50000,在售,建面 76-140㎡,"3室, 4室, 5室",天河, 元/㎡(均价),总价400-900(万/套)
保利金沙大都汇,金沙洲,环洲二路86号（沙贝地铁站A1出口）,60000,在售,,,白云, 元/㎡(均价),总价700(万/套)
花悦台,狮岭镇,狮岭金狮大道四街花悦台销售中心,9000,在售,建面 83-93㎡,3室,花都, 元/㎡(均价),总价80-81(万/套)
星图TOD,新塘北,地铁13号线官湖车辆段（官湖站B出口）,21000,在售,建面 78-135㎡,"1室, 2室, 3室",增城, 元/㎡(均价),总价221-391(万/套)
中洲公馆,市桥,市桥北桥路1号,35000,在售,建面 42-84㎡,,番禺, 元/㎡(均价),总价147(万/套)
美的云筑,鱼窝头,广州市南沙区东涌镇鱼窝头体育文化广场对面,21000,在售,建面 83-127㎡,"3室, 4室",南沙, 元/㎡(均价),总价200-260(万/套)
祈福万景峰,铁路西,新华街望岗路6号,15900,在售,建面 60-143㎡,"2室, 3室, 4室",花都, 元/㎡(均价),总价95-188(万/套)
侨建御溪谷北区,中新镇,风光路399号,21500,在售,建面 285㎡,4室,增城, 元/㎡(均价),总价613(万/套)
天睿,会江,石北工业路（大石地铁站与会江地铁站之间）,22000,在售,建面 43-185㎡,"2室, 3室, 4室",番禺, 元/㎡(均价),总价125-1280(万/套)
临港国际商务大厦,万顷沙,龙穴大道中123号,23000,待售,,,南沙, 元/㎡(均价),
珠江铂世湾,雅居乐,万博.江山高尔夫俱乐部东侧,38000,在售,建面 105-138㎡,"3室, 4室",番禺, 元/㎡(均价),总价390-490(万/套)
淘金半山御庭,淘金,淘金西街18号,110000,在售,建面 102-205㎡,"3室, 4室, 5室",越秀, 元/㎡(均价),总价1053-3400(万/套)
汇金国际金融中心,金融城,黄埔大道中660号,43000,在售,,,天河, 元/㎡(均价),总价800(万/套)
汇金国际金融中心,金融城,黄埔大道中660号,43000,在售,,,天河, 元/㎡(均价),总价800(万/套)
保利金沙大都汇,金沙洲,环洲二路86号（沙贝地铁站A1出口）,20000,在售,建面 30-42㎡,2室,白云, 元/㎡(均价),总价81-140(万/套)
中交汇通中心,明珠湾,江灵北路和纵三路交汇处,22000,在售,建面 49-102㎡,1室,南沙, 元/㎡(均价),总价88-183(万/套)
香江天赋,凤凰城,广园东开创大道北埔南路翡翠绿洲内部,27000,在售,建面 88-204㎡,"4室, 5室",增城, 元/㎡(均价),总价280(万/套)
广州钢铁博汇,开发西区,广州经济技术开发区西基工业区西基路,32000,待售,,,黄埔, 元/㎡(均价),总价345(万/套)
建发央玺,石井,石潭路568号,40000,在售,建面 98-196㎡,5室,白云, 元/㎡(均价),总价800(万/套)
首创碧桂园悦山府,荔城增江,增江区狮尾路2号,11000,在售,建面 97-114㎡,"3室, 4室",增城, 元/㎡(均价),总价110-135(万/套)
沁园,香雪,开源大道201号,57000,在售,建面 170-367㎡,"5室, 6室",黄埔, 元/㎡(均价),总价950-2350(万/套)
仟信广场,河滨北路,仟信街12号,12500,在售,建面 108-150㎡,3室,从化, 元/㎡(均价),总价140-250(万/套)
中冶·逸璟台,科学城,永顺大道长岭路以北（长岭居小学西北侧300米）,50000,在售,建面 96-212㎡,"2室, 5室",黄埔, 元/㎡(均价),总价505-1000(万/套)
康大龙祥汇,知识城,中新知识城旺村地铁站旁,40000,在售,建面 106-174㎡,"2室, 3室, 4室",黄埔, 元/㎡(均价),总价350-580(万/套)
保利时代,江浦街,广东省广州市从化区灌村路凤鸣西四街5号,12500,在售,建面 61-113㎡,"2室, 3室",从化, 元/㎡(均价),总价86-160(万/套)
中国中铁·诺德名著,荔城西区,荔城街明慧路12号,18000,在售,建面 98-128㎡,,增城, 元/㎡(均价),总价200(万/套)
方舟公馆,东塱,东沙大道16号,价格待定,在售,,,荔湾,,
岭南V谷,菊树,花地大道南657号,20000,在售,,,荔湾, 元/㎡(均价),总价150(万/套)
岭南V谷,菊树,花地大道南657号,21000,在售,建面 45-55㎡,"1室, 2室",荔湾, 元/㎡(均价),总价100-120(万/套)
天健云山府,白云大道南,白云大道南397号,110000,在售,建面 75-144㎡,4室,白云, 元/㎡(均价),总价1430-1496(万/套)
百花山庄,荔城西区,百花路88号,18000,在售,建面 95-255㎡,"3室, 4室",增城, 元/㎡(均价),总价185-445(万/套)
保利中海金地·大国璟,荔城西区,增城大道南467号,13000,在售,建面 73-124㎡,"3室, 4室",增城, 元/㎡(均价),总价110-220(万/套)
时代绿庭山语,大岗镇,潭灵大道大岗镇政府旁,21000,待售,建面 43-120㎡,"2室, 3室",南沙, 元/㎡(均价),总价185-270(万/套)
广地花园,星河湾,广州番禺华快出口左侧,27000,在售,建面 74-167㎡,"2室, 3室, 4室",番禺, 元/㎡(均价),总价270-540(万/套)
天健云山府,白云大道南,白云大道南397号,60000,在售,,,白云, 元/㎡(均价),总价350(万/套)
越秀星汇海珠湾204地块滨水独栋商业,工业大道中,广州市海珠区广纸路40号,62000,在售,,,海珠, 元/㎡(均价),总价4050(万/套)
星悦轩,马务,黄石西顺兴路31-35号,31000,在售,建面 74-110㎡,3室,白云, 元/㎡(均价),总价282-362(万/套)
中海熙园,东涌,东涌吉祥西路（文化广场旁）,48000,在售,建面 88-131㎡,"4室, 5室",南沙, 元/㎡(均价),总价450-830(万/套)
保利国际金融中心（花都）,花城街,三东大道以北、天贵路以西，花都三东大道与天贵路交汇处（区政府旁）,18000,在售,建面 166-528㎡,1室,花都, 元/㎡(均价),总价310-940(万/套)
美的云筑,鱼窝头,鱼窝头体育文化广场对面,价格待定,待售,,,南沙,,
中交蓝色海湾,南沙港,港前大道南沙客运港对面,价格待定,待售,,,南沙,,
中交蓝色海湾,南沙港,港前大道南沙客运港对面,价格待定,待售,,,南沙,,
合家和府,旺城片区,城郊街城新路136号,价格待定,待售,,,从化,,
华润置地润悦,荔城西区,增城大道475号,12500,在售,建面 80-140㎡,"3室, 4室",增城, 元/㎡(均价),总价115-270(万/套)
广州敏捷绿湖首府,石滩镇,挂绿新城石滩广场旁(地铁16号线石滩站),25000,在售,建面 338㎡,1室,增城, 元/㎡(均价),总价400(万/套)
时代绿庭山语,大岗镇,潭灵大道大岗镇政府旁,25000,待售,,,南沙, 元/㎡(均价),总价200(万/套)
源海仙村一号,石滩镇,荔新大道与仙村大道交汇处,20000,在售,,,增城, 元/㎡(均价),总价280(万/套)
阳光城兰园翡澜花园,新区,凤凰南路汇沣水产市场B栋喜盟国际影城东侧50米处,21000,在售,建面 90-122㎡,"3室, 4室",花都, 元/㎡(均价),总价180-320(万/套)
金时花园,荔城增江,增江街纬六路5号,14000,在售,建面 86-121㎡,1室,增城, 元/㎡(均价),总价130-171(万/套)
招商金茂保利和府,旧城区,和鸣路,13500,在售,建面 68-120㎡,"3室, 4室",从化, 元/㎡(均价),总价110-195(万/套)
合景朗云花园,夏茅,机场路3080号夏茅地铁站旁,30000,在售,建面 91-121㎡,4室,白云, 元/㎡(均价),总价330-360(万/套)
伟腾云星,黄边,鹤龙一路766-782号,38000,在售,建面 82-130㎡,"2室, 3室",白云, 元/㎡(均价),总价295-525(万/套)
得天和苑,永宁,新新五路8号,12500,在售,建面 89-120㎡,"3室, 4室",增城, 元/㎡(均价),总价125-145(万/套)
尊悦台,大岗镇,广州市南沙区康宁路与荔湾路交叉路口往西约50米,14500,在售,建面 81-124㎡,"2室, 3室",南沙, 元/㎡(均价),总价135(万/套)
颐德湾尚,明珠湾,建设一路（南沙体育馆北侧）,30000,在售,建面 142-265㎡,"3室, 4室",南沙, 元/㎡(均价),总价400-770(万/套)
颐德湾尚,明珠湾,建设一路（南沙体育馆北侧）,价格待定,待售,,,南沙,,
颐德湾尚,明珠湾,建设一路（南沙体育馆北侧）,价格待定,待售,,,南沙,,
嘉河湾8号,铁路西,荔红北路8号,13000,在售,建面 96-149㎡,"2室, 3室",花都, 元/㎡(均价),总价125-300(万/套)
品秀·星瀚,广州南站,番禺区石北工业路,31000,在售,建面 73-115㎡,"2室, 3室, 4室",番禺, 元/㎡(均价),总价290-390(万/套)
嘉华广场,镜湖大道,花都区迎宾大道185号（花都皇冠假日酒店旁）（地铁清塘站D出口）,13000,在售,建面 43-57㎡,1室,花都, 元/㎡(均价),总价55-90(万/套)
天马河·名荟,铁路西,荔红南路2号,14500,在售,建面 47-79㎡,"1室, 2室",花都, 元/㎡(均价),总价53-90(万/套)
富城华庭,荔城增江,广汕公路增江小学西侧,9500,在售,建面 99-156㎡,"2室, 3室, 4室",增城, 元/㎡(均价),总价98-156(万/套)
中铁诺德·阅泷,江高镇,江高镇广花路430号,18000,在售,建面 79-129㎡,"2室, 3室, 4室",白云, 元/㎡(均价),总价132-260(万/套)
品实·云湖花城,石井,石沙路,33000,在售,建面 70-141㎡,"3室, 4室, 5室",白云, 元/㎡(均价),总价240-452(万/套)
港航中心,鱼珠,黄埔大道东983号,40000,在售,建面 60-138㎡,"2室, 3室",黄埔, 元/㎡(均价),总价270-621(万/套)
时代印记,知识城,广东省广州市黄埔区亨美西路,18000,在售,建面 87-136㎡,"3室, 4室",黄埔, 元/㎡(均价),总价155-245(万/套)
珠光金融城壹号,东圃,黄埔大道东724号,5000,在售,建面 232-261㎡,"3室, 4室",天河, 元/㎡(均价),总价3700-4000(万/套)
凯德凯荔花园,荔城西区,明慧路3号,15500,在售,建面 86-134㎡,"3室, 4室",增城, 元/㎡(均价),总价140-225(万/套)
越秀逸泉锦翠,江浦街,环市东路广外实验小学东侧,9500,在售,建面 71-92㎡,"3室, 4室",从化, 元/㎡(均价),总价79-105(万/套)
中国铁建海语熙岸,南沙区府,广州市南沙区美心路中国铁建海语熙岸,30000,在售,建面 89-260㎡,"3室, 4室, 5室",南沙, 元/㎡(均价),总价268-730(万/套)
富力新城,开发东区,黄埔区东鹏大道与宏明路交界处（富力新城销售中心）,25000,在售,建面 73-120㎡,"2室, 3室, 4室",黄埔, 元/㎡(均价),总价170-310(万/套)
天河云商汇,智慧城,华观路,29000,在售,建面 32-58㎡,"1室, 3室",天河, 元/㎡(均价),总价160-260(万/套)
珠光云山壹号,同和,广州大道北云灏街157医院地块,100000,在售,建面 215㎡,4室,白云, 元/㎡(均价),总价1700(万/套)
加富花园,石碁,莲塘路3号,22000,在售,建面 51-118㎡,"2室, 3室",番禺, 元/㎡(均价),总价189-259(万/套)
保利335金融中心,凤凰城,汽车城大道57号,价格待定,待售,,,增城,,
龙光天瀛,市桥,景观大道东侧,26000,在售,建面 89-175㎡,"2室, 3室, 4室",番禺, 元/㎡(均价),总价258-880(万/套)
远洋芙蓉墅,狮岭镇,狮岭镇芙蓉嶂度假区西南处,10000,在售,建面 75-133㎡,1室,花都, 元/㎡(均价),总价59(万/套)
天颐华府,市桥北,富怡路罗家村段6号,65000,在售,建面 262㎡,,番禺, 元/㎡(均价),总价2000(万/套)
广州院子,荔城增江,广州市增城区增江大埔围村张冚山顶,7800,在售,建面 95-140㎡,"3室, 4室",增城, 元/㎡(均价),总价72-120(万/套)
时代倾城（中新）,中新镇,广州市增城区中新镇新墩路168号,13000,在售,建面 85-130㎡,3室,增城, 元/㎡(均价),总价105-156(万/套)
电建地产·洺悦玉府,市桥,禺山西路与景观大道交汇处大夫山森林公园东南侧（番禺气象局旁）,价格待定,待售,,,番禺,,
电建地产·洺悦玉府,市桥,广州市番禺沙头街禺山大道南侧,22000,在售,建面 105-125㎡,"3室, 4室",番禺, 元/㎡(均价),总价230-275(万/套)
五矿壹云台,科学城,广州市黄埔区长岭居长岭路以北，领头新村以东,34000,在售,建面 81-164㎡,,黄埔, 元/㎡(均价),总价460(万/套)
广州万科城,永宁,广州市增城区永宁街道新新4路5号,10000,在售,建面 78-100㎡,"3室, 4室",增城, 元/㎡(均价),总价89-120(万/套)
雅居乐黄埔创新中心,黄埔区府,丰乐北路段与碧山村路交汇处,价格待定,待售,,,黄埔,,
雅居乐黄埔创新中心,黄埔区府,丰乐北路段与碧山村路交汇处,价格待定,待售,,,黄埔,,
凯德山海连城二期,莲花山,利丰大道连海路39号,24000,在售,建面 85-211㎡,"3室, 4室",番禺, 元/㎡(均价),总价215-1100(万/套)
中交蓝色海湾,南沙港,港前大道南沙客运港对面,价格待定,待售,,,南沙,,
星河东悦湾,黄阁,广东省广州市南沙区市南大道,32000,在售,建面 86-207㎡,"3室, 4室",南沙, 元/㎡(均价),总价282-830(万/套)
金湖花园,沙太北,广东省广州市白云区沙太北路938号金湖花园会所,45000,在售,建面 98-143㎡,"3室, 4室, 5室",白云, 元/㎡(均价),总价420-690(万/套)
合锦嘉泓·天宇花园,金洲,广州市南沙区金岭北路东侧金岭北路7号,17000,在售,建面 90-215㎡,"3室, 4室",南沙, 元/㎡(均价),总价180-240(万/套)
中交汇通中心,明珠湾,江灵北路和纵三路交汇处,23000,在售,,,南沙, 元/㎡(均价),总价400(万/套)
龙门苑,新区,三东大道北石岗1-3号,价格待定,待售,,,花都,,
信达·珺悦蓝庭,炭步,炭步镇花都大道巴江明珠公园旁,11000,在售,建面 78-113㎡,"3室, 4室",花都, 元/㎡(均价),总价78-120(万/套)
信达珺悦蓝庭,炭步,炭步镇花都大道以东地块（原炭步广场）,价格待定,待售,,,花都,,
增城中国铁建国际公馆,中新镇,地铁21号线坑贝站西侧1.2公里,11500,在售,建面 104-118㎡,4室,增城, 元/㎡(均价),总价178-200(万/套)
朗信国际,桥南,番禺大道北1686号,价格待定,待售,,,番禺,,
中冶逸璟广场,江燕路,燕翔路和江燕路交界处（万宝大厦旁）,价格待定,待售,,,海珠,,
越秀华发·悦见星城,中新镇,中新镇福中路16号,7200,在售,建面 78-101㎡,"3室, 4室",增城, 元/㎡(均价),总价65-76(万/套)
珠江·花屿花城,永宁,新新大道中塔岗路段,11000,在售,建面 79-96㎡,4室,增城, 元/㎡(均价),总价84-127(万/套)
御溪世家,中新镇,中新镇G324（福昆线）旁,13000,在售,建面 61-111㎡,"2室, 3室",增城, 元/㎡(均价),总价80-120(万/套)
兰亭香麓,荔城富鹏,荔景大道与增派公路交汇处（挂绿小学斜对面）,11800,在售,建面 88-111㎡,3室,增城, 元/㎡(均价),总价130-150(万/套)
东建·明德城,祖庙,广东省佛山市禅城区工业大道22号,22500,在售,建面 90-166㎡,"3室, 4室",禅城, 元/㎡(均价),总价200-540(万/套)
滨江金茂悦,罗村,南海区狮山镇罗村朗沙大道下罗沙旁,11000,在售,建面 88-143㎡,4室,南海, 元/㎡(均价),总价135-280(万/套)
佳兆业·广雅院,平洲,夏平路佳兆业·广雅院,20000,在售,建面 83-126㎡,"3室, 4室",南海, 元/㎡(均价),总价160-320(万/套)
经纬凯旋世家,鹤山市,广东省江门市鹤山市鹤山大道辅路,6500,在售,建面 96-134㎡,"3室, 4室",鹤山市, 元/㎡(均价),总价63-100(万/套)
轩隆雅园,北江新区,广东省佛山市三水区建设大道12号,9800,在售,建面 88-110㎡,"2室, 3室",三水, 元/㎡(均价),总价80-115(万/套)
五矿万境水岸,大良新区,广东省佛山市顺德区乔岸路和环湖路交叉口,18500,在售,建面 72-263㎡,"3室, 4室",顺德, 元/㎡(均价),总价200-680(万/套)
保利中海金地·大国璟,荔城西区,广汕公路保利中海金地·大国璟增城大道471号,22000,待售,,,增城, 元/㎡(均价),总价100(万/套)
卓越晴翠府,桥南,广州市番禺区桥南联兴路28号,28000,在售,建面 76-130㎡,"2室, 3室, 4室",番禺, 元/㎡(均价),总价200-385(万/套)
保利锦绣公馆,南湖,大源南路84号,21000,待售,建面 33-50㎡,,白云, 元/㎡(均价),总价70-110(万/套)
招商电建南国·雍云邸,石井,广东省广州市白云区石沙路石井工业区八横路,25000,在售,建面 78-89㎡,"3室, 4室",白云, 元/㎡(均价),总价200-220(万/套)
耀胜新世界广场·耀胜尊府,汉溪长隆,汉兴西路耀胜新世界广场,65000,在售,建面 77-132㎡,"3室, 4室, 5室",番禺, 元/㎡(均价),总价500-730(万/套)
徐福上坤云境风华,朱村,朱村大道中徐福上坤云境风华,价格待定,待售,,,增城,,
广州幸福湾,东塱,汇盛路广州幸福湾,80000,在售,建面 255-285㎡,"4室, 5室",荔湾, 元/㎡(均价),总价2250-2650(万/套)
首铸·铂瑞云湾,石楼,莲港大道与庄园路交汇,24000,在售,建面 86-154㎡,"3室, 4室",番禺, 元/㎡(均价),总价200-490(万/套)
越秀星耀TOD,新塘北,环城路越秀·星耀TOD,20000,在售,建面 100-125㎡,"3室, 4室",增城, 元/㎡(均价),总价200-250(万/套)
广州城投·禧悦府,凤凰城,汽车城大道广州城投禧悦府,21000,在售,建面 89-146㎡,"2室, 3室, 4室",增城, 元/㎡(均价),总价265-410(万/套)
华润置地金沙瑞府,金沙洲,广州市白云区金沙洲浔峰山东路西北侧,35000,在售,建面 143㎡,4室,白云, 元/㎡(均价),总价495(万/套)
建发明珠湾玺,明珠湾,凤凰大道凤凰二桥地铁18号线横沥站旁约250米处,31000,在售,建面 88-142㎡,4室,南沙, 元/㎡(均价),总价370-530(万/套)
深业颐泽府,明珠湾,凤凰大道深业颐泽府,37000,在售,建面 103-257㎡,"4室, 5室",南沙, 元/㎡(均价),总价340-1000(万/套)
华宇·锦绣云赋,旧城区,从城大道华宇·锦绣云赋,15000,在售,建面 76-109㎡,"3室, 4室",从化, 元/㎡(均价),总价108-165(万/套)
金地景业格林水岸,中新镇,新新大道北金地景业格林水岸,价格待定,待售,,,增城,,
金地·云上,中新镇,广东省广州市增城区S118(新新大道北),11000,在售,建面 60-104㎡,2室,增城, 元/㎡(均价),总价80-145(万/套)
悦辰壹号,知识城,广东省广州市黄埔区Y079,24000,在售,建面 89-168㎡,"3室, 4室",黄埔, 元/㎡(均价),总价190-320(万/套)
国科众安江屿大观,市桥,广东省广州市番禺区 沙堤路600号,16800,在售,建面 39-195㎡,"2室, 3室, 4室",番禺, 元/㎡(均价),总价65-600(万/套)
振业学府里,白江,南顺石场路13号,13500,在售,建面 75-107㎡,"3室, 4室",增城, 元/㎡(均价),总价100-155(万/套)
珠江博悦庭,增城碧桂园,新城大道珠江博悦庭,价格待定,待售,,,增城,,
越秀联投知识城·居山涧,知识城,广州黄埔知识城凤凰湖旁,46000,在售,建面 140-190㎡,4室,黄埔, 元/㎡(均价),总价650-1050(万/套)
中洲紫轩,鱼珠,广东省广州市黄埔区中山大道387号（5/13号线鱼珠站）,50000,在售,建面 83-169㎡,"3室, 4室, 5室",黄埔, 元/㎡(均价),总价420-950(万/套)
万科黄埔新城,南岗,南岗街沙步大路2号,33000,在售,建面 75-143㎡,"3室, 4室",黄埔, 元/㎡(均价),总价235-500(万/套)
广州城投领南府,广州南站,石洲中路广州城投领南府,32000,在售,建面 98-143㎡,"2室, 3室",番禺, 元/㎡(均价),总价294-510(万/套)
云裳峯尚,同和,白云区白水塘文明路1号,55000,在售,建面 78-133㎡,"3室, 4室",白云, 元/㎡(均价),总价562-800(万/套)
侨鑫保利汇景台,汇景新城,科韵北路23号,136000,在售,建面 173-290㎡,"4室, 5室",天河, 元/㎡(均价),总价2400-4060(万/套)
金科景业·雍景园,中新镇,坑贝地铁站B口东100米,24500,待售,建面 36-86㎡,1室,增城, 元/㎡(均价),总价70-125(万/套)
保利天汇,黄村,大观中路保利天汇,55000,在售,建面 112㎡,1室,天河, 元/㎡(均价),总价616(万/套)
越秀·大学·星汇城,国际创新城,广州市番禺区新造镇曾边大街66号,38000,在售,建面 88-125㎡,"3室, 4室, 5室",番禺, 元/㎡(均价),总价325-550(万/套)
保利珑悦,永宁,广州市增城区创业大道,12000,在售,建面 77-105㎡,"2室, 3室",增城, 元/㎡(均价),总价85-142(万/套)
飞晟汇,香雪,广州市黄埔区科学城开创大道彩文路166号,21800,在售,建面 120-750㎡,"1室, 4室, 5室",黄埔, 元/㎡(均价),总价185-1822(万/套)
路劲星棠,白江,东洲大道路劲星棠,16000,在售,建面 78-95㎡,"2室, 4室",增城, 元/㎡(均价),总价128-150(万/套)
知识城投资嘉达·山与墅,知识城,广东省广州市黄埔区Y079与长庚北街交叉路口往西约200米,45000,在售,建面 166-175㎡,"3室, 4室",黄埔, 元/㎡(均价),总价600-900(万/套)
远洋天成,新塘北,广东省广州市增城区石新路,16500,在售,建面 69-107㎡,"3室, 4室",增城, 元/㎡(均价),总价118-180(万/套)
广晟中国铁建花语天珹,花城街,黄槐路广晟中铁建花语天珹,21000,在售,建面 88-188㎡,"2室, 3室, 4室",花都, 元/㎡(均价),总价160-480(万/套)
金地商置都会峯范,铁路西,新街大道100号,16500,在售,建面 81-125㎡,"2室, 3室",花都, 元/㎡(均价),总价130-230(万/套)
中建凤榕台,朱村,广东省广州市增城区福昆线辅路,23000,在售,建面 67-103㎡,"3室, 4室",增城, 元/㎡(均价),总价154-236(万/套)
中铁建信达花语天宸,科学城,广汕公路与班岭路交叉西南420米,41000,在售,建面 97-168㎡,"3室, 4室",黄埔, 元/㎡(均价),总价420-800(万/套)
中盛顺和家园,荔城增江,广汕公路中盛顺和家园,12000,在售,建面 83-143㎡,"3室, 4室",增城, 元/㎡(均价),总价115-205(万/套)
中旅名门府,镜湖大道,G107中旅名门府,18500,在售,建面 80-116㎡,"2室, 3室",花都, 元/㎡(均价),总价150-250(万/套)
方圆滨江壹号,客村,海珠区艺景路与友邻三路交叉口南120米,90000,在售,建面 90-132㎡,"3室, 4室",海珠, 元/㎡(均价),总价700-1580(万/套)
翰盛府,汉溪长隆,汉兴西路锦绣香江拾光盛境,80000,在售,建面 78-215㎡,"3室, 4室",番禺, 元/㎡(均价),总价430-1700(万/套)
中海保利朗阅,西朗,广东省广州市荔湾区,50000,在售,建面 98-182㎡,"2室, 3室, 4室",荔湾, 元/㎡(均价),总价490-1050(万/套)
珠江未来城,莲花山,广东省广州市番禺区石楼镇胜洲村龙启路80号,11000,在售,建面 36-68㎡,"1室, 2室",番禺, 元/㎡(均价),总价40-95(万/套)
星河畔月湾,横沥,新广一路星河畔月湾,20000,在售,建面 80-126㎡,"3室, 4室",南沙, 元/㎡(均价),总价160-260(万/套)
振业天成,科学城,广州市黄埔区联和街黄陂四路,39000,在售,建面 104-168㎡,4室,黄埔, 元/㎡(均价),总价498-800(万/套)
绿城桂语汀澜,明珠湾,广州市南沙区横沥镇沥岛三多涌以东、义沙路以西、横沥大道东以南,28000,在售,建面 99-140㎡,4室,南沙, 元/㎡(均价),总价260-406(万/套)
琶洲南TOD,赤岗,广东省广州市海珠区,125000,在售,建面 142-276㎡,"3室, 4室, 5室",海珠, 元/㎡(均价),总价2500-3500(万/套)
招商湾区1872,东涌,南沙庆盛港科大广州校区旁,22000,在售,建面 79-105㎡,"3室, 4室",南沙, 元/㎡(均价),总价170-230(万/套)
海语天悦湾,明珠湾,凤凰大道越秀中国铁建南投海语天悦湾,28000,在售,建面 80-142㎡,"2室, 3室",南沙, 元/㎡(均价),总价230-460(万/套)
国贸学原,荔城西区,广汕公路国贸学原,12600,在售,建面 76-128㎡,"2室, 3室, 4室",增城, 元/㎡(均价),总价88-180(万/套)
星河江缦,滘口,广东省广州市荔湾区滘口大街与鹅潭路交叉口西北,70000,在售,建面 179-235㎡,4室,荔湾, 元/㎡(均价),总价900-2000(万/套)
公交珠实花城云著,夏茅,广花一路公交珠实花城云著,35000,在售,建面 69-87㎡,"3室, 4室",白云, 元/㎡(均价),总价249-320(万/套)
中海江泰里,江燕路,海珠区凤阳街江泰路36号,65000,在售,建面 75-105㎡,"3室, 4室",海珠, 元/㎡(均价),总价520-730(万/套)
保利水木芳华,朱村,朱村大道西保利水木芳华,12000,在售,建面 67-103㎡,"1室, 2室",增城, 元/㎡(均价),总价100-164(万/套)
保利领秀海,莲花山,广州市番禺区石楼镇鲤鱼岗9号名人山庄,22000,在售,建面 63-170㎡,"3室, 4室",番禺, 元/㎡(均价),总价120-480(万/套)
云麓花城,太和,白云城投云麓花城，太和镇沙亭北路南侧地块,23000,在售,建面 67-97㎡,"3室, 4室",白云, 元/㎡(均价),总价154-240(万/套)
电建都汇府,新区,广东省广州市花都区迎宾大道,36000,在售,建面 120-190㎡,"3室, 4室",花都, 元/㎡(均价),总价430-730(万/套)
金地公园名著,永宁,广东省广州市增城区新新公路与创盈路交叉口西南140米,11000,在售,建面 69-106㎡,"2室, 3室",增城, 元/㎡(均价),总价75-100(万/套)
广州滨江上都璇湾,鹤洞,芳村大道南广州滨江上都,125000,在售,建面 105-355㎡,"2室, 3室, 4室",荔湾, 元/㎡(均价),总价1312.5-2125(万/套)
中海映澜台,工业大道南,新业路中海映澜台,110000,在售,建面 141-246㎡,"4室, 5室",海珠, 元/㎡(均价),总价2200-2900(万/套)
保利湖光悦色,赤岗,华洲路保利湖光悦色,75000,在售,建面 120-200㎡,4室,海珠, 元/㎡(均价),总价850-1700(万/套)
中洲紫轩,鱼珠,广东省广州市黄埔区中山大道387号（5/13号线鱼珠站）,35000,待售,建面 41-115㎡,,黄埔, 元/㎡(均价),总价156-550(万/套)
广垦天河1号,沙太南,怡新路广垦天河1号,30000,在售,建面 40㎡,"1室, 2室",天河, 元/㎡(均价),总价112-132(万/套)
越秀星耀TOD,新塘北,环城路越秀·星耀TOD,16000,在售,建面 36-65㎡,"2室, 3室",增城, 元/㎡(均价),总价58-104(万/套)
珠光海珠新城,南洲,南洲路975号,55000,在售,建面 95-230㎡,"3室, 4室, 5室",海珠, 元/㎡(均价),总价475-2300(万/套)
公园海,南沙湾,环市大道南公园海,价格待定,待售,,,南沙,,
联发|悦璞园,石滩镇,南北大道联发悦璞,价格待定,待售,,,增城,,
龙狮璟珑府,知识城,Y079龙狮璟珑府,23000,在售,建面 91-168㎡,"3室, 4室",黄埔, 元/㎡(均价),总价170-480(万/套)
广州城投·空港1号,镜湖大道,广州市花都区雅新大道（黄广中学南侧）,20000,在售,建面 79-112㎡,"3室, 4室",花都, 元/㎡(均价),总价190-270(万/套)
时代天境（花都）,旧区,天贵路时代天境（花都）,价格待定,待售,,,花都,,
粤海·云港城,白云大道南,广东省广州市白云区齐心路84号（白云公园站旁）,85000,在售,建面 140-264㎡,4室,白云, 元/㎡(均价),总价1250-2500(万/套)
力高大家·美颂,荔城西区,增城区北绕线力高大家·美颂,价格待定,待售,,,增城,,
珠江广钢花城,东塱,广州市荔湾区荷景路5号,35000,在售,建面 67-114㎡,"3室, 4室, 5室",荔湾, 元/㎡(均价),总价310-460(万/套)
珠江·金瑶台,昌岗,广东省广州市海珠区崇礼大街18号,50000,在售,建面 79-103㎡,"2室, 3室",海珠, 元/㎡(均价),总价400-510(万/套)
富好城繁华里,新塘北,广东省广州市增城区富好城路30,12000,在售,建面 85-101㎡,3室,增城, 元/㎡(均价),总价100-130(万/套)
北大科技园·国际科创广场,石井,石沙公路81号,价格待定,待售,,,白云,,
利通金融中心,明珠湾,潭州路利通金融中心,25000,在售,,,南沙, 元/㎡(均价),
广州城投禧阅盛汇,凤凰城,汽车城大道广州城投禧阅盛汇,价格待定,待售,,,增城,,
富力富云山,江夏,黄石西街23号,价格待定,待售,,,白云,,
天地源伴山溪谷,石楼,沙东路天地源伴山溪谷,22000,在售,建面 83-103㎡,"2室, 3室",番禺, 元/㎡(均价),总价180-226(万/套)
广开控股城投云锦,长岭居,萝岭路广开控股城投云锦,45000,在售,建面 124-186㎡,"3室, 4室",黄埔, 元/㎡(均价),总价550-870(万/套)
御璟兰园,明珠湾,凤凰大道融朗园,30000,在售,建面 88-135㎡,5室,南沙, 元/㎡(均价),总价445(万/套)
合生中央城（商业）,香雪,开源大道22号,60000,在售,建面 40-52㎡,1室,黄埔, 元/㎡(均价),总价220-260(万/套)
星河江堤春晓,明珠湾,广东省广州市南沙区凤凰大道横沥东路10号,33000,在售,建面 99-133㎡,,南沙, 元/㎡(均价),总价350(万/套)
科苑壹号,南沙湾,广东省广州市南沙区南沙湾南横地铁站旁,24000,在售,建面 126-165㎡,4室,南沙, 元/㎡(均价),总价430-550(万/套)
越秀江海潮鸣,明珠湾,安益路越秀江海潮鸣,28000,在售,建面 96-140㎡,"2室, 3室",南沙, 元/㎡(均价),总价301-520(万/套)
越秀大学城和樾府,国际创新城,兴业大道越秀·大学城·和樾府,50000,在售,建面 110-160㎡,"3室, 4室",番禺, 元/㎡(均价),总价480-825(万/套)
广州国际创新驱动中心,知识城,知识城南起步区知识大道以南、永九快速路以东,价格待定,待售,,,黄埔,,
越秀白云星汇城,钟落潭,广龙路12号,18000,在售,建面 74-116㎡,"3室, 4室",白云, 元/㎡(均价),总价146-310(万/套)
IN PARK星贸中心,科学城,映日路IN PARK星贸中心,价格待定,待售,,,黄埔,,
力迅荔筑,西场,东风西路南侧源溪大街东侧力迅荔筑,59000,在售,建面 69-130㎡,"3室, 4室",荔湾, 元/㎡(均价),总价448-762(万/套)
合景臻溋名铸,东圃,黄埔大道东合景臻溋名铸,价格待定,待售,,,天河,,
保利越秀·天启,鹤洞,培真路保利越秀·天启,25000,在售,建面 41-53㎡,"2室, 3室",荔湾, 元/㎡(均价),总价100-160(万/套)
香江天辰,凤凰城,G4香江天辰,13000,在售,建面 79-102㎡,4室,增城, 元/㎡(均价),总价135(万/套)
保利明玥湖光,增城碧桂园,挂绿湖纵三路保利明玥湖光,17000,在售,建面 84-121㎡,"2室, 3室",增城, 元/㎡(均价),总价133-215(万/套)
招商湾区1872,东涌,庆沙路招商湾区1872,价格待定,待售,,,南沙,,
中铁阅江来,南沙区府,广东省广州市南沙区化工路,17000,在售,建面 88-126㎡,"2室, 3室",南沙, 元/㎡(均价),总价175-315(万/套)
中国铁建西派澜岸,明珠湾,合兴路56号国际金融论坛IFF永久会址相距800米,30000,在售,建面 105-261㎡,3室,南沙, 元/㎡(均价),总价400-500(万/套)
云城上品,嘉禾望岗,广东省广州市白云区新石路145号,37000,在售,建面 72-105㎡,3室,白云, 元/㎡(均价),总价250-380(万/套)
勤诚达悦城,,洋田路勤诚达悦城,价格待定,待售,,,黄埔,,
星际云汇,香雪,广东省广州市黄埔区S117(开创大道),价格待定,在售,,,黄埔,,
珠实云悦花语,钟落潭,广州市白云区钟落潭镇良城三路7号距广州14号线钟落潭地铁站A出口800米处,15000,在售,建面 70-98㎡,"3室, 4室",白云, 元/㎡(均价),总价110-180(万/套)
诚汇新都·榕诚湾,汾水,花海路力诚榕诚湾,35000,在售,建面 85-165㎡,4室,荔湾, 元/㎡(均价),总价480-860(万/套)
勤诚达悦峯,科学城,黄登路勤诚达悦峯,价格待定,待售,,,黄埔,,
珠江天郦,棠下,广州市天河区中山大道西1150号,85000,在售,建面 129-180㎡,4室,天河, 元/㎡(均价),总价1100-1900(万/套)
勤诚达悦府,长岭居,长龙街勤诚达悦府,价格待定,待售,,,黄埔,,
东江逸珑湾,新塘南,沿江大道39号（甘泉小学东侧）,17000,在售,,,增城, 元/㎡(均价),总价200(万/套)
中海麓府,江夏,广云路中海麓府,56000,在售,建面 126-170㎡,"3室, 4室",白云, 元/㎡(均价),总价700-1140(万/套)
祈福半山臻品,祈福新村,祈福天湖一街祈福半山臻品,30000,在售,建面 82-145㎡,"2室, 3室, 4室",番禺, 元/㎡(均价),总价237-490(万/套)
岭南V谷荔湾新天地,广钢新城,荔信三街岭南V谷荔湾新天地,28000,在售,建面 36-70㎡,"2室, 3室, 4室",荔湾, 元/㎡(均价),总价110-250(万/套)
越秀公交天悦云山府,东平,白云大道北1697号,32000,在售,建面 90-156㎡,"3室, 5室",白云, 元/㎡(均价),总价290-780(万/套)
布查特官邸情景洋房,汉溪长隆,迎宾路锦绣香江花园山水华府,28000,在售,建面 43-128㎡,"1室, 3室",番禺, 元/㎡(均价),总价150-355(万/套)
玖玥,铁路西,望亭路玖玥,11800,在售,建面 97-127㎡,"2室, 3室, 4室",花都, 元/㎡(均价),总价126-165(万/套)
保利锦上,香雪,广东省广州市黄埔区隧南路,29000,在售,建面 75-135㎡,3室,黄埔, 元/㎡(均价),总价210-395(万/套)
越秀天河和樾府,沙太南,广东省广州市天河区燕园路13号,85000,在售,建面 108-180㎡,"3室, 4室",天河, 元/㎡(均价),总价850-1600(万/套)
大华城东瀚,朱村,广东省广州市增城区,13000,在售,建面 64-97㎡,"2室, 3室, 4室",增城, 元/㎡(均价),总价85-165(万/套)
粤海·云港城,白云大道南,云城西路粤海·云港城,价格待定,在售,,,白云,,
保利和悦滨江,西朗,兴渔路保利和悦滨江,45000,在售,建面 74-107㎡,,荔湾, 元/㎡(均价),总价360(万/套)
北大科技园·国际科创广场,石井,石沙公路81号,价格待定,待售,,,白云,,
电建地产·洺悦玉府,市桥,禺山西路电建地产·洺悦玉府,价格待定,待售,,,番禺,,
星河湾萝峰,香雪,广东省广州市黄埔区萝岗路与启学路交叉口北200米,38000,在售,建面 130-265㎡,"3室, 5室",黄埔, 元/㎡(均价),总价480-1550(万/套)
越秀国际总部广场,金洲,金隆路越秀国际总部广场,价格待定,待售,,,南沙,,
旭辉曜玥湾,明珠湾,国际金融岛横沥大道旁,价格待定,待售,,,南沙,,
中国铁建西派澜岸,明珠湾,长沙村西街中国铁建西派澜岸,价格待定,待售,,,南沙,,
星河江堤春晓,明珠湾,广东省广州市南沙区凤凰大道横沥东路10号,价格待定,待售,,,南沙,,
新鸿基地产峻銮,广州南站,广东省广州市番禺区韦涌路,45000,在售,建面 68-162㎡,"3室, 4室",番禺, 元/㎡(均价),总价388-798(万/套)
卓粤广场,新塘南,新塘大道东卓粤广场,价格待定,待售,,,增城,,
富丰华庭,朱村,朱村大道西富丰华庭,13000,在售,建面 89-118㎡,"2室, 3室",增城, 元/㎡(均价),总价115-153(万/套)
升龙·学府上城,知识城,九龙大道,价格待定,待售,,,黄埔,,
长岭雅居,长岭居,长贤路长岭雅居,46000,在售,建面 160-190㎡,4室,黄埔, 元/㎡(均价),总价695-800(万/套)
珠实·嘉悦湾,同德围,广东省广州市白云区同嘉路34号,38000,在售,建面 89-112㎡,"4室, 5室",白云, 元/㎡(均价),总价350-420(万/套)
国化广场,白云大道南,广东省广州市白云区云城北二路116号,价格待定,待售,,,白云,,
白鹅潭悦府,芳村,广东省广州市荔湾区长堤街133号,100000,在售,建面 135-243㎡,4室,荔湾, 元/㎡(均价),总价2500(万/套)
君超中心,金融城,黄埔大道中君超中心,价格待定,待售,,,天河,,
星晴雅筑,市桥北,市桥街光明北路儿童公园路口西侧,31000,在售,建面 89-93㎡,2室,番禺, 元/㎡(均价),总价276-288(万/套)
世纪金源天河源筑,粤垦,东莞庄路世纪金源天河源筑,61888,在售,建面 93-182㎡,"3室, 4室, 5室",天河, 元/㎡(均价),总价550-1365(万/套)
茗筑水岸,明珠湾,庙南路茗筑水岸,价格待定,在售,,,南沙,,
龙湖金地天峯,番禺客运站,傍雁路龙湖金地天峯,80000,在售,,,番禺, 元/㎡(均价),总价150(万/套)
耀胜新世界广场,汉溪长隆,汉兴西路耀胜新世界广场,价格待定,待售,,,番禺,,
侨银大厦,坑口,东漖大桥侨银大厦,价格待定,待售,,,荔湾,,
汉国置业港汇台,海珠广场,沿江中路港汇华庭二期,100000,在售,建面 69-144㎡,"2室, 3室",越秀, 元/㎡(均价),总价700-1730(万/套)
越秀滨海花城,南沙区府,广澳高速越秀滨海花城,15000,在售,建面 75-97㎡,3室,南沙, 元/㎡(均价),总价108-129(万/套)
广州城投东园公馆,越秀南,越秀南路广州城投东园公馆,130000,在售,建面 91-178㎡,"3室, 4室",越秀, 元/㎡(均价),总价1000-2100(万/套)
中国铁建翰林新语,新塘北,乌石大道中国铁建翰林新语,18000,在售,建面 72-95㎡,"2室, 3室",增城, 元/㎡(均价),总价130-180(万/套)
联投·文津府,黄村,执信三路联投·文津府,58000,在售,建面 111-165㎡,"3室, 4室",天河, 元/㎡(均价),总价580-1100(万/套)
万科·理想花地·瑧园,花地湾,广东省广州市荔湾区东漖北路191号,54000,在售,建面 110-186㎡,"3室, 4室",荔湾, 元/㎡(均价),总价560-1050(万/套)
万科·理想花地·朗庭,花地湾,广东省广州市荔湾区花地大道北385号,47000,在售,建面 79-128㎡,"2室, 3室",荔湾, 元/㎡(均价),总价430-530(万/套)
智联花园,莲花山,石楼镇智睿大街4号,30000,在售,,,番禺, 元/㎡(均价),总价3000(万/套)
仟信广场,河滨北路,仟信街12号,8000,在售,建面 51㎡,1室,从化, 元/㎡(均价),总价45(万/套)
中建天河精诚壹号,岑村,广东省广州市天河区长兴街道华观路以北，高唐路以西,52000,在售,建面 78-118㎡,"2室, 3室, 4室",天河, 元/㎡(均价),总价440-700(万/套)
鹏瑞1号,东圃,黄埔大道东鹏瑞金融城,价格待定,在售,,,天河,,
保利四季和颂,广州大道南,广东省广州市海珠区广州大道南788号,75000,在售,建面 108-140㎡,4室,海珠, 元/㎡(均价),总价1080(万/套)
中国铁建西派粤府,沥滘,南天路中国铁建西派粤府,65000,在售,建面 120-140㎡,4室,海珠, 元/㎡(均价),总价780-1200(万/套)
越秀珠实城发江湾和樾,工业大道中,广东省广州市海珠区昌岗西路,75000,在售,建面 107-188㎡,4室,海珠, 元/㎡(均价),总价1050-1500(万/套)
空港国际·科技谷,花东镇,凤祥路空港国际·科技谷,价格待定,待售,,,花都,,
云平上品,东平,白云大道北云庐,55000,在售,建面 128-172㎡,4室,白云, 元/㎡(均价),总价560-1080(万/套)
品秀星图,新塘北,广州地铁13号线官湖车辆段（官湖站B出口）,36000,在售,,,增城, 元/㎡(均价),
越秀大学星汇锦城,南村,南村东线路越秀大学星汇锦城,30000,在售,建面 70-126㎡,"3室, 4室",番禺, 元/㎡(均价),总价220-400(万/套)
琶洲樾,磨碟沙,新港东路琶洲樾,价格待定,待售,,,海珠,,
保利·天瑞,汇景新城,广园快速路保利·天瑞,80000,在售,建面 107-268㎡,"3室, 4室",天河, 元/㎡(均价),总价890-2500(万/套)
珠江国际城,神岗镇,广从南路珠江壹城,19000,在售,建面 26-53㎡,1室,从化, 元/㎡(均价),总价110(万/套)
保利瑧誉,坑口,东漖街保利瑧誉,55000,在售,建面 88-170㎡,"3室, 4室",荔湾, 元/㎡(均价),总价520-950(万/套)
品秀·星瀚,广州南站,大榄地路品秀·星瀚,30000,在售,,,番禺, 元/㎡(均价),总价80(万/套)
科城·新世代,知识城,四横路科城·新世代,价格待定,在售,,,黄埔,,
丰盛101,新塘北,民营西一路丰盛101,价格待定,待售,,,增城,,
龙湖御湖境,大石,迎宾路龙湖御湖境,42000,在售,建面 115-206㎡,4室,番禺, 元/㎡(均价),总价480-888(万/套)
珠实·西关都荟,南岸路,荔湾区南岸路26号,70000,在售,建面 89-142㎡,"4室, 5室",荔湾, 元/㎡(均价),总价580-1100(万/套)
正升星荟,石井,石沙公路正升星荟,价格待定,待售,,,白云,,
保利锦上,香雪,隧南路保利锦上,35000,在售,建面 79㎡,,黄埔, 元/㎡(均价),总价190(万/套)
光大ONE+,永宁,香山大道与创盈路交汇处,价格待定,待售,,,增城,,
上馨华府,大石,新光快速上馨华府,28000,在售,,,番禺, 元/㎡(均价),总价260(万/套)
广州地铁地产珑璟台,赤岗,龙潭东环街广州地铁地产·珑璟台,85000,在售,建面 120-195㎡,"3室, 4室",海珠, 元/㎡(均价),总价900-2000(万/套)
万科瑧樾府,东川路,东濠涌高架路万科·瑧樾府,90000,在售,建面 107-180㎡,"3室, 4室",越秀, 元/㎡(均价),总价1375-1800(万/套)
广建·云城学府,,广州市白云区广建·云城学府,价格待定,待售,,,白云,,
长隆万博悦府,汉溪长隆,汉溪大道东长隆万博悦府,65000,在售,建面 108-300㎡,"4室, 5室",番禺, 元/㎡(均价),总价630-2300(万/套)
粤海壹桂府,海珠广场,北京路粤海壹桂府,价格待定,待售,,,越秀,,
广州之窗商务港,沥滘,新城市中轴线南段端点西侧，南临珠江后航道,价格待定,待售,,,海珠,,
亿凯创智汇,太和,北太路亿凯创智汇,价格待定,待售,,,白云,,
晓庐,磨碟沙,新港东路晓庐,价格待定,待售,,,海珠,,
东基天河阳光,黄村,大观街东基·天河阳光,38000,在售,,,天河, 元/㎡(均价),总价120(万/套)
保利阅江台,滨江东,广东省广州市海珠区玉菡路50号,92000,在售,建面 121-208㎡,4室,海珠, 元/㎡(均价),总价1100-1900(万/套)
广州足球公园,钟村,谢村地铁站旁,价格待定,待售,,,番禺,,
江语上品苑,石井,广州市白云区广海路以北,45000,在售,建面 125-319㎡,"3室, 4室",白云, 元/㎡(均价),总价570-2500(万/套)
淘金山花园,朱村,朱村街淘金山花园,价格待定,待售,,,增城,,
旺村·知筑,知识城,旺村西路旺村知筑,价格待定,待售,,,黄埔,,
华润置地天河润府,黄村,广州天河奥体天河区·广园快速路·天河儿童公园旁,60000,在售,建面 81-130㎡,"3室, 4室",天河, 元/㎡(均价),总价410-800(万/套)
君熙府,北京路,解放中路392号,85000,在售,建面 93-146㎡,"3室, 4室",越秀, 元/㎡(均价),总价733-1390(万/套)
云瀚府,东川路,白云路29-31号,100000,在售,建面 130-197㎡,"3室, 5室",越秀, 元/㎡(均价),总价1250-2100(万/套)
佳兆业佳泽园,荔城西区,荔城街增城大道钟岗地铁D出口附近,18500,在售,,,增城, 元/㎡(均价),总价130(万/套)
保利水木芳华,朱村,朱村大道西保利水木芳华,25000,待售,,,增城, 元/㎡(均价),总价130(万/套)
铂玥明珠ONE,明珠湾,文字路铂玥明珠ONE,14000,在售,建面 54-70㎡,"2室, 3室",南沙, 元/㎡(均价),总价92-119(万/套)
中海浣花里,坑口,浣花路中海浣花里,46000,在售,建面 71-108㎡,,荔湾, 元/㎡(均价),总价400(万/套)
武汉城建·保利·花语和岸,芳村,广东省广州市荔湾区花地街道涌岸街武汉城建·保利·花语和岸,51000,在售,建面 86-142㎡,"3室, 4室",荔湾, 元/㎡(均价),总价420-760(万/套)
青云喜满园,旺城片区,和鸣路青云喜满园,价格待定,待售,,,从化,,
朗悦时光里,铁路西,瑞云路朗悦时光里,价格待定,待售,,,花都,,
保利琅誉,番禺客运站,广东省广州市番禺区傍雁路98号,38000,在售,建面 92-132㎡,2室,番禺, 元/㎡(均价),总价330-490(万/套)
路劲美的隽樾府,番禺广场,广东省广州市番禺区东盛路50号,38000,在售,建面 87-132㎡,3室,番禺, 元/㎡(均价),总价430-510(万/套)
明月豪庭,西门口,解放中路明月豪庭,28000,在售,建面 42-109㎡,2室,越秀, 元/㎡(均价),总价321(万/套)
保利和颂,坑口,浣花路保利和颂,46000,在售,建面 72-99㎡,"1室, 3室",荔湾, 元/㎡(均价),总价370-469(万/套)
国贸云上,嘉禾望岗,白云-嘉禾望岗/松园路国贸云上,50000,在售,建面 85-143㎡,"3室, 4室",白云, 元/㎡(均价),总价390-615(万/套)
嘉禧天和大厦,黄村,广州市天河区黄村康体路,价格待定,待售,,,天河,,
广州城投·天赋壹号,金融城,广东省广州市天河区临江大道北,价格待定,在售,,,天河,,
中金岭南鑫贸大厦,明珠湾,沙嘴东路中金岭南鑫贸大厦,价格待定,待售,,,南沙,,
星河智荟二期,明珠湾,新村街星河智荟二期,20000,在售,建面 88-183㎡,3室,南沙, 元/㎡(均价),总价400(万/套)
建发央玺,石井,石潭路444号,价格待定,待售,,,白云,,
建发明珠湾玺,明珠湾,凤凰大道建发明珠湾玺,19500,在售,,,南沙, 元/㎡(均价),总价70(万/套)
建发明珠湾玺,明珠湾,凤凰大道建发明珠湾玺,19500,在售,建面 36-72㎡,"0室, 1室",南沙, 元/㎡(均价),总价70-130(万/套)
金海岸花园观海,番禺客运站,广东省广州市番禺区金海岸大道87号,50000,在售,建面 220-318㎡,"4室, 5室",番禺, 元/㎡(均价),总价1130-1590(万/套)
敏捷东樾府,石滩镇,绿湖南路西南向,价格待定,待售,,,增城,,
润悦,荔城西区,广汕公路华润置地润悦,价格待定,待售,,,增城,,
中新知识城国际领军人才集聚区,知识城,狮龙大道中（凤凰湖北岸）,价格待定,待售,,,黄埔,,
广州城投未来智都,江夏,云康南路广州城投未来智都,价格待定,待售,,,白云,,
奥园湾区智谷,东涌,纵三路奥园湾区智谷,价格待定,待售,,,南沙,,
高新仕林苑,长岭居,广州黄埔长岭居萝岭路以东、长贤路以南,35000,在售,建面 99-181㎡,"3室, 4室, 5室",黄埔, 元/㎡(均价),总价360-720(万/套)
越秀白云星汇城,钟落潭,14号线钟落潭地铁站旁,价格待定,待售,,,白云,,
金茂万科都会四季商铺,白江,新塘镇东江大道和沿江大道交汇处,价格待定,待售,,,增城,,
国化广场,白云大道南,广东省广州市白云区云城北二路116号,价格待定,待售,,,白云,,
东基天河阳光,黄村,大观街东基·天河阳光,价格待定,待售,,,天河,,
中海江泰里,江燕路,广东省广州市海珠区江泰路46号,价格待定,待售,,,海珠,,
星河畔月湾,横沥,新广一路星河畔月湾,价格待定,待售,,,南沙,,
耀胜新世界广场,汉溪长隆,汉兴西路耀胜新世界广场,价格待定,待售,,,番禺,,
万科黄埔新城,南岗,广东省广州市黄埔区沙步大路12,价格待定,待售,,,黄埔,,
中建凤榕台,朱村,新时路中建凤榕台,价格待定,待售,,,增城,,
IN PARK星贸中心,科学城,广东省广州市黄埔区科学城联和街道映日路74号,价格待定,在售,,,黄埔,,
中建·星光城,石井,石沙路与朝阳联滘街交界处,价格待定,待售,,,白云,,
嘉禧天和,黄村,黄村康体路嘉禧天和,价格待定,待售,,,天河,,
金祥大厦,流花站前,站前路193号,价格待定,待售,,,荔湾,,
天鹅壹号,洪德,环岛路天鹅壹号,价格待定,待售,,,海珠,,
粤海·云港城,白云大道南,云城西路粤海·云港城,40000,在售,建面 129-148㎡,"3室, 4室",白云, 元/㎡(均价),总价580-660(万/套)
星河发展大厦,明珠湾,广东省广州市南沙区横沥镇星河发展大厦,价格待定,待售,,,南沙,,
迈谷·天河科融苑,车陂,车陂西路迈谷科融苑,价格待定,待售,,,天河,,
银帝云珹天地,白云大道南,云城东路银帝云珹天地,价格待定,待售,,,白云,,
广州力合科创中心,石井,石门街道广州力合科创中心,价格待定,待售,,,白云,,
城投天禧,智慧城,广州市天河区智慧城华观路与大观中路交界处(地铁21号线天河智慧城站B出口可达),43000,在售,建面 108-138㎡,"3室, 4室",天河, 元/㎡(均价),总价450-650(万/套)
建鑫荔棠雅苑,新塘北,广深大道中88号,价格待定,在售,,,增城,,
新世界·天馥,滘口,珠江桥南侧花卉研究所西侧,41000,在售,建面 76-139㎡,"3室, 4室",荔湾, 元/㎡(均价),总价295-620(万/套)
黄埔创新中心,黄埔区府,丰乐北路雅居乐黄埔创新中心,价格待定,待售,,,黄埔,,
珠江国际创业中心,新塘北,新塘镇创想路8号,价格待定,待售,,,增城,,
金茂万科都会四季,白江,新塘镇东江大道和沿江大道交汇处,价格待定,待售,,,增城,,
钧明欢乐世界,永宁,镇永和誉山国际山语一街5号一层,价格待定,待售,,,增城,,
铂玥明珠ONE,明珠湾,文字路铂玥明珠ONE,价格待定,待售,,,南沙,,
朗悦时光里,铁路西,瑞云路朗悦时光里,价格待定,待售,,,花都,,
鱼珠·星河里,大沙地,护林路2号（天河珠村东侧）,价格待定,待售,,,黄埔,,
广开云汇科技金融中心,科学城,科学大道广开云汇科技金融中心,28000,在售,建面 48-115㎡,"1室, 2室, 3室",黄埔, 元/㎡(均价),总价145-300(万/套)
珠江科技创新园,官洲,新滘东路珠江科技创新园,价格待定,待售,,,海珠,,
中海天幕湾,亚运城,兴亚五路中海天幕湾,36000,在售,建面 180-237㎡,4室,番禺, 元/㎡(均价),总价850(万/套)
云筑上品,夏茅,广东省广州市白云区鹤边细彭岭路4号,43000,在售,建面 88-142㎡,"3室, 4室",白云, 元/㎡(均价),总价350-670(万/套)
珠江铂世湾,雅居乐,江山帝景高尔夫东侧,价格待定,待售,,,番禺,,
首开保利.云湖壹号,夏茅,向西大道白云湖东门旁,47000,在售,建面 30㎡,1室,白云, 元/㎡(均价),总价140(万/套)
中建联投学府悦城,荔城西区,增城大道318号,28000,在售,,,增城, 元/㎡(均价),
五矿招商江天际,石井,广东省广州市白云区,价格待定,在售,,,白云,,
晟云台,龙归,广东省广州市白云区石湖新大路晟云台,35000,在售,,,白云, 元/㎡(均价),总价2200(万/套)
保利湖光悦色,赤岗,华洲路保利湖光悦色,价格待定,待售,,,海珠,,
保利云境,黄石,鹤联街保利云境,36000,在售,建面 68-110㎡,"1室, 2室",白云, 元/㎡(均价),总价250-310(万/套)
越秀·观樾,黄村,黄村街道越秀观樾,85000,在售,建面 125-250㎡,4室,天河, 元/㎡(均价),总价1100-2250(万/套)
海丝未来时区,知识城,龙湖街道海丝未来时区,价格待定,待售,,,黄埔,,
星灿大厦,黄村,大观街星灿大厦,价格待定,待售,,,天河,,
ing未来印,车陂,车陂街道未来印,价格待定,待售,,,天河,,
时代天逸,黄阁,黄阁地铁站A出口,价格待定,在售,,,南沙,,
星河·湾区壹号,金洲,金苑大街与金苑横街交叉口西,价格待定,待售,,,南沙,,
华宇·锦绣云赋,旧城区,从城大道风云岭段北侧,价格待定,待售,,,从化,,
升龙·学府上城,知识城,九龙大道,价格待定,待售,,,黄埔,,
越秀珠实天悦海湾,南沙港,南沙商贸大道天悦海湾,10000,在售,,,南沙, 元/㎡(均价),总价45(万/套)
中鼎书院上城,黄埔区府,丰乐北路68号,价格待定,待售,,,黄埔,,
富力富云山,江夏,黄石西街23号,价格待定,待售,,,白云,,
奥飞文创中心,知识城,创新大道以西、凤湖二路以北,价格待定,待售,,,黄埔,,
星际云汇,香雪,彩文路星际云汇,价格待定,待售,,,黄埔,,
招商湾区1872,东涌,港科大广州校区旁,价格待定,待售,,,南沙,,
越秀中国铁建南投海语天悦湾,明珠湾,凤凰大道越秀中国铁建南投海语天悦湾,价格待定,待售,,,南沙,,
云裳峯尚,同和,白水塘中街云裳峯尚,价格待定,待售,,,白云,,
卓越招商臻珑府,夏园,龙头路卓越招商臻珑府,价格待定,在售,,,黄埔,,
中洲紫轩,鱼珠,中山大道东中洲紫轩,价格待定,待售,,,黄埔,,
保利翔龙天汇,科学城,广汕公路黄陂地铁站B出口(第一一七中学旁),价格待定,待售,,,黄埔,,
天健天玺,长岭居,长岭街道岭头社区S379(永顺大道),价格待定,待售,,,黄埔,,
广州城投·天赋壹号,金融城,广东省广州市天河区临江大道北,价格待定,待售,,,天河,,
凯德双桥新作,大坦沙,裕福街凯德双桥新作,价格待定,待售,,,荔湾,,
合景月养云来,荔城西区,白石路合景月养云来,价格待定,待售,,,增城,,
广州白云站TOD粤胜广场,同德围,中国.广州白云站TOD,30000,在售,建面 2439㎡,1室,白云, 元/㎡(均价),总价7804.8(万/套)
琶洲公馆,琶洲中,新港东路608号,价格待定,待售,,,海珠,,
广州滨江上都璇湾,鹤洞,芳村大道南广州滨江上都,价格待定,待售,,,荔湾,,
大华城东瀚,朱村,朱村大道东大华城东瀚,26000,在售,,,增城, 元/㎡(均价),
明月豪庭,西门口,解放中路明月豪庭,28000,在售,建面 42-132㎡,2室,越秀, 元/㎡(均价),总价321(万/套)
新城市领院,东圃,桃园西路新城市领院,80000,在售,,,天河, 元/㎡(均价),总价1800(万/套)
晟云台,龙归,石湖新大路晟云台,价格待定,待售,,,白云,,
中国软件CBD,文冲,护林路中国软件CBD,价格待定,待售,,,黄埔,,
中国铁建招商蛇口西派天河序,沙太南,广东省广州市天河区牛利岗北街168号,85000,在售,建面 125-240㎡,4室,天河, 元/㎡(均价),总价1000-2400(万/套)
绿城·揽江印月,市桥,广州市番禺区沙头街道沙堤路700号汀岸花园,29000,在售,建面 110-180㎡,"3室, 4室",番禺, 元/㎡(均价),总价300-390(万/套)
珠江太古聚龙湾,芳村,达江路珠江太古聚龙湾,价格待定,待售,,,荔湾,,
保利琶洲四季,琶洲东,琶洲街道保利琶洲四季,40000,在售,建面 105-129㎡,3室,海珠, 元/㎡(均价),总价540(万/套)
学畔公馆,国际创新城,兴业大道学畔公馆,价格待定,待售,,,番禺,,
中国铁建西派澜岸,明珠湾,长沙村西街中国铁建西派澜岸,价格待定,待售,,,南沙,,
致景轩,广州大道南,广东省广州市海珠区华盛南路209号2层,52000,在售,建面 78-110㎡,"2室, 3室",海珠, 元/㎡(均价),总价380-615(万/套)
珺筑水岸,万顷沙,广州市南沙区灵心支线与万新大道交叉口西行500米,17000,在售,建面 138-156㎡,4室,南沙, 元/㎡(均价),总价230-265(万/套)
中海大境,广州大道南,新窖西路中海大境,90000,在售,建面 125-270㎡,"3室, 4室, 5室",海珠, 元/㎡(均价),总价1020-2700(万/套)
保利燕语堂悦,江燕路,广东省广州市海珠区工业大道中313号,61000,在售,建面 78-125㎡,"3室, 4室",海珠, 元/㎡(均价),总价450-780(万/套)
越秀天悦云啟,东涌,三沙公路越秀天悦云啟,价格待定,待售,,,南沙,,
能建天河麓誉府,高唐,广州天河奥体广汕二路高塘石地铁站往东约700米,42000,在售,建面 80-125㎡,"3室, 4室, 5室",天河, 元/㎡(均价),总价340-620(万/套)
英广瑧尚,沙河,先烈东横路英广瑧尚,价格待定,待售,,,天河,,
南沙开建·源筑新城,万顷沙,万新大道南沙开建·源筑新城,价格待定,在售,,,南沙,,
保利华创都荟天珺,员村,员村街道保利华创都荟天珺,100000,在售,建面 157-253㎡,"4室, 5室",天河, 元/㎡(均价),总价1500-3000(万/套)
保利滨江和著,大石,广东省广州市番禺区南村镇兴南大道368号,39000,在售,建面 86-142㎡,"3室, 4室",番禺, 元/㎡(均价),总价420-580(万/套)
西派尊府,明珠湾,33号路西派尊府,50000,在售,建面 278-370㎡,4室,南沙, 元/㎡(均价),总价1200-1800(万/套)
羊城时尚汇,永宁,新新公路羊城时尚汇,价格待定,待售,,,增城,,
星河·盛世锦城,雅居乐,市新公路星河·盛世锦城,价格待定,待售,,,番禺,,
鹏瑞金融城,东圃,黄埔大道东鹏瑞金融城,价格待定,待售,,,天河,,
保利琅悦,旧区,云山大道保利琅悦,24000,在售,建面 107-168㎡,"3室, 4室",花都, 元/㎡(均价),总价230-370(万/套)
越禧府,建设路,广州市越秀区先烈南路23号,价格待定,在售,,,越秀,,
星河盛世禧悦,开发东区,开创大道星河盛世禧悦,24000,在售,建面 88-108㎡,"3室, 4室",黄埔, 元/㎡(均价),总价210-270(万/套)
中旅·阿那亚·九龙湖,北兴镇,鸿鹤路微澜苑,23000,在售,建面 447-508㎡,"4室, 5室",花都, 元/㎡(均价),总价1050-1200(万/套)
天健东玥台,中新镇,中新地铁站A口,价格待定,待售,,,增城,,
珠江广场,滨江东,海珠区滨江东路835号,80000,在售,建面 55-122㎡,"2室, 3室",海珠, 元/㎡(均价),总价500-978(万/套)
品越华府,赤岗,金运路1号,140000,在售,建面 325㎡,5室,海珠, 元/㎡(均价),总价4700(万/套)
城投湖山雅筑,新区,商业大道城投湖山雅筑,23000,在售,建面 94-133㎡,"3室, 4室",花都, 元/㎡(均价),总价220-325(万/套)
知城翰林湖畔花园,知识城,创新大道知城翰林湖畔,18000,在售,建面 66-103㎡,"3室, 4室",黄埔, 元/㎡(均价),总价105-220(万/套)
保利锦上印,坑口,东漖街保利锦上印,价格待定,待售,,,荔湾,,
越秀万博城,汉溪长隆,万博CBD,51000,在售,建面 103-188㎡,4室,番禺, 元/㎡(均价),总价630-1000(万/套)
中国铁建花语上城,南沙区府,广州南沙蕉门河凤凰大道滨海实验学校（海语校区）对面,28500,在售,建面 98-140㎡,"3室, 4室",南沙, 元/㎡(均价),总价275-420(万/套)
越秀·大学城·和樾府·飞鸟集,国际创新城,兴业大道越秀·大学城·和樾府,20000,在售,建面 35-46㎡,1室,番禺, 元/㎡(均价),总价70-96(万/套)
中铁阅江来,南沙区府,黄阁南路中铁阅江来,24000,待售,建面 24-70㎡,1室,南沙, 元/㎡(均价),总价68-150(万/套)
领峯中心,科学城,联和街道岭胜广场,价格待定,待售,,,黄埔,,
大湾区诺德云城,同德围,广东省广州市白云区棠乐路161号,32000,在售,建面 35-75㎡,"1室, 2室, 3室",白云, 元/㎡(均价),总价110-219(万/套)
中建天钰,江燕路,广东省广州市海珠区工业大道南389号,60000,在售,建面 89-134㎡,"3室, 4室",海珠, 元/㎡(均价),总价498-818(万/套)
越秀·天荟江湾,工业大道南,广东省广州市海珠区大干围12号,800-1600,待售,建面 176-293㎡,,海珠, (万/套)(总价),
大壮名城,科学城,开泰大道与科丰路交汇处,50000,在售,建面 88-143㎡,"2室, 4室",黄埔, 元/㎡(均价),总价450-860(万/套)
中建未来方洲,文冲,石化路中建未来方洲,42000,在售,建面 79-142㎡,"3室, 4室",黄埔, 元/㎡(均价),总价320-650(万/套)
雍晟河滨广场,新城片区,城南路雍晟河滨广场,15500,在售,建面 58-98㎡,4室,从化, 元/㎡(均价),总价128-150(万/套)
智都绿城凤凰于飞,新区,广东省广州市花都区凤凰北路,23000,在售,建面 108-144㎡,"3室, 4室",花都, 元/㎡(均价),总价249-350(万/套)
广州城投禧悦时光,镜湖大道,花都区新雅街道安雅路1号,17000,在售,建面 78-118㎡,"3室, 4室",花都, 元/㎡(均价),总价125-210(万/套)
广地花园,星河湾,广东省广州市番禺区,40000,在售,,,番禺, 元/㎡(均价),总价450(万/套)
保利珠江印象&保利珠江天悦,东塱,广东省广州市荔湾区,48000,在售,建面 69-295㎡,4室,荔湾, 元/㎡(均价),总价1020-2200(万/套)
益云科创中心,龙归,广东省广州市白云区大源街道益云科创中心(建设中),价格待定,待售,,,白云,,
招商臻园,新塘北,永宁街新福路,价格待定,待售,,,增城,,
广州城投禧悦府,凤凰城,汽车城大道广州城投禧阅盛汇,38000,在售,,,增城, 元/㎡(均价),总价240(万/套)
中新知识城国际领军人才集聚区,知识城,广东省广州市黄埔区中新广州知识城凤凰四路17号,价格待定,待售,,,黄埔,,
中旅璞樾天序,旧区,广州市花都区秀全三街1-38号,19000,在售,建面 80-128㎡,"3室, 4室",花都, 元/㎡(均价),总价128-255(万/套)
花都城投翰林世家,花山镇,平西村十二队二街花都城投翰林世家,18000,在售,建面 131-171㎡,4室,花都, 元/㎡(均价),总价230-380(万/套)
增江创业广场,荔城增江,纬六路增江创业广场,7850,在售,建面 34-46㎡,1室,增城, 元/㎡(均价),总价26-37(万/套)
太古仓壹号,工业大道北,海珠区龙凤街金沙社区革新路,价格待定,待售,,,海珠,,
广开·云翰,知识城,广东省广州市黄埔区,20000,在售,建面 76-142㎡,3室,黄埔, 元/㎡(均价),总价170-300(万/套)
智都越秀臻智府,镜湖大道,广东省广州市花都区永利路,16800,在售,建面 78-108㎡,"3室, 4室",花都, 元/㎡(均价),总价130-180(万/套)
珠江壹城·禧悦花园,神岗镇,14号线神岗地铁站B出口,28000,在售,建面 31㎡,1室,从化, 元/㎡(均价),总价62(万/套)
保利翔龙天汇,科学城,广汕公路黄陂地铁站B出口(第一一七中学旁),27000,在售,,,黄埔, 元/㎡(均价),总价500(万/套)
广州兰园江悦,滘口,滘口大街12号,60000,在售,建面 193-285㎡,"4室, 5室",荔湾, 元/㎡(均价),总价900-1600(万/套)
黄埔新福港鼎峰,开发西区,广东省广州市黄埔区创业路103号,价格待定,待售,,,黄埔,,
市政君睿,增城区府,广州市增城区荔湖街道荔湖街道荔新一路7号之一,价格待定,在售,,,增城,,
君越府,三元里,广州市越秀区北站路71号君越府,价格待定,待售,,,越秀,,
黄埔润府,黄埔区府,大沙东路黄埔润府,价格待定,待售,,,黄埔,,
越秀·云悦,沙太南,京溪街道越秀云悦,价格待定,在售,,,白云,,
中交四航珠江春,鱼珠,鱼珠街道中交四航珠江春,价格待定,在售,,,黄埔,,
珠实·西关都荟,南岸路,内环路珠实·西关都荟,价格待定,待售,,,荔湾,,
广州之窗商务港,沥滘,广东省广州市海珠区振兴大街18号,价格待定,待售,,,海珠,,
越秀熙悦江湾,工业大道中,广纸商圈广纸东街AH050314地块,价格待定,待售,,,海珠,,
越秀珑悦西关,南岸路,河柳街越秀珑悦西关,50000,在售,建面 68-98㎡,"2室, 3室",荔湾, 元/㎡(均价),总价330-495(万/套)
招商林屿境,明珠湾,广东省广州市南沙区,30000,待售,建面 82-125㎡,,南沙, 元/㎡(均价),总价295(万/套)
中国美都,镜湖大道,广东省广州市花都区凤凰南路73号之九,10000,在售,建面 1020-1368㎡,"1室, 6室",花都, 元/㎡(均价),总价950-2000(万/套)
广州白云站.金街,同德围,广东省广州市白云区棠乐路161号,55000,在售,建面 30-90㎡,1室,白云, 元/㎡(均价),总价150-500(万/套)
云瀚府,东川路,白云路29-31号,43000,在售,建面 47-64㎡,"2室, 3室",越秀, 元/㎡(均价),总价202-275(万/套)
万博企业中心,汉溪长隆,汉溪大道东长隆万博悦府,40000,在售,建面 473-2979㎡,"4室, 16室",番禺, 元/㎡(均价),总价2000-12000(万/套)
广汇新世界金融中心,凤凰城,永宁街凤凰北横路1号,20000,在售,,,增城, 元/㎡(均价),总价650(万/套)
白云堡悦融居,东平,白云大道北白云堡悦融居,22000,在售,建面 294-439㎡,"4室, 6室",白云, 元/㎡(均价),总价944-1146(万/套)
凯旋新世界广粤观邸,珠江新城东,花城大道凯旋新世界广粤观邸,价格待定,在售,,,天河,,
越秀桂悦东晓,东晓路,东晓路越秀桂悦东晓,价格待定,在售,,,海珠,,
从化城投天悦湾,鳌头镇,宝珠大道380号,6000,在售,建面 50-113㎡,2室,从化, 元/㎡(均价),总价30-71(万/套)
领峯中心,科学城,黄埔区科学大道以北、开泰大道以西领峯中心,价格待定,待售,,,黄埔,,
中建白云之星,黄边,黄边北路63号,价格待定,待售,,,白云,,
珠江天河都荟,智慧城,高塘路珠江天河都荟,价格待定,待售,,,天河,,
星河臻华府,香雪,广州黄埔科学城云埔街道开创大道,价格待定,待售,,,黄埔,,
琶洲樾华樾,磨碟沙,新港东路琶洲樾华樾,价格待定,在售,,,海珠,,
中恒海晖城,小塘,佛山市南海区狮山镇桂丹路99号,9500,在售,建面 64-138㎡,"2室, 3室, 4室",南海, 元/㎡(均价),总价65-190(万/套)
泷景花园,澜石,澜石街道前进路19号,17500,在售,建面 85-189㎡,"3室, 4室",禅城, 元/㎡(均价),总价160-400(万/套)
太平洋国际花园,陈村,赤花白陈路1号,16000,在售,建面 60-225㎡,"2室, 3室, 4室",顺德, 元/㎡(均价),总价180-650(万/套)
嘉濠雅苑,北滘,佛山市顺德区陈村镇南涌芸香围105国道18号,10500,在售,建面 87-90㎡,2室,顺德, 元/㎡(均价),总价100(万/套)
天晟·海琴湾,丹灶,丹灶金沙大桥侧,8500,在售,建面 148-195㎡,"3室, 4室",南海, 元/㎡(均价),总价135-220(万/套)
光明花半里,罗村,狮山镇罗村大道南1号,12000,在售,建面 117-160㎡,3室,南海, 元/㎡(均价),总价125-138(万/套)
珠水豪庭,黄岐,黄岐北环路138号,32000,在售,建面 87-221㎡,"3室, 4室, 5室",南海, 元/㎡(均价),总价270-1000(万/套)
中信山语湖,里水,佛山市南海区里水镇和顺美景水库地段,9500,在售,建面 89-168㎡,"3室, 4室",南海, 元/㎡(均价),总价100-161(万/套)
美立方花园,狮山,狮山镇红星南路19号美立方花园,13000,在售,建面 90-143㎡,2室,南海, 元/㎡(均价),总价125-171(万/套)
东圣维拉,容桂,容里骏晖路3号,9000,在售,建面 100-156㎡,"3室, 4室",顺德, 元/㎡(均价),总价90-226(万/套)
广佛新世界,大沥,佛山市南海区狮山镇高尔夫路333号,15000,在售,建面 71-161㎡,"3室, 4室",南海, 元/㎡(均价),总价180-255(万/套)
藏珑华府,陈村,国通大道东2号,15000,在售,建面 95-171㎡,"2室, 3室",顺德, 元/㎡(均价),总价140-400(万/套)
博雅滨江,西南街道,佛山市三水区西南街道文锋西路55号,8800,在售,建面 112-349㎡,"3室, 4室, 5室",三水, 元/㎡(均价),总价100-310(万/套)
名铸家园,勒流,勒流育贤路8号,11800,在售,建面 93-195㎡,"3室, 4室, 5室",顺德, 元/㎡(均价),总价120-244(万/套)
美的鹭湖森林度假区,杨和,高明大道中218号,8900,在售,建面 77-115㎡,"2室, 3室",高明, 元/㎡(均价),总价62.3-93.1(万/套)
鸿安花园,北江新区,西青大道23号,8300,在售,建面 91-143㎡,"2室, 3室, 4室",三水, 元/㎡(均价),总价80-136(万/套)
欧浦花城,杨和,杨西大道133号,6000,在售,建面 97-115㎡,3室,高明, 元/㎡(均价),总价55-67(万/套)
明智雅苑,云东海街道,佛山市三水区云东海街道明海路1号,7500,在售,建面 106-149㎡,"3室, 4室",三水, 元/㎡(均价),总价100-150(万/套)
海骏达康格斯花园,大良西北区,105国道大良路段(大良古楼加油站旁),9500,在售,建面 88-153㎡,"3室, 4室",顺德, 元/㎡(均价),总价177-211(万/套)
丽日坚美森林湖,云东海街道,三水区云东海大道6号,7300,在售,建面 121-145㎡,"3室, 4室",三水, 元/㎡(均价),总价89-106(万/套)
丽日坚美森林湖,云东海街道,三水区云东海大道6号,12000,在售,建面 269-301㎡,"4室, 5室",三水, 元/㎡(均价),总价324-376(万/套)
金钻华府,乐从,乐从大道东A106号,11000,在售,建面 43-84㎡,"1室, 2室",顺德, 元/㎡(均价),总价55-115(万/套)
圣德嘉园,南庄,南庄镇南庄二马路102号,7500,在售,建面 87-106㎡,3室,禅城, 元/㎡(均价),总价73-90(万/套)
美的西江府,龙江,悦江路3号,8300,在售,建面 89-143㎡,4室,顺德, 元/㎡(均价),总价165-193(万/套)
天晟·海琴湾,丹灶,丹灶金沙大桥南侧,23000,在售,建面 248-813㎡,"5室, 6室, 7室",南海, 元/㎡(均价),总价700-2000(万/套)
金地艺境天成,大塘,广东省佛山市三水区大塘镇大布沙锦塘路12号,6500,在售,建面 85-140㎡,"2室, 3室",三水, 元/㎡(均价),总价60-95(万/套)
中粮珑湾祥云,湖景,东平路中粮珑湾祥云,22000,在售,建面 96-172㎡,"3室, 4室",禅城, 元/㎡(均价),总价190-320(万/套)
望德8号,湖景,奇槎华祥路10号,15500,在售,建面 87-117㎡,"3室, 4室",禅城, 元/㎡(均价),总价135-200(万/套)
金融街金悦府,云东海街道,广东省佛山市三水新城云庭大道7号（三水北站轻轨站旁）,9000,在售,建面 95-160㎡,"2室, 3室, 4室",三水, 元/㎡(均价),总价83-168(万/套)
中雅江湾,乐从,创富三路中交雅居乐中雅江湾,13000,在售,建面 98-140㎡,"3室, 4室",顺德, 元/㎡(均价),总价120-200(万/套)
坚美园,鹤山市,鹤山市沙坪街道鹤山大道南（汽车总站对面）,6600,在售,建面 76-161㎡,"3室, 4室",鹤山市, 元/㎡(均价),总价61-492(万/套)
南景湾山水城,鹤山市,鹤山市沙坪街道文明路南景华府旁（鹤山一中运动场南侧）,5988,在售,建面 115-178㎡,"3室, 4室",鹤山市, 元/㎡(均价),总价84-102(万/套)
中宝温馨家园,鹤山市,广东省江门市鹤山市前进南路36号,5800,在售,建面 83-145㎡,"2室, 3室, 4室",鹤山市, 元/㎡(均价),总价60-90(万/套)
电建地产·洺悦半岛,勒流,勒流街道电建地产·洺悦半岛,9500,在售,建面 105-171㎡,"3室, 4室",顺德, 元/㎡(均价),总价105-162(万/套)
雲璟上筑,伦教,龙州公路顺德汽车产业园,7500,在售,建面 27-38㎡,1室,顺德, 元/㎡(均价),总价23-46(万/套)
金地艺境天成,大塘,三水·大塘新城（珠三角环线北江东出口月亮湖旁）,12000,在售,建面 140-211㎡,"3室, 4室",三水, 元/㎡(均价),总价140-250(万/套)
保利新汇城,祖庙,禅城区佛罗公路45号之一,12500,在售,建面 86-122㎡,"3室, 4室",禅城, 元/㎡(均价),总价115-155(万/套)
金地艺境天成,大塘,广东省佛山市三水区大塘镇锦塘路12号,9000,在售,建面 13-253㎡,1室,三水, 元/㎡(均价),总价13-253(万/套)
创雄华府,北江新区,佛山市三水区西南街道建设二路2号,8800,在售,建面 101-128㎡,"3室, 4室",三水, 元/㎡(均价),总价85-123(万/套)
桂南星晴公馆,桂城,南桂东路桂南星晴公馆,18500,在售,建面 68-121㎡,"2室, 3室, 4室",南海, 元/㎡(均价),总价130-225(万/套)
泷景花园,澜石,澜石街道前进路19号,12000,在售,建面 28-78㎡,"1室, 3室",禅城, 元/㎡(均价),总价33-85(万/套)
中国铁建领秀公馆,北滘,广东省佛山市顺德区三乐路南7号,13000,在售,建面 90-142㎡,"2室, 3室, 4室",顺德, 元/㎡(均价),总价140-270(万/套)
华业丽景花园,鹤山市,鹤城325国道与270省道交汇处,5200,在售,建面 76-137㎡,"2室, 3室, 4室",鹤山市, 元/㎡(均价),总价41.6-79(万/套)
碧桂园天麓湖,鹤山市,江鹤高速共和出口天麓湖风景区,6000,在售,建面 84-120㎡,"2室, 4室",鹤山市, 元/㎡(均价),总价65-75(万/套)
中交·诚湾悦府,杏坛,佛山市顺德杏坛镇高新区德富路58号,11000,在售,建面 88-133㎡,"3室, 4室",顺德, 元/㎡(均价),总价80-185(万/套)
保利中交大都汇,绿岛湖,季华路保利中交大都汇,13000,在售,建面 75-142㎡,"3室, 4室",禅城, 元/㎡(均价),总价160-220(万/套)
阅海,里水,沿江北三路阅海,13000,在售,建面 90-452㎡,"2室, 3室, 4室",南海, 元/㎡(均价),总价120-280(万/套)
富佳和院,大沥,大沥振兴路60号,17000,在售,建面 82-122㎡,3室,南海, 元/㎡(均价),总价147-230(万/套)
润立华庭,大旺,大旺大道与政德街交汇处,5500,在售,建面 82-121㎡,"2室, 4室",四会, 元/㎡(均价),总价57-80(万/套)
君山新城,大旺,肇庆市大旺高新区建设路君山新城,6400,在售,建面 65-144㎡,"2室, 3室, 4室",四会, 元/㎡(均价),总价45-110(万/套)
御东方,大旺,大旺高新区工业大街与建设路交叉口东120米,6500,在售,建面 83-162㎡,"2室, 3室, 4室",四会, 元/㎡(均价),总价60-117.3(万/套)
唯美·臻岸华府,大良北区,新基北路唯美·臻岸华府,15000,在售,建面 98-234㎡,"3室, 4室, 5室",顺德, 元/㎡(均价),总价175-420(万/套)
金融街仙湖悦府,丹灶,丹灶镇仙湖度假区环湖路16号,10000,在售,建面 103-143㎡,"3室, 4室",南海, 元/㎡(均价),总价90-150(万/套)
东澳御园,大旺,高新区·大旺大道与政德大街交汇处,6000,在售,建面 79-98㎡,"3室, 4室",四会, 元/㎡(均价),总价45-60(万/套)
实地紫藤公馆,容桂,长业路1号,9000,在售,建面 93-127㎡,"3室, 4室",顺德, 元/㎡(均价),总价85-150(万/套)
君临天下（富士花园）,高要,肇庆市高要区白土镇高峰路6号,5000,在售,建面 54-151㎡,"2室, 3室, 4室",高要区, 元/㎡(均价),总价29.8-80(万/套)
星湖裕园,端州,端州区北岭七星路18号,9000,在售,建面 209-700㎡,"3室, 5室, 6室",端州区, 元/㎡(均价),总价175-780(万/套)
华福·珑熹水岸,荷城,荷城城区泰华路与学舟街交汇处（高明纪念中学旁）,7500,在售,建面 96-141㎡,"3室, 4室",高明, 元/㎡(均价),总价75-122(万/套)
天宝豪庭,杏坛,佛山市顺德区杏龙路37号,8800,在售,建面 96-120㎡,3室,顺德, 元/㎡(均价),总价85-138(万/套)
保利天际,千灯湖,海五路保利天际,13000,在售,建面 74-133㎡,1室,南海, 元/㎡(均价),总价170-210(万/套)
中交白兰春晓,祖庙,禅城区货站东路11号,17000,在售,建面 78-127㎡,"2室, 3室, 4室",禅城, 元/㎡(均价),总价125-230(万/套)
鹏瑞皓玥湾,大良新区,澄海东路鹏瑞皓玥湾,42000,在售,建面 280-350㎡,"4室, 5室",顺德, 元/㎡(均价),总价1120-1470(万/套)
保利华侨城云禧,三山,南海区三山新城长江路与科丰路交汇处,21000,在售,建面 87-171㎡,"3室, 4室",南海, 元/㎡(均价),总价185-450(万/套)
保利时光印象,容桂,合新路保利时光印象,11000,在售,建面 69-96㎡,3室,顺德, 元/㎡(均价),总价100-110(万/套)
绿城顺德杨柳郡,北滘,佛山市顺德区北滘镇高村村乐创路1号,16000,在售,建面 99-119㎡,"3室, 4室",顺德, 元/㎡(均价),总价160-200(万/套)
鸿业季华天地,湖景,季华六路鸿业季华天地,12000,在售,建面 48-95㎡,"1室, 2室, 4室",禅城, 元/㎡(均价),总价42-140(万/套)
瀚康华府,均安,顺德区均安镇均安三桥桥头均良路与华丰路交汇处,7500,在售,建面 90-119㎡,"3室, 4室",顺德, 元/㎡(均价),总价72-92(万/套)
复地公园和光,石湾,禅城区绿景路北侧、三友南路南侧,14000,在售,建面 73-117㎡,"2室, 3室",禅城, 元/㎡(均价),总价160-210(万/套)
鹤山帝豪居,鹤山市,鹤山市人民东路鹤山公园北门,8000,在售,建面 96-137㎡,"3室, 4室",鹤山市, 元/㎡(均价),总价83-91(万/套)
美的云悦江山,北滘,佛山市顺德区北滘镇高村村美的大道2号云和悦西园,16500,在售,建面 83-142㎡,"2室, 3室, 4室",顺德, 元/㎡(均价),总价143-255(万/套)
星星凯旋国际,祖庙,季华七路与南海大道的交汇处,11000,在售,建面 85-127㎡,"3室, 4室",禅城, 元/㎡(均价),总价138-178(万/套)
碧桂园云樾金沙,里水,南海里水大道南105号,16000,在售,建面 87-123㎡,"3室, 4室",南海, 元/㎡(均价),总价170-289(万/套)
凯蓝锦伦华庭,伦教,顺德伦教羊大路与康健路交汇处,11500,在售,建面 74-78㎡,3室,顺德, 元/㎡(均价),总价90-120(万/套)
时代灯湖天境,桂城,南海区千灯湖海八路旁,21000,在售,建面 88-106㎡,"3室, 4室",南海, 元/㎡(均价),总价180-260(万/套)
共和宝丰新城,鹤山市,共兴路共和宝丰新城销售中心,5800,在售,建面 100-120㎡,"3室, 4室",鹤山市, 元/㎡(均价),总价58-68(万/套)
中建顺控·云熙悦城,乐从,佛山新城·佛山一环与新桂路交汇处,10000,在售,建面 80-120㎡,"2室, 3室, 4室",顺德, 元/㎡(均价),总价80-150(万/套)
深业旗山雅苑,里水,南海区里水镇里水大道南沙涌下亨田村下亭一路1号,14000,在售,建面 84-114㎡,"3室, 4室",南海, 元/㎡(均价),总价110-170(万/套)
新希望金沙公馆,金沙洲,里广路南 62 号,23000,在售,建面 86-117㎡,"3室, 4室",南海, 元/㎡(均价),总价210-280(万/套)
中交泷湾云城,三山,中交泷湾云城营销中心,20000,在售,建面 85-139㎡,"2室, 3室, 4室",南海, 元/㎡(均价),总价155-283(万/套)
金辉辉逸云庭,南庄,佛山-季华路与紫洞路交汇处地铁2号线湖涌站-外国语学校旁,11000,在售,建面 67-115㎡,3室,禅城, 元/㎡(均价),总价90-110(万/套)
金辉辉逸云庭,南庄,佛山-季华路与紫洞路交汇处地铁2号线湖涌站-外国语学校旁,25000,在售,建面 125-142㎡,"4室, 5室",禅城, 元/㎡(均价),总价300-400(万/套)
星星凯旋国际,祖庙,"禅城区星辰路10号, 星辰路11号",28000,在售,,,禅城, 元/㎡(均价),总价3650(万/套)
广佛新世界,大沥,佛山市南海区狮山镇高尔夫路333号,28000,在售,建面 672㎡,3室,南海, 元/㎡(均价),总价1881(万/套)
新仕名府,伦教,南苑西路3号,9500,在售,建面 69-93㎡,"3室, 4室",顺德, 元/㎡(均价),总价83-142(万/套)
春风名苑,乐从,顺德区岳步村太平路与劳岳大道交叉路口往西北约150米,16500,在售,建面 70-119㎡,"2室, 3室",顺德, 元/㎡(均价),总价145-180(万/套)
中建映湖万黛,乐从,顺德区乐从镇大罗大道25号,13000,在售,建面 88-125㎡,"2室, 3室, 4室",顺德, 元/㎡(均价),总价118-166(万/套)
新仕名府,伦教,顺德区伦教街道南苑西路3号,12500,在售,建面 108-140㎡,"3室, 4室",顺德, 元/㎡(均价),总价129-175(万/套)
金融街金悦郡,云东海街道,三水新城三水北站西侧100米,9300,在售,建面 84-130㎡,"2室, 3室, 4室",三水, 元/㎡(均价),总价74-137(万/套)
欣雅苑,荷城,高明区荷城街道祥福路60号,6300,在售,建面 93-113㎡,"3室, 4室",高明, 元/㎡(均价),总价62-80(万/套)
鸿升春风里,鹤山市,广南线鸿升春风里,5500,在售,建面 69-91㎡,"1室, 3室",鹤山市, 元/㎡(均价),总价44.2-60(万/套)
天樾水岸,澜石,禅城区东平路·城市秀台旁（世纪莲对岸）,20000,在售,建面 95-181㎡,"2室, 3室, 4室",禅城, 元/㎡(均价),总价170-330(万/套)
润立丽苑,西樵,南海区西樵镇西樵建新路30号,7000,在售,建面 77-106㎡,"1室, 2室",南海, 元/㎡(均价),总价67-86(万/套)
颐安·雍悦华府,北江新区,三水区西南街道口岸大道22号,8800,在售,建面 90-146㎡,"2室, 3室, 4室",三水, 元/㎡(均价),总价84-240(万/套)
中建壹品·湖北文旅·东湖学府,容桂,容桂街道容里小学以南、容英路以东（东湖公园旁）,12000,在售,建面 88-144㎡,"2室, 3室, 4室",顺德, 元/㎡(均价),总价97-227(万/套)
美的·金地·新明珠·凤翔湾壹号,南庄,禅城区魁奇路石南大桥侧,14500,在售,建面 83-142㎡,"3室, 4室",禅城, 元/㎡(均价),总价158-200(万/套)
圣淘湾·美丽院子,龙江,顺德区龙江镇杏龙路6号至8号,8100,在售,建面 94-238㎡,"2室, 3室, 4室",顺德, 元/㎡(均价),总价98-285(万/套)
广域西江华府,白坭,佛山市三水区白坭镇人民东街30号,7000,在售,建面 81-94㎡,3室,三水, 元/㎡(均价),总价57-63(万/套)
樵顺高建广场,荷城,高明区荷城街道碧桂路135号,5300,在售,建面 81-142㎡,"2室, 3室",高明, 元/㎡(均价),总价43-80(万/套)
保利阅江台江缦,陈村,顺德区陈村镇华阳路东侧,20000,在售,建面 97-270㎡,4室,顺德, 元/㎡(均价),总价210-950(万/套)
龙湖江与城,伦教,顺德伦教·滨江新城,12000,在售,建面 85-122㎡,2室,顺德, 元/㎡(均价),总价102-114(万/套)
美的世茂滨江壹号,大良新区,顺德区大良街道德胜西路,15000,在售,建面 97-142㎡,"3室, 4室",顺德, 元/㎡(均价),总价140-260(万/套)
凯蓝滨江名门花园,容桂,顺德区容桂东堤路以南、乐安北路以东地块,12000,在售,建面 74-107㎡,"3室, 4室",顺德, 元/㎡(均价),总价115-145(万/套)
华侨城·纯水岸,鹤山市,鹤山市古劳镇西江河畔,4688,在售,建面 45-120㎡,"1室, 3室, 4室",鹤山市, 元/㎡(均价),总价23-65(万/套)
保利清能和府,云东海街道,三水区云东海街道映海路29号（佛山市华大星晖高级中学旁）,8900,在售,建面 81-113㎡,"2室, 3室, 4室",三水, 元/㎡(均价),总价67-108(万/套)
鸿升·江门玉兰花园,鹤山市,鹤城大道088号,5500,在售,建面 70-116㎡,"2室, 3室, 4室",鹤山市, 元/㎡(均价),总价46-64(万/套)
香缤天玺名苑,荷城,佛山高明荷城沿江路456号,6000,在售,建面 85-123㎡,"2室, 3室",高明, 元/㎡(均价),总价54-84(万/套)
中梁壹号院,北岭,学院路中梁壹号院,7500,在售,建面 96-180㎡,"4室, 5室",端州区, 元/㎡(均价),总价130-160(万/套)
金融街·顺德金悦府,陈村,广东省佛山市顺德区陈村镇横三路弼教段2号,13000,在售,建面 88-138㎡,"3室, 4室",顺德, 元/㎡(均价),总价130-240(万/套)
广域西江华府,白坭,三水区白坭镇人民东街30号,5500,在售,建面 28-31㎡,1室,三水, 元/㎡(均价),总价13.8-16.8(万/套)
中梁星图,西樵,南海区西樵镇樵誉路3号,8500,在售,建面 89-128㎡,"3室, 4室",南海, 元/㎡(均价),总价76-95(万/套)
勤天熹园,荷城,高明区西江新城荷香路与怡乐路交汇处,8300,在售,建面 75-109㎡,"2室, 3室",高明, 元/㎡(均价),总价65-90(万/套)
黎明嘉园,澜石,黎明路黎明嘉园,17500,在售,建面 94-111㎡,3室,禅城, 元/㎡(均价),总价159-188(万/套)
怡翠晋盛,乐从,顺德区乐从镇东平居委会佛山新城富华路7号,20000,在售,建面 101-364㎡,4室,顺德, 元/㎡(均价),总价260-575(万/套)
鸿升·春江明月（春江明月花园）,鹤山市,西江大堤鸿升·春江明月,7500,在售,建面 83-189㎡,"3室, 4室, 5室",鹤山市, 元/㎡(均价),总价60-198(万/套)
时代全球创客小镇,大沥,广东省佛山市南海区桂鸿大道,26000,在售,建面 96-239㎡,"3室, 4室",南海, 元/㎡(均价),总价230-800(万/套)
新城盛悦之光,陈村,顺德区陈村镇赤花社区勤政东路31号,19000,在售,建面 85-115㎡,"3室, 4室",顺德, 元/㎡(均价),总价160-220(万/套)
中交滨湖雅郡,大旺,肇庆市四会市大旺大道与曙光街东北侧,6600,在售,建面 85-168㎡,"3室, 4室",四会, 元/㎡(均价),总价75-135(万/套)
方直星耀国际,容桂,顺德区容边社区天河路,9800,在售,建面 89-127㎡,"2室, 3室, 4室",顺德, 元/㎡(均价),总价90-140(万/套)
美的卓越好时光,北滘,顺德区北滘镇裕和路（广佛环线北滘站旁）,13300,在售,建面 82-124㎡,"2室, 4室",顺德, 元/㎡(均价),总价110-235(万/套)
新希望悦珑湾,陈村,广州南·三龙湾·7号线陈村TOD万达旁,17500,在售,建面 25-125㎡,"1室, 2室, 3室",顺德, 元/㎡(均价),总价133-252(万/套)
美的·东樾湾,黄岐,佛山市南海区里水镇里水大道南138号,19500,在售,建面 85-145㎡,4室,南海, 元/㎡(均价),总价350(万/套)
泰丰千玺湾,湖景,绿景三路泰丰千玺湾,24000,在售,建面 133-143㎡,"3室, 4室",禅城, 元/㎡(均价),总价330-360(万/套)
海伦堡·汇银·玖悦澜湾,南庄,南庄大道东海伦堡·汇银·玖悦澜湾,11500,在售,建面 95-130㎡,"2室, 3室",禅城, 元/㎡(均价),总价120-162(万/套)
中南云锦,乐平,佛山市三水区乐平镇工业路,9300,在售,建面 79-110㎡,"2室, 3室",三水, 元/㎡(均价),总价76-85(万/套)
黎明嘉园,澜石,黎明路黎明嘉园,8300,在售,建面 72-177㎡,"2室, 3室",禅城, 元/㎡(均价),总价72-202(万/套)
明智雅苑,云东海街道,佛山市三水区云东海街道明海路1号,16500,在售,建面 238-560㎡,"4室, 6室",三水, 元/㎡(均价),总价372-800(万/套)
正荣力高·观山府,西樵,碧霞二路正荣力高·观山府,11000,在售,建面 89-120㎡,"2室, 3室",南海, 元/㎡(均价),总价95-145(万/套)
金地熙悦,北滘,顺德区北滘西海路与西海大道交汇处,12500,在售,建面 76-107㎡,2室,顺德, 元/㎡(均价),总价85-100(万/套)
建发德信三堂院,大沥,文华北路建发德信三堂院,17000,在售,建面 89-141㎡,"2室, 3室, 4室",南海, 元/㎡(均价),总价160-260(万/套)
信业汇景台,龙江,登东公路信业尚上名庭,10000,在售,建面 76-132㎡,"2室, 3室, 5室",顺德, 元/㎡(均价),总价85-171(万/套)
爱情·印玥万璟府,容桂,广东省佛山市顺德区聚福路20号,9500,在售,建面 69-103㎡,2室,顺德, 元/㎡(均价),总价65-89(万/套)
建发融创和玺,云东海街道,映云路建发融创和玺营销中心,15000,在售,建面 99-143㎡,4室,三水, 元/㎡(均价),总价250(万/套)
明日阳光,大良南区,广东省佛山市顺德区南国西路26号,8000,在售,建面 78-119㎡,"3室, 4室",顺德, 元/㎡(均价),总价68-105(万/套)
嘉濠雅苑,北滘,陈村镇南涌芸香围18号,8500,在售,建面 39-41㎡,1室,顺德, 元/㎡(均价),总价32.5-37(万/套)
粤海拾桂府,东平,文华南路粤海拾桂府,24000,在售,建面 95-200㎡,"3室, 4室, 5室",禅城, 元/㎡(均价),总价210-400(万/套)
远洋北控天成,里水,佛山市南海区里水镇赤坎村远洋北控天成,14800,在售,建面 85-128㎡,"3室, 4室",南海, 元/㎡(均价),总价130-230(万/套)
博源尚云府,西南街道,广东省佛山市三水区西南街道文锋西路53号博源尚云府营销中心,11000,在售,建面 135-210㎡,"3室, 4室",三水, 元/㎡(均价),总价150-300(万/套)
观景华府,云东海街道,广东省佛山市三水区桃园西路,8500,在售,建面 95-148㎡,"2室, 3室, 4室",三水, 元/㎡(均价),总价71-140(万/套)
万科璞悦山,三山,广东省佛山市南海区环岛东路8号,18500,在售,建面 87-235㎡,"3室, 4室",南海, 元/㎡(均价),总价170-1066(万/套)
旭辉恒基铂仕湾,张槎,忠信路旭辉恒基铂仕湾,15000,在售,建面 85-141㎡,"3室, 4室",禅城, 元/㎡(均价),总价130-204(万/套)
金地招商臻玥府,容桂,广东省佛山市顺德区顺丝路25号,10300,在售,建面 87-107㎡,"2室, 3室",顺德, 元/㎡(均价),总价100-135(万/套)
美的滨湖学府,里水,广东省佛山市南海区S361(里水大道南),17000,在售,建面 93-295㎡,"3室, 4室",南海, 元/㎡(均价),总价170-350(万/套)
大华紫樾府,张槎,智慧路大华紫樾府,17500,在售,建面 88-168㎡,"2室, 3室, 4室",禅城, 元/㎡(均价),总价180-650(万/套)
保利智慧云城,杏坛,顺德区新齐宁路与东乐路交叉口东南20米,9800,在售,建面 80-117㎡,"3室, 4室",顺德, 元/㎡(均价),总价80-120(万/套)
岭南澳苑,乐平,南边大道18-20号,6500,在售,建面 88-90㎡,3室,三水, 元/㎡(均价),总价62(万/套)
信业·珀丽湾,高要,万福路1号,4000,在售,建面 94-132㎡,"3室, 4室",高要区, 元/㎡(均价),总价49-68(万/套)
港龙滨江公园,伦教,广珠公路港龙·滨江公园,13500,在售,建面 83-136㎡,"3室, 4室, 5室",顺德, 元/㎡(均价),总价105-221(万/套)
金地中南新城大境,乐从,佛山市顺德乐从镇新隆村钢铁大道北侧,12000,在售,建面 77-106㎡,"2室, 3室",顺德, 元/㎡(均价),总价92-131(万/套)
华发滨江府,乐从,钢顺三路华发滨江府,17500,在售,建面 87-142㎡,"2室, 4室",顺德, 元/㎡(均价),总价155-300(万/套)
保利铂悦府,容桂,广东省佛山市顺德区昌德西路26号,10500,在售,建面 93-141㎡,"3室, 4室",顺德, 元/㎡(均价),总价91-170(万/套)
安联尚璟府,荷城,凤凰路安联尚璟府,10000,在售,建面 95-119㎡,"2室, 3室",高明, 元/㎡(均价),总价105-135(万/套)
恩歌源·享城,鼎湖,东进大道恩歌源·享城,4800,在售,建面 91-146㎡,"3室, 4室, 5室",鼎湖区, 元/㎡(均价),总价46-80(万/套)
义兴壹品,大旺,曙光街214-226号,5500,在售,建面 106-108㎡,3室,四会, 元/㎡(均价),总价58(万/套)
凯蓝江畔名轩,容桂,容港路凯蓝江畔名轩,10000,在售,建面 64-75㎡,2室,顺德, 元/㎡(均价),总价77-85(万/套)
建投恒福壹号,湖景,湖景路建投恒福壹号,33000,在售,建面 177-236㎡,4室,禅城, 元/㎡(均价),总价570-900(万/套)
灯湖首府,祖庙,佛山大道北48号,15000,在售,建面 66-111㎡,"2室, 3室",禅城, 元/㎡(均价),总价110-160(万/套)
鹤山·中汇名庭,鹤山市,鹤山大道鹤山·中汇名庭,7800,在售,建面 87-133㎡,"3室, 4室, 5室",鹤山市, 元/㎡(均价),总价65-130(万/套)
新华城,鹤山市,鹤山大道新华城,7500,在售,建面 78-213㎡,"2室, 3室, 4室",鹤山市, 元/㎡(均价),总价61-170(万/套)
远大建管帝景湾,伦教,伦常北路远大建管帝景湾,13000,在售,建面 85-140㎡,"2室, 3室, 4室",顺德, 元/㎡(均价),总价95-161(万/套)
越秀·御湖台,狮山,兴业北路越秀·御湖台,16000,在售,建面 95-240㎡,"3室, 4室",南海, 元/㎡(均价),总价150-473(万/套)
汇源新都,鹤山市,广东省江门市鹤山市,5700,在售,建面 88-100㎡,3室,鹤山市, 元/㎡(均价),总价45-63(万/套)
泰丰千语庭,澜石,澜石一路泰丰千语庭,17500,在售,建面 83-108㎡,"3室, 4室",禅城, 元/㎡(均价),总价150-200(万/套)
明智雅苑,云东海街道,佛山市三水区云东海街道明海路1号,13000,在售,建面 89㎡,1室,三水, 元/㎡(均价),总价80(万/套)
保利灯湖天珺,盐步,穗盐西路9号,30000,在售,建面 100-238㎡,"3室, 4室, 5室",南海, 元/㎡(均价),总价280-1000(万/套)
信业汇景台,龙江,登东公路信业汇景台,18000,在售,,,顺德, 元/㎡(均价),总价56(万/套)
侨银控股银湖湾畔,乐平,新城路南13号,13000,在售,建面 96-173㎡,"3室, 4室, 5室",三水, 元/㎡(均价),总价115-206(万/套)
三龙湾保利和颂,湖景,广东省佛山市禅城区华祥路,22000,在售,建面 86-143㎡,3室,禅城, 元/㎡(均价),总价245-405(万/套)
融佳臻园,西南街道,三水区西南街道塘福路1号,9800,在售,建面 89-180㎡,"3室, 4室",三水, 元/㎡(均价),总价87-230(万/套)
锦绣半岛,狮山,狮山镇办事处小小路1号,12000,在售,建面 100-205㎡,"3室, 4室",南海, 元/㎡(均价),总价176-410(万/套)
保利珺悦府,北滘,北滘新城美的大道站D出口,19500,在售,建面 119-240㎡,4室,顺德, 元/㎡(均价),总价480(万/套)
鸿升·春江明月（春江明月花园）,鹤山市,西江大堤鸿升·春江明月,15000,在售,建面 202-221㎡,6室,鹤山市, 元/㎡(均价),总价320-332(万/套)
保利珺悦府,北滘,美的大道保利珺悦府,26000,在售,建面 196㎡,4室,顺德, 元/㎡(均价),总价550(万/套)
城发·悦城峯境,张槎,东平路城发·悦城峯境,22000,在售,建面 178-345㎡,"3室, 4室",禅城, 元/㎡(均价),总价430-800(万/套)
樵顺花苑,荷城,大成路樵顺花苑,7500,在售,建面 91-120㎡,"3室, 4室",高明, 元/㎡(均价),总价71-93(万/套)
顺控金地熙悦湾,勒流,顺德区勒流街道南国西路以南、龙海路以西,8500,在售,建面 86-130㎡,"2室, 3室, 4室",顺德, 元/㎡(均价),总价75-115(万/套)
华福·金湾水岸,伦教,广东省佛山市顺德区,13000,在售,建面 94-175㎡,"2室, 4室",顺德, 元/㎡(均价),总价115-270(万/套)
保利天悦,千灯湖,清风西路保利天悦,18000,在售,建面 63-188㎡,"1室, 2室, 3室",南海, 元/㎡(均价),总价130-500(万/套)
锦绣春江花园,鼎湖,天后路锦绣春江花园,6000,在售,建面 71-126㎡,"2室, 3室, 4室",鼎湖区, 元/㎡(均价),总价48-79(万/套)
溪湾华府,,肇庆市高要区大湾镇平埔开发区怡发工业大道8号,4800,在售,建面 94-127㎡,"3室, 4室",高要区, 元/㎡(均价),总价39-53(万/套)
保利天汇,平洲,佛山市南海区清风路桂城街道,35000,在售,建面 128-299㎡,"4室, 5室",南海, 元/㎡(均价),总价330-1500(万/套)
凯景半岛,荷城,苏河路凯景半岛,8000,在售,建面 82-120㎡,"3室, 4室",高明, 元/㎡(均价),总价66-90(万/套)
啟骏琅逸轩,黄岐,广东省佛山市南海区黄海路26号,22000,在售,建面 105㎡,3室,南海, 元/㎡(均价),总价220(万/套)
保利三龙湾天珺,湖景,东平路保利三龙湾天珺,40000,在售,建面 192-354㎡,"4室, 5室",禅城, 元/㎡(均价),总价970-1600(万/套)
越秀星汇文瀚,平洲,夏东路越秀星汇文瀚,23000,在售,建面 85-115㎡,"3室, 4室",南海, 元/㎡(均价),总价175-275(万/套)
融基齐家湖壹号,乐平,佛山市三水区乐平镇儒家天下文化公园旁,9500,在售,建面 98-178㎡,"3室, 4室",三水, 元/㎡(均价),总价95-170(万/套)
天樾华园,澜石,广东省佛山市禅城区黎明路8号,15500,在售,建面 93-139㎡,"3室, 4室",禅城, 元/㎡(均价),总价140-238(万/套)
君汇熙庭,,汇林路君汇熙庭,6800,在售,建面 67-108㎡,"2室, 3室",四会, 元/㎡(均价),总价45-55(万/套)
城发灯湖悦园,祖庙,佛山市禅城区海五路与货站路交汇处,16000,在售,建面 83-118㎡,"2室, 3室, 4室",禅城, 元/㎡(均价),总价135-200(万/套)
保利新汇城,祖庙,广东省佛山市禅城区佛罗路45号,25000,在售,,,禅城, 元/㎡(均价),总价170(万/套)
捷和广场三期水溋坊,云东海街道,南丰大道捷和广场三期水溋坊,8600,在售,建面 80-119㎡,"2室, 3室, 4室",三水, 元/㎡(均价),总价68-118(万/套)
东建映月湖壹号,平洲,和洲路东建映月湖壹号,35000,在售,建面 160-320㎡,"4室, 5室",南海, 元/㎡(均价),总价500-1300(万/套)
华侨城天鹅堡二期,大良东区,佛山市顺德区大良街道欢乐大道2号,22000,在售,建面 109-315㎡,"3室, 4室, 5室",顺德, 元/㎡(均价),总价240-820(万/套)
建发融创和玺,云东海街道,广东省佛山市三水区韵丰路,25000,在售,建面 16-81㎡,1室,三水, 元/㎡(均价),总价60-160(万/套)
顺控•桂樾台,容桂,文海西路12号,9500,在售,建面 89-125㎡,"2室, 3室",顺德, 元/㎡(均价),总价85-125(万/套)
九峯台,荷城,高明区荷城街道秀湾路88号,9500,在售,建面 165-200㎡,4室,高明, 元/㎡(均价),总价156-190(万/套)
北岸美庐,乐从,佛山市顺德区沙滘北村美景路1号,10000,在售,建面 107-350㎡,"3室, 4室, 6室",顺德, 元/㎡(均价),总价128-400(万/套)
顺伦海心明月,伦教,顺德区彩虹路与奋业路交叉口东北120米,11000,在售,建面 75-120㎡,"2室, 3室",顺德, 元/㎡(均价),总价75-140(万/套)
保利琅悦,桂城,南海-石啃/桂澜路保利琅悦,25000,在售,建面 89-173㎡,"3室, 4室",南海, 元/㎡(均价),总价210-520(万/套)
建发灯湖天峯,大沥,广东省佛山市南海区新村大街23巷,32000,在售,建面 131-151㎡,4室,南海, 元/㎡(均价),总价400-500(万/套)
建发灯湖缦云,盐步,岳利沙路建发灯湖缦云,45000,在售,建面 175-338㎡,"4室, 5室",南海, 元/㎡(均价),总价700-2000(万/套)
华侨城半月岛纯水岸,湖景,东平路华侨城半月岛纯水岸,31000,在售,建面 140-227㎡,4室,禅城, 元/㎡(均价),总价350-873(万/套)
万科世纪灯湖·瑧府,千灯湖,华翠北路万科瑧府,50000,在售,建面 143-237㎡,"3室, 4室",南海, 元/㎡(均价),总价600-1100(万/套)
滨江嘉苑,,二塔路滨江嘉苑,9800,在售,建面 102-139㎡,"3室, 4室",端州区, 元/㎡(均价),总价110-140(万/套)
保利和著,平洲,深海路保利和著,24000,在售,建面 119-163㎡,4室,南海, 元/㎡(均价),总价270-490(万/套)
裕桂楼,桂城,广东省佛山市南海区南新一路9号,20000,在售,建面 91-114㎡,"2室, 3室",南海, 元/㎡(均价),总价180-220(万/套)
汇景园,鼎湖,民乐大道汇景园,5200,在售,建面 87-117㎡,"3室, 4室",鼎湖区, 元/㎡(均价),总价46-65(万/套)
丽江蓝湾,,文峰路丽江蓝湾,4900,在售,建面 67-84㎡,"2室, 3室",高要区, 元/㎡(均价),总价35-45(万/套)
怡亚通珑樾,岭南大道,文华中路怡亚通珑樾,22000,在售,建面 123-142㎡,3室,禅城, 元/㎡(均价),总价275-315(万/套)
新希望悦珑湾,陈村,广东省佛山市顺德区,25000,在售,,,顺德, 元/㎡(均价),总价139(万/套)
颐安·雍悦华府,北江新区,三水区西南街道口岸达到22号,20000,在售,建面 23-97㎡,1室,三水, 元/㎡(均价),总价50-160(万/套)
顺控博悦湾新翼,顺德碧桂园,佛山顺德北滘碧桂园社区科贤路1号,11000,在售,建面 123-138㎡,4室,顺德, 元/㎡(均价),总价166-186(万/套)
中盛龙骧水岸,大沥,佛山南海大沥广佛路太平牌坊旁,15500,在售,建面 88-118㎡,"2室, 3室",南海, 元/㎡(均价),总价150-203(万/套)
致美家园,狮山,佛山市南海区狮山镇博华路2号,16000,在售,建面 134-392㎡,"3室, 4室, 5室",南海, 元/㎡(均价),总价220-1000(万/套)
岭南华曦府,大良东区,东乐路岭南华曦府,17000,在售,建面 98-135㎡,"3室, 4室",顺德, 元/㎡(均价),总价166-243(万/套)
江鹤1号,鹤山市,大岗路江鹤1号,7000,在售,建面 89-143㎡,"3室, 4室",鹤山市, 元/㎡(均价),总价53-82(万/套)
春风潮鸣花园,鹤山市,江门鹤山市沙坪城区古劳水乡东坡公园旁,7750,在售,建面 83-103㎡,"3室, 4室",鹤山市, 元/㎡(均价),总价57-68(万/套)
春风潮鸣花园,鹤山市,沙坪街道春风潮鸣花园,10000,在售,建面 214-231㎡,"4室, 5室",鹤山市, 元/㎡(均价),总价220-235(万/套)
顺峰府,大良东区,广东省佛山市顺德区新桂中路9号,17000,在售,建面 90-300㎡,"2室, 3室, 4室",顺德, 元/㎡(均价),总价148-600(万/套)
新怡明德世家,盐步,佛山南海大沥皇朝西路与建设西路交汇处,13500,在售,建面 93-137㎡,"3室, 4室",南海, 元/㎡(均价),总价125-195(万/套)
东建天赋龙湾,张槎,佛山禅城张槎忠信路北侧、华富路西侧、智慧路南侧,18500,在售,建面 97-187㎡,"3室, 4室",禅城, 元/㎡(均价),总价150-403(万/套)
智信明轩,荷城,祥如路23号,6300,在售,建面 95-108㎡,3室,高明, 元/㎡(均价),总价57-68(万/套)
博雅滨江,西南街道,文锋西路55号花果山,20000,在售,建面 28-68㎡,1室,三水, 元/㎡(均价),总价57-137(万/套)
捷和广场三期水溋坊,云东海街道,南丰大道捷和广场三期水溋坊,25000,在售,建面 22-65㎡,1室,三水, 元/㎡(均价),总价104.4-164.9(万/套)
桐林天晋,盐步,南海-盐步/盐秀路1号之二,17000,在售,建面 89-115㎡,"2室, 3室",南海, 元/㎡(均价),总价137-201(万/套)
涛汇鎏金湾二期·瑞府,大良新区,佛山顺德大良南江社区德胜西路10号,15000,在售,建面 120-140㎡,"3室, 4室",顺德, 元/㎡(均价),总价195-225(万/套)
怡亚通珑樾,岭南大道,地铁湾华站北行约200米,18000,在售,,,禅城, 元/㎡(均价),总价1100(万/套)
藏珑华府,陈村,顺德-陈村/佛山广珠西线石洲出口西侧800米,8800,在售,建面 39-58㎡,"1室, 2室",顺德, 元/㎡(均价),总价30-50(万/套)
智富新天地,杏坛,佛山顺德杏坛高赞村高桂大道北28号,7800,在售,建面 72-107㎡,"3室, 4室",顺德, 元/㎡(均价),总价54-83(万/套)
中兴汇富居,鹤山市,铁夫路中兴汇富居,6800,在售,建面 76-189㎡,"3室, 4室, 5室",鹤山市, 元/㎡(均价),总价49-150(万/套)
桃园高尔夫豪庭,松岗,南海区狮山镇桃影路8号,20000,在售,建面 396-973㎡,"6室, 7室, 8室",南海, 元/㎡(均价),总价480-2300(万/套)
万和融禧公馆,千灯湖,桂城街道万和融禧公馆,17000,在售,建面 71-122㎡,"2室, 3室",南海, 元/㎡(均价),总价130-225(万/套)
大学城•禾粤,狮山,佛山南海狮山和众路3号,7500,在售,建面 88-123㎡,"3室, 4室",南海, 元/㎡(均价),总价70-100(万/套)
天健汇,车陂,车陂北路（天坤三路与健明四路交汇处）,37500,售罄,建面 36-51㎡,"1室, 3室",天河, 元/㎡(均价),总价135(万/套)
绿地云央,太和,草塘路5号,27500,售罄,建面 98-138㎡,"3室, 4室",白云, 元/㎡(均价),总价275(万/套)
智杰雅筑,河滨北路,向阳路32号,11000,售罄,建面 90-242㎡,"3室, 5室",从化, 元/㎡(均价),总价140(万/套)
南华时代城,铁路西,新华街工业大道18号,20000,售罄,建面 105-124㎡,3室,花都, 元/㎡(均价),总价220(万/套)
公园里（春晓花园）,荔城增江,广汕公路与增江大道南交汇处（天恩小学对面）,9800,售罄,建面 113-135㎡,3室,增城, 元/㎡(均价),
中森茗苑,新塘北,新塘石新路168号,21000,售罄,建面 85-88㎡,3室,增城, 元/㎡(均价),总价185(万/套)
宏诚海峰花园,江浦街,广州市从化区江埔街环市东路453号,价格待定,售罄,建面 79-134㎡,"2室, 3室, 4室",从化,,
越秀星汇云城,同和,广州大道北同宝路163号,53000,售罄,建面 78-122㎡,"2室, 3室, 4室",白云, 元/㎡(均价),总价550(万/套)
盈港国际,进港大道,广州市南沙区南沙街进港大道577号进港大道盈港国际,14500,售罄,建面 87-139㎡,"1室, 2室, 3室",南沙, 元/㎡(均价),总价140(万/套)
远东御江豪庭,茶滘,百花路58号（花地河畔）,40000,售罄,建面 85-127㎡,"0室, 2室, 3室",荔湾, 元/㎡(均价),总价343(万/套)
中海联南沙国贸中心,金洲,上隆岭路中海联南沙国贸中心,13000,售罄,建面 52-58㎡,2室,南沙, 元/㎡(均价),总价68(万/套)
家和天曜,黄村,大灵山路430号,33000,售罄,建面 43-52㎡,2室,天河, 元/㎡(均价),总价135(万/套)
大夫山尚东,市桥,禺山西路东桥大街68号,24000,售罄,建面 79-110㎡,"2室, 3室, 4室",番禺, 元/㎡(均价),总价220(万/套)
中鼎名汇,黄埔区府,广东省广州市黄埔区丰乐北路68号,23500,售罄,建面 49-86㎡,"1室, 2室",黄埔, 元/㎡(均价),总价170(万/套)
保利罗兰国际4期,科学城,开创大道2656号,41000,售罄,建面 54-172㎡,"1室, 2室, 3室",黄埔, 元/㎡(均价),总价450(万/套)
金地香山湖,永宁,永和新新大道15号,12000,售罄,建面 129-170㎡,4室,增城, 元/㎡(均价),总价160(万/套)
天马丽苑·悦璟湾,铁路西,新街大道望亭路8号,32000,售罄,建面 99-145㎡,"3室, 4室",花都, 元/㎡(均价),总价360(万/套)
增城一品山湖,荔城增江,增江街初溪村（广东工业大学华立学院旁和新建的北汽汽车城对面）,11000,售罄,建面 107-149㎡,"3室, 4室",增城, 元/㎡(均价),总价130(万/套)
中国铁建环球中心,南沙区府,广州市南沙区进港大道与丰泽西路交汇处,23000,售罄,,,南沙, 元/㎡(均价),
众筑•东山学府,环市东,东风东路737号（东风东路小学对面）,价格待定,售罄,建面 42-61㎡,"1室, 2室",越秀,,
万科海上传奇,芳村,芳村大道珠江隧道口以西,价格待定,售罄,,,荔湾,,
合景誉山国际,永宁,广园东新新公路中段,18000,售罄,,,增城, 元/㎡(均价),总价90(万/套)
华发荔湾荟,滘口,芳村大道西兴东路（郭村小区以南）,22000,售罄,建面 41-64㎡,"2室, 3室",荔湾, 元/㎡(均价),总价85(万/套)
广州国际空港中心,镜湖大道,迎宾大道以南,12000,售罄,建面 35-41㎡,"1室, 2室",花都, 元/㎡(均价),总价46(万/套)
招商臻园,新塘北,广园快速荔新出口新塘万达旁,18000,售罄,建面 95-143㎡,"3室, 4室, 5室",增城, 元/㎡(均价),总价230(万/套)
越秀臻悦府,镜湖大道,花都湖•凤凰南路,30000,售罄,建面 100-120㎡,4室,花都, 元/㎡(均价),总价290(万/套)
逸合中心,鹤洞,浣花路荔湾儿童公园西侧,34000,售罄,建面 30-59㎡,"2室, 3室",荔湾, 元/㎡(均价),总价155(万/套)
粤泰荣廷府,东川路,东华西路52-56号,价格待定,售罄,,,越秀,,
越秀国际总部广场,金洲,双山大道与金隆路交汇处,13500,售罄,建面 40-87㎡,"2室, 3室, 4室",南沙, 元/㎡(均价),总价70(万/套)
天河金街,天润路,天河北路曜一城广场负一楼,价格待定,售罄,,,天河,,
合家和府,旺城片区,城郊街城新路136号,12000,售罄,建面 90-124㎡,"2室, 3室",从化, 元/㎡(均价),总价120(万/套)
星河·湾区壹号,金洲,金苑大街与金苑横街交叉口西,13000,售罄,建面 39-73㎡,"1室, 2室, 3室",南沙, 元/㎡(均价),总价80(万/套)
祈福黄金海岸,赤坭镇,赤泥镇培正大道集益水库（培正学院旁）,7888,售罄,建面 73-151㎡,"2室, 3室, 4室",花都, 元/㎡(均价),总价58(万/套)
海航白云YH城,夏茅,鹤龙一路208号,价格待定,售罄,,,白云,,
嘉骏幸福里,旧城区,广州市从化区城郊安园街43号,15500,售罄,建面 89-106㎡,3室,从化, 元/㎡(均价),总价149(万/套)
保利合锦领秀山,荔城增江,增江街陆村村鹅春岭,10000,售罄,建面 100-139㎡,"3室, 4室",增城, 元/㎡(均价),
远洋招商保利东湾,朱村,广东省广州市增城区朱村大道西163号,20000,售罄,建面 96-110㎡,"3室, 4室",增城, 元/㎡(均价),总价188(万/套)
合汇璟园,增城碧桂园,荔城街荔湖大道397号,35000,售罄,建面 207-250㎡,4室,增城, 元/㎡(均价),总价800(万/套)
珠光御景壹號,黄沙,黄沙大道15-17号,65000,售罄,建面 50-100㎡,"1室, 2室, 3室",荔湾, 元/㎡(均价),总价400(万/套)
纵横缤城,新市,佳园街37-45号（单）,43000,售罄,建面 71-100㎡,"2室, 3室",白云, 元/㎡(均价),总价360(万/套)
广州大学城智慧谷,国际创新城,曾边大街思科智慧城,28600,售罄,建面 340㎡,1室,番禺, 元/㎡(均价),总价950(万/套)
鸿成珠江玥,万顷沙,广州市珠江街新广六路112号,19000,售罄,建面 77-100㎡,"2室, 3室",南沙, 元/㎡(均价),总价180(万/套)
华远雲和墅,东平,白云大道北大一大街23号,90000,售罄,建面 153-230㎡,"2室, 3室",白云, 元/㎡(均价),总价2000(万/套)
鸿成珠江玥,万顷沙,珠江街西新二路（西新社区旁）,价格待定,售罄,,,南沙,,
大壮国际广场,科学城,开泰大道601号,价格待定,售罄,,,黄埔,,
嘉骏幸福里,旧城区,广州市从化区城郊安园街43号,价格待定,售罄,,,从化,,
越秀臻悦府,镜湖大道,"凤凰南路, 越秀臻悦府",价格待定,售罄,,,花都,,
保利阅云台,新市,三元里大道1375号,45000,售罄,建面 99-108㎡,"3室, 4室",白云, 元/㎡(均价),总价450(万/套)
时代四季奕居,水荫,环市东水荫路70号,价格待定,售罄,,,越秀,,
南沙.越秀明珠天悦江湾,明珠湾,庙南路江灵路小学旁越秀明珠天悦江湾,30000,售罄,建面 80-178㎡,"3室, 4室",南沙, 元/㎡(均价),总价260(万/套)
中国铁建·花语岭南,金山谷,兴学路西侧,45000,售罄,建面 110-195㎡,"4室, 5室",番禺, 元/㎡(均价),总价650(万/套)
保利拾光年,知识城,广州市黄埔区知识城九龙大道保利拾光年,25500,售罄,建面 61-99㎡,"2室, 3室, 4室",黄埔, 元/㎡(均价),总价235(万/套)
天麟府,天河公园,黄埔大道中,150000,售罄,建面 113-213㎡,"3室, 4室",天河, 元/㎡(均价),总价1700(万/套)
越秀臻裕府,镜湖大道,凤凰南路,28000,售罄,建面 98-124㎡,"3室, 4室",花都, 元/㎡(均价),总价290(万/套)
世茂天越,五羊新城,五羊邨地铁站A出口（往南前行100米）,价格待定,售罄,,,越秀,,
合盛·秀丽庄园,小楼镇,小楼镇春天路2号,18600,售罄,建面 215㎡,5室,增城, 元/㎡(均价),总价500(万/套)
兰园·凤翎台,镜湖大道,凤凰南路,23800,售罄,建面 86-117㎡,"3室, 4室",花都, 元/㎡(均价),总价238(万/套)
领南星河荣誉,南沙港,南沙湾英东大道领南星河荣誉销售中心,28000,售罄,建面 97-131㎡,"3室, 4室, 5室",南沙, 元/㎡(均价),总价280(万/套)
兰园·凤翎台,镜湖大道,凤凰南路兰园·凤翎台,价格待定,售罄,,,花都,,
大华·紫悦府,市桥,禺山西路,27000,售罄,建面 97-125㎡,"2室, 3室, 4室",番禺, 元/㎡(均价),总价260(万/套)
大华·紫悦府,市桥,禺山西路（海伦堡创意园旁）,29000,售罄,,,番禺, 元/㎡(均价),总价90(万/套)
盛禾水悦城,石井,石门街珠岗路自编888号,价格待定,售罄,,,白云,,
龙湖天著,人和,广州市白云区人和镇规划二横路,26000,售罄,建面 94-139㎡,"3室, 4室",白云, 元/㎡(均价),总价230(万/套)
时代龙湖天著,人和,广东省广州市白云区人和镇规划二横路,23000,售罄,,,白云, 元/㎡(均价),总价65(万/套)
时代龙湖天著,人和,广东省广州市白云区人和镇规划二横路,价格待定,售罄,,,白云,,
珠江壹号,广州大道南,逸景路353号,40000,售罄,,,海珠, 元/㎡(均价),
珠江壹号,广州大道南,逸景路353号,价格待定,售罄,,,海珠,,
珠江壹号,广州大道南,逸景路353号,48000,售罄,建面 49-95㎡,"2室, 3室, 4室",海珠, 元/㎡(均价),总价240(万/套)
紫星华府,新港西,海珠广州大道南430号,70000,售罄,建面 43-104㎡,"1室, 2室, 3室",海珠, 元/㎡(均价),总价500(万/套)
中国铁建海悦国际,万顷沙,珠江街万悦二街1号,价格待定,售罄,,,南沙,,
璞悦台,市桥北,番禺区东环街道市新路69号,31000,售罄,建面 102-128㎡,"3室, 4室",番禺, 元/㎡(均价),总价320(万/套)
四海城商业广场,万博,汉溪大道东390号,30000,售罄,建面 2150㎡,31室,番禺, 元/㎡(均价),总价150(万/套)
建华广场,机场路,云城东路555号,价格待定,售罄,,,白云,,
智联汽车小镇,莲花山,金山大道东龙丰路段,价格待定,售罄,,,番禺,,
光大ONE+,永宁,香山大道与创盈路交汇处,30000,售罄,,,增城, 元/㎡(均价),总价200(万/套)
星樾山畔TOD,科学城,广州市黄埔区地铁7号线燕山站上盖,36500,售罄,建面 80-110㎡,"3室, 4室",黄埔, 元/㎡(均价),总价365(万/套)
星汇城,知识城,广东省广州市黄埔区,22000,售罄,建面 81-122㎡,"3室, 4室",黄埔, 元/㎡(均价),总价210(万/套)
时代云来（广州）,人和,广州市白云区人和镇18/22号线方石站旁,25000,售罄,建面 77-107㎡,"3室, 4室",白云, 元/㎡(均价),总价210(万/套)
万科金域曦府,花地湾,荔湾区地铁1号线花地湾站旁,55000,售罄,建面 72-132㎡,"2室, 3室, 4室",荔湾, 元/㎡(均价),总价550(万/套)
星河智荟,明珠湾,大涌东路与工业五路交叉路东北角,24000,售罄,建面 86-130㎡,"3室, 4室",南沙, 元/㎡(均价),总价250(万/套)
越秀和樾府,汉溪长隆,番禺大道与汉溪大道交汇处西侧,66000,售罄,建面 98-270㎡,"3室, 4室, 5室",番禺, 元/㎡(均价),总价700(万/套)
保利悦公馆,金山谷,番禺区万博金山谷旁（富豪山庄北门）,38000,售罄,建面 91-140㎡,"2室, 3室, 4室",番禺, 元/㎡(均价),总价345(万/套)
保利·明玥晨光,新区,凤凰北路马鞍山公园西南侧,27500,售罄,建面 89-138㎡,"3室, 4室",花都, 元/㎡(均价),总价260(万/套)
雅居乐天际715,芳村,岭海街12号,60000,售罄,建面 64-83㎡,2室,荔湾, 元/㎡(均价),总价387(万/套)
时代云来（广州）,人和,广州空港经济区·江人三路南,35000,售罄,,,白云, 元/㎡(均价),总价200(万/套)
保利阅云台,新市,三元里大道1375号,50000,售罄,建面 28㎡,1室,白云, 元/㎡(均价),总价300(万/套)
越秀国际总部广场,金洲,广东省广州市南沙区金隆路,25000,售罄,,,南沙, 元/㎡(均价),总价300(万/套)
建华广场,机场路,云城东路555号,价格待定,售罄,,,白云,,
景豪方大厦,北京路,大马站4、6、8号,价格待定,售罄,,,越秀,,
保利大都汇,汉溪长隆,汉溪大道与新光快速交汇处,30000,售罄,建面 1979-4504㎡,"6室, 10室",番禺, 元/㎡(均价),总价6000(万/套)
雅居乐滨江雅苑,太平镇,广从南路与太平西路交汇处,11500,售罄,建面 77-97㎡,"3室, 4室",从化, 元/㎡(均价),总价90(万/套)
中海联南沙国贸中心,金洲,上隆岭路中海联南沙国贸中心,18000,售罄,建面 122-243㎡,1室,南沙, 元/㎡(均价),总价120(万/套)
明珠湾壹号,明珠湾,江灵南路与纵三路交汇处,50000,售罄,建面 320-380㎡,3室,南沙, 元/㎡(均价),总价1588(万/套)
中国铁建环球中心,南沙区府,丰泽西路中国铁建环球中心,12600,售罄,建面 38-49㎡,1室,南沙, 元/㎡(均价),总价75(万/套)
保利湾上,黄阁,南沙保利城售楼部,22000,售罄,建面 77-110㎡,"2室, 3室, 4室",南沙, 元/㎡(均价),总价200(万/套)
奥园中新城市天地,中新镇,广东省广州市增城区风光路360,21500,售罄,建面 76-98㎡,"3室, 4室",增城, 元/㎡(均价),总价185(万/套)
合景臻玥广场,科学城,广州市黄埔区科翔路76号臻玥广场售楼部（美国人学校对面）,55000,售罄,,,黄埔, 元/㎡(均价),总价1600(万/套)
逸合中心,鹤洞,浣花路,价格待定,售罄,,,荔湾,,
中建弘阳德信·湾璟壹号,万顷沙,兴隆路(美的南沙工业园东南侧约250米),20000,售罄,建面 78-119㎡,"3室, 4室",南沙, 元/㎡(均价),总价180(万/套)
万科城市之光,文冲,广东省广州市黄埔区黄埔东路731号,50000,售罄,建面 84-170㎡,"3室, 4室",黄埔, 元/㎡(均价),总价450(万/套)
越秀·星汇文玺,国际创新城,华南理工大学广州国际校区旁,38000,售罄,建面 78-117㎡,"2室, 3室, 4室",番禺, 元/㎡(均价),总价370(万/套)
中交国际邮轮广场,南沙港,广州市南沙区港前大道南沙科技馆对面,24000,售罄,建面 467㎡,1室,南沙, 元/㎡(均价),总价845(万/套)
美的江上沄启,明珠湾,广东省广州市南沙区横沥镇凤凰二桥,30000,售罄,建面 98-140㎡,"2室, 3室",南沙, 元/㎡(均价),总价300(万/套)
番禺敏捷广场,万博,番禺大道北331号,价格待定,售罄,,,番禺,,
金地半山风华,永宁,新新大道北金地半山风华,12000,售罄,建面 66-106㎡,"2室, 3室",增城, 元/㎡(均价),总价120(万/套)
美的江上沄启,明珠湾,横沥镇晓风印月东三街1号,19500,售罄,建面 37-62㎡,"2室, 4室",南沙, 元/㎡(均价),总价74(万/套)
领南星河荣誉,南沙港,南沙区英东大道领南星河荣誉销售中心,价格待定,售罄,,,南沙,,
领南星河荣誉,南沙港,南沙区英东大道,34000,售罄,,,南沙, 元/㎡(均价),总价160(万/套)
中建玖玥湾,南沙港,港前大道北中建玖玥湾,35000,售罄,建面 100-140㎡,"3室, 4室",南沙, 元/㎡(均价),总价400(万/套)
中交国际邮轮广场,南沙港,广州市南沙区港前大道南沙科技馆对面,价格待定,售罄,,,南沙,,
中海联睿品,新塘北,民营大道东（新塘客运站南300米）,30000,售罄,,,增城, 元/㎡(均价),总价150(万/套)
合景臻玥广场,科学城,广东省广州市黄埔区科翔路76号,55000,售罄,建面 313-322㎡,5室,黄埔, 元/㎡(均价),总价1721(万/套)
保利越秀·天启,鹤洞,广州市荔湾区芳村大道东5-1号、5-2号,50000,售罄,建面 88-119㎡,"2室, 3室, 4室",荔湾, 元/㎡(均价),总价600(万/套)
越秀星寰TOD,钟村,广州市番禺区钟村街博鸿三路38号,36000,售罄,建面 89-133㎡,"2室, 3室, 4室",番禺, 元/㎡(均价),总价320(万/套)
铂玥明珠ONE,明珠湾,广东省广州市南沙区义沙东路,28000,售罄,建面 79-113㎡,"2室, 3室, 4室",南沙, 元/㎡(均价),总价250(万/套)
保利南方财经大厦,金融城,天河国际金融城金融方城（近临江大道）,42000,售罄,建面 353㎡,6室,天河, 元/㎡(均价),总价1500(万/套)
越秀·星汇文玺,国际创新城,华南理工大学广州国际校区旁,18000,售罄,建面 32-80㎡,"1室, 4室",番禺, 元/㎡(均价),总价150(万/套)
招商保利海珠天珺,黄埔村,海珠区新港东路招商保利·海珠天珺项目部,100000,售罄,建面 137-262㎡,4室,海珠, 元/㎡(均价),总价1200(万/套)
凯得金融中心,科学城,广东省广州市黄埔区科学大道239号,26000,售罄,建面 1001-1002㎡,1室,黄埔, 元/㎡(均价),总价2600(万/套)
越秀明珠天悦江湾,明珠湾,庙南路越秀明珠天悦江湾,27000,售罄,,,南沙, 元/㎡(均价),总价900(万/套)
星汇城,知识城,知识城镇龙地铁站C出口,15000,售罄,,,黄埔, 元/㎡(均价),总价60(万/套)
保利西悦湾,坑口,东漖南路保利西悦湾,价格待定,售罄,,,荔湾,,
凯德双桥新作,大坦沙,广东省广州市荔湾区裕福街35号,50000,售罄,建面 74-128㎡,"2室, 3室, 4室",荔湾, 元/㎡(均价),总价450(万/套)
保利时代,江浦街,广东省广州市从化区灌村路凤鸣西四街5号,22000,售罄,,,从化, 元/㎡(均价),总价75(万/套)
金地半山风华,永宁,新新大道北金地半山风华,价格待定,售罄,,,增城,,
金地半山风华,永宁,新新大道北金地半山风华,22500,售罄,,,增城, 元/㎡(均价),总价100(万/套)
招商保利海珠天珺,黄埔村,新港东路保利海珠天珺,30000,售罄,建面 85-137㎡,"3室, 4室",海珠, 元/㎡(均价),总价300(万/套)
招商保利海珠天珺,黄埔村,新港东路保利海珠天珺,50000,售罄,,,海珠, 元/㎡(均价),总价330(万/套)
保利时光印象,金洲,金岭南路保利时光印象,18000,售罄,建面 68-118㎡,"3室, 4室",南沙, 元/㎡(均价),总价130(万/套)
美的江上沄启,明珠湾,横沥镇晓风印月东三街1号,27000,售罄,,,南沙, 元/㎡(均价),总价100(万/套)
万科云都荟,三元里,机场路万科云都荟,价格待定,售罄,,,白云,,
宏鼎广场,机场路,云城西路宏鼎广场,价格待定,售罄,,,白云,,
中国铁建环球中心,南沙区府,广东省广州市南沙区S358(进港大道),28000,售罄,,,南沙, 元/㎡(均价),
富豪山庄·领峰,富豪山庄,番禺区东环街市广路232号富豪大厦,30000,售罄,建面 53-107㎡,1室,番禺, 元/㎡(均价),总价159(万/套)
万科·瑧山府,白云大道南,广东省广州市白云区白云大道788号,78000,售罄,建面 110-193㎡,"2室, 3室, 4室",白云, 元/㎡(均价),总价936(万/套)
越秀·星汇文玺,国际创新城,华南理工大学广州国际校区旁,38000,售罄,,,番禺, 元/㎡(均价),总价90(万/套)
中建玖玥湾,南沙港,南沙-明珠湾/港前大道北与下湾东街交叉口西北320米,17000,售罄,建面 38-65㎡,"1室, 2室, 3室",南沙, 元/㎡(均价),总价76(万/套)
金侨岭南院,石楼,莲湖路1号,价格待定,售罄,,,番禺,,
越秀滨江樾,滨江西,滨江西路256号,90000,售罄,建面 195-298㎡,4室,海珠, 元/㎡(均价),总价1800(万/套)
珠光小北御景,小北,越秀北路,价格待定,售罄,,,越秀,,
云星汇,江夏,广云路云星汇,价格待定,售罄,,,白云,,
香江健康小镇三期一方小院,派潭镇,达开北路香江健康小镇三期一方小院,价格待定,售罄,,,增城,,
中铁诺德·阅泷,江高镇,广花路430号,价格待定,售罄,,,白云,,
富力新城,开发东区,广东省广州市黄埔区笔村大路85,43000,售罄,建面 71-81㎡,1室,黄埔, 元/㎡(均价),总价355(万/套)
益乐邻里,黄石,机场路益乐邻里,价格待定,售罄,,,白云,,
琶洲One57,磨碟沙,广东省广州市海珠区新港东路107号,55000,售罄,建面 34-67㎡,"1室, 3室",海珠, 元/㎡(均价),总价230(万/套)
盛禾水悦城,石井,珠岗路盛禾水悦城,价格待定,售罄,,,白云,,
亿凯创智汇,太和,北太路亿凯创智汇,14000,售罄,建面 64㎡,3室,白云, 元/㎡(均价),总价50(万/套)
嘉裕华庭,市桥,繁华路170号,价格待定,售罄,,,番禺,,
保利罗兰国际（商业）,科学城,开创大道保利罗兰国际,40000,售罄,,,黄埔, 元/㎡(均价),总价350(万/套)
华润置地润府,嘉禾望岗,鹤龙三路自编4号,价格待定,售罄,,,白云,,
珠光御景壹號,黄沙,黄沙大道15-17号,价格待定,售罄,,,荔湾,,
中建玖玥湾,南沙港,港前大道北中建玖玥湾,价格待定,售罄,,,南沙,,
禧都华庭,铁路西,新街大道100号,28000,售罄,建面 40㎡,1室,花都, 元/㎡(均价),总价114(万/套)
建华广场,机场路,云城东路555号,价格待定,售罄,,,白云,,
金地云上,中新镇,新新大道 118省道与新墩路交叉口西南220米,20000,售罄,,,增城, 元/㎡(均价),总价95(万/套)
东环万科中心,市桥北,广州市番禺区东环街东星路90号,价格待定,售罄,,,番禺,,
南国中心,汉溪长隆,广东省广州市番禺区南村镇里仁洞村冼庄工业园瑞华汽车城,价格待定,售罄,,,番禺,,
力迅·西关雅筑,西华路,中山七路与康王北路交汇处,价格待定,售罄,,,荔湾,,
星樾山畔TOD,科学城,地铁7号线2期水西北站旁(敏捷广场旁),40000,售罄,,,黄埔, 元/㎡(均价),总价200(万/套)
金地天河峯睿,车陂,健明五路与广棠路交叉路口东北侧(国六宝肉菜市场南侧约100米),价格待定,售罄,,,天河,,
中建弘阳德信湾璟壹号,万顷沙,兴隆路(美的南沙工业园东南侧约250米),价格待定,售罄,,,南沙,,
珠江壹号,广州大道南,逸景路353号,价格待定,售罄,,,海珠,,
鸿成珠江玥,万顷沙,珠江路一巷1号,价格待定,售罄,,,南沙,,
长兴智汇商务中心,五山,广州市天河区长福路219号,价格待定,售罄,,,天河,,
颐和盛世,炭步,炭步镇817乡道,价格待定,售罄,,,花都,,
禧都华庭,铁路西,工业大道17号之二,28000,售罄,建面 40㎡,1室,花都, 元/㎡(均价),总价114(万/套)
保利雅郡,广钢新城,鹤洞路保利雅郡,45000,售罄,建面 69-109㎡,"3室, 4室",荔湾, 元/㎡(均价),总价398(万/套)
叠翠峰,南沙区府,南沙凤凰大道与丰泽西路交汇处叠翠峰,35000,售罄,,,南沙, 元/㎡(均价),
云星钱隆天誉,太平镇,高技术产业园丰盈路7号,18000,售罄,,,从化, 元/㎡(均价),
龙光·玖龙湖,大旺,肇庆市大旺高新区大旺大道龙光·玖龙湖,6500,售罄,建面 39-78㎡,"2室, 3室",四会, 元/㎡(均价),总价30(万/套)
碧桂园翡翠郡,大旺,广东省肇庆市四会东城街道上元塘5号,5300,售罄,建面 87-116㎡,"3室, 4室",四会, 元/㎡(均价),
保利爱乐小镇,大旺广场,肇庆市大旺高新区大旺大道和文德七街交汇处,5800,售罄,建面 71-143㎡,"2室, 3室, 4室",四会市, 元/㎡(均价),总价50(万/套)
龙光玖誉城,鼎湖,新区·核芯商务区中央绿轴旁,9300,售罄,建面 82-121㎡,"2室, 3室, 4室",鼎湖区, 元/㎡(均价),总价90(万/套)
碧桂园明珠花园,大旺,广东省肇庆市四会市东城街道上元塘5号（碧桂园翡翠郡售楼中心）,5500,售罄,建面 87-98㎡,3室,四会, 元/㎡(均价),总价50(万/套)
恒大名都,大旺,元塘路与文元路交叉口西北,6400,售罄,建面 108-132㎡,"3室, 4室",四会, 元/㎡(均价),总价50(万/套)
新鸿基御华园,狮岭镇,广州花都狮岭狮岭大道东1号,15000,在售,建面 67-119㎡,"2室, 3室",花都, 元/㎡(均价),总价88-180(万/套)
荔富湖畔,朱村,朱村街朱村大道东88号,14000,在售,建面 104-168㎡,"3室, 4室",增城, 元/㎡(均价),总价142-235(万/套)
大城云山,太平镇,广从南路1033号,13000,在售,建面 121-142㎡,3室,从化, 元/㎡(均价),总价250(万/套)
湾际·滨江,进港大道,滨海路和倚涛三街交汇处,26000,在售,建面 89-172㎡,"3室, 5室, 6室",南沙, 元/㎡(均价),总价180-350(万/套)
南沙金茂湾,明珠湾,南沙明珠湾灵山岛尖沙嘴中路以南,16000,在售,建面 138-230㎡,1室,南沙, 元/㎡(均价),总价455(万/套)
顺欣花园,新塘北,荔新十二路98号,14800,在售,建面 80-138㎡,"2室, 3室, 4室",增城, 元/㎡(均价),总价124.3-226(万/套)
珠光山水御苑,江浦街,广州市从化温泉大道13号,8000,在售,建面 141-171㎡,4室,从化, 元/㎡(均价),总价175(万/套)
霍英东集团·南天名苑,洛溪,洛浦街洛溪环岛北路8号,90000,在售,建面 140-480㎡,"4室, 5室",番禺, 元/㎡(均价),总价1120-6300(万/套)
合汇·中央广场,荔城中区,荔景大道合汇·中央广场,21000,在售,建面 78-174㎡,"2室, 3室, 5室",增城, 元/㎡(均价),总价267-574(万/套)
惠百氏广场,白江,增城新塘大林边路6号（13号线白江站D1口100米）,15000,在售,建面 75-130㎡,"2室, 3室",增城, 元/㎡(均价),总价126-239(万/套)
仁安花园,朱村,广州市增城区朱村街朱宁公路1号、3号、5号,11000,在售,建面 80-93㎡,"2室, 3室",增城, 元/㎡(均价),总价100-110(万/套)
珠江源昌花园,横沥,珠江街新广三路1号,20000,在售,建面 79-123㎡,"3室, 4室",南沙, 元/㎡(均价),总价235-250(万/套)
江源半岛花园,金融城,黄埔大道车陂南路1、3、5、7号(4、5号线地铁交汇处南侧),100000,在售,建面 70-127㎡,"2室, 3室",天河, 元/㎡(均价),总价630-963(万/套)
东方名都,白江,东江大道北8号,19000,在售,建面 40-142㎡,"2室, 3室, 4室",增城, 元/㎡(均价),总价200-348(万/套)
富雅都市华庭,新塘北,汇太东路233号,15600,在售,建面 38-116㎡,"1室, 3室, 4室",增城, 元/㎡(均价),总价65-220(万/套)
万科幸福誉1期,知识城,中新知识城•地铁何棠下站（麦当劳旁）,31000,在售,建面 66-166㎡,4室,黄埔, 元/㎡(均价),总价550(万/套)
雍晟岭南雅苑,江浦街,江埔街大江路13号,16000,在售,建面 89㎡,,从化, 元/㎡(均价),总价145(万/套)
臻尚苑,广州南站,广州市番禺区石壁街道石洲中路100号,28000,在售,建面 96-118㎡,"2室, 3室",番禺, 元/㎡(均价),总价280-472(万/套)
紫泉流溪湾,太平镇,105国道从化太平段紫泉流溪湾,16000,在售,建面 88-203㎡,,从化, 元/㎡(均价),总价195(万/套)
中泰天境,知识城,九龙镇萝岗广汕公路与九龙大道交汇处,23000,在售,建面 130㎡,4室,黄埔, 元/㎡(均价),总价300(万/套)
嘉御豪庭,石滩镇,石滩大道南128号,12600,在售,建面 67-133㎡,"2室, 3室, 4室",增城, 元/㎡(均价),总价97-170(万/套)
越秀星汇海珠湾,工业大道中,广州市海珠区工业大道中广纸路40号,30000,在售,建面 33-223㎡,"3室, 4室, 5室",海珠, 元/㎡(均价),总价300-750(万/套)
华海·悦湾,南沙港,广州市南沙区黄山鲁森林公园东门,17500,在售,建面 78-119㎡,"2室, 3室",南沙, 元/㎡(均价),总价130-220(万/套)
中海亚运城,亚运城,广州市番禺区康体路亚运城销售中心（4号线海傍站A出口）,25000,在售,建面 87-250㎡,"2室, 3室, 4室",番禺, 元/㎡(均价),总价200-700(万/套)
金时花园,荔城增江,增江街纬六路5号,9300,在售,建面 84-140㎡,"2室, 3室, 4室",增城, 元/㎡(均价),总价78-131(万/套)
山璟轩,新塘南,新塘镇广深大道东107号（新塘牛仔城对面）,19500,在售,建面 62-87㎡,3室,增城, 元/㎡(均价),总价120-125(万/套)
石滩第一城,石滩镇,广州市增城区石滩镇立新东路56号,12000,在售,建面 89-132㎡,3室,增城, 元/㎡(均价),总价155-160(万/套)
南沙珠江湾,南沙湾,漾滨路和海滨路交汇处,30000,在售,,,南沙, 元/㎡(均价),总价318(万/套)
景业东湖洲豪园,南沙湾,广东省广州市南沙区环市大道南横地铁站200米,26000,在售,建面 95-121㎡,3室,南沙, 元/㎡(均价),总价320-330(万/套)
珠江花城,黄村,东圃岐山183号,50000,在售,建面 76-140㎡,"3室, 4室, 5室",天河, 元/㎡(均价),总价400-900(万/套)
新鸿基御华园,狮岭镇,广州花都狮岭狮岭大道东1号,15000,在售,建面 67-119㎡,"2室, 3室",花都, 元/㎡(均价),总价88-180(万/套)
荔富湖畔,朱村,朱村街朱村大道东88号,14000,在售,建面 104-168㎡,"3室, 4室",增城, 元/㎡(均价),总价142-235(万/套)
大城云山,太平镇,广从南路1033号,13000,在售,建面 121-142㎡,3室,从化, 元/㎡(均价),总价250(万/套)
湾际·滨江,进港大道,滨海路和倚涛三街交汇处,26000,在售,建面 89-172㎡,"3室, 5室, 6室",南沙, 元/㎡(均价),总价180-350(万/套)
南沙金茂湾,明珠湾,南沙明珠湾灵山岛尖沙嘴中路以南,16000,在售,建面 138-230㎡,1室,南沙, 元/㎡(均价),总价455(万/套)
顺欣花园,新塘北,荔新十二路98号,14800,在售,建面 80-138㎡,"2室, 3室, 4室",增城, 元/㎡(均价),总价124.3-226(万/套)
珠光山水御苑,江浦街,广州市从化温泉大道13号,8000,在售,建面 141-171㎡,4室,从化, 元/㎡(均价),总价175(万/套)
霍英东集团·南天名苑,洛溪,洛浦街洛溪环岛北路8号,90000,在售,建面 140-480㎡,"4室, 5室",番禺, 元/㎡(均价),总价1120-6300(万/套)
合汇·中央广场,荔城中区,荔景大道合汇·中央广场,21000,在售,建面 78-174㎡,"2室, 3室, 5室",增城, 元/㎡(均价),总价267-574(万/套)
惠百氏广场,白江,增城新塘大林边路6号（13号线白江站D1口100米）,15000,在售,建面 75-130㎡,"2室, 3室",增城, 元/㎡(均价),总价126-239(万/套)
仁安花园,朱村,广州市增城区朱村街朱宁公路1号、3号、5号,11000,在售,建面 80-93㎡,"2室, 3室",增城, 元/㎡(均价),总价100-110(万/套)
珠江源昌花园,横沥,珠江街新广三路1号,20000,在售,建面 79-123㎡,"3室, 4室",南沙, 元/㎡(均价),总价235-250(万/套)
江源半岛花园,金融城,黄埔大道车陂南路1、3、5、7号(4、5号线地铁交汇处南侧),100000,在售,建面 70-127㎡,"2室, 3室",天河, 元/㎡(均价),总价630-963(万/套)
东方名都,白江,东江大道北8号,19000,在售,建面 40-142㎡,"2室, 3室, 4室",增城, 元/㎡(均价),总价200-348(万/套)
富雅都市华庭,新塘北,汇太东路233号,15600,在售,建面 38-116㎡,"1室, 3室, 4室",增城, 元/㎡(均价),总价65-220(万/套)
万科幸福誉1期,知识城,中新知识城•地铁何棠下站（麦当劳旁）,31000,在售,建面 66-166㎡,4室,黄埔, 元/㎡(均价),总价550(万/套)
雍晟岭南雅苑,江浦街,江埔街大江路13号,16000,在售,建面 89㎡,,从化, 元/㎡(均价),总价145(万/套)
臻尚苑,广州南站,广州市番禺区石壁街道石洲中路100号,28000,在售,建面 96-118㎡,"2室, 3室",番禺, 元/㎡(均价),总价280-472(万/套)
紫泉流溪湾,太平镇,105国道从化太平段紫泉流溪湾,16000,在售,建面 88-203㎡,,从化, 元/㎡(均价),总价195(万/套)
中泰天境,知识城,九龙镇萝岗广汕公路与九龙大道交汇处,23000,在售,建面 130㎡,4室,黄埔, 元/㎡(均价),总价300(万/套)
嘉御豪庭,石滩镇,石滩大道南128号,12600,在售,建面 67-133㎡,"2室, 3室, 4室",增城, 元/㎡(均价),总价97-170(万/套)
越秀星汇海珠湾,工业大道中,广州市海珠区工业大道中广纸路40号,30000,在售,建面 33-223㎡,"3室, 4室, 5室",海珠, 元/㎡(均价),总价300-750(万/套)
华海·悦湾,南沙港,广州市南沙区黄山鲁森林公园东门,17500,在售,建面 78-119㎡,"2室, 3室",南沙, 元/㎡(均价),总价130-220(万/套)
中海亚运城,亚运城,广州市番禺区康体路亚运城销售中心（4号线海傍站A出口）,25000,在售,建面 87-250㎡,"2室, 3室, 4室",番禺, 元/㎡(均价),总价200-700(万/套)
金时花园,荔城增江,增江街纬六路5号,9300,在售,建面 84-140㎡,"2室, 3室, 4室",增城, 元/㎡(均价),总价78-131(万/套)
山璟轩,新塘南,新塘镇广深大道东107号（新塘牛仔城对面）,19500,在售,建面 62-87㎡,3室,增城, 元/㎡(均价),总价120-125(万/套)
石滩第一城,石滩镇,广州市增城区石滩镇立新东路56号,12000,在售,建面 89-132㎡,3室,增城, 元/㎡(均价),总价155-160(万/套)
南沙珠江湾,南沙湾,漾滨路和海滨路交汇处,30000,在售,,,南沙, 元/㎡(均价),总价318(万/套)
景业东湖洲豪园,南沙湾,广东省广州市南沙区环市大道南横地铁站200米,26000,在售,建面 95-121㎡,3室,南沙, 元/㎡(均价),总价320-330(万/套)
珠江花城,黄村,东圃岐山183号,50000,在售,建面 76-140㎡,"3室, 4室, 5室",天河, 元/㎡(均价),总价400-900(万/套)
